Pricing_Record_ID,NDC,Pricing_Methodology,Unit_Price,Package_Price,Effective_Date,End_Date,Source_System,Last_Updated
PRC0000001,60986106546,MAC,5.0138,315.87,2025-02-15,2026-03-14,PricingFeedB,2025-08-14
PRC0000002,48791769150,AWP,3.5135,260.0,2025-07-20,2026-08-12,PricingFeedA,2025-12-13
PRC0000003,19530750922,Contract Rate,48.5885,3449.78,2025-05-03,2026-12-01,PricingFeedA,2026-05-02
PRC0000004,72171503347,NADAC,12.3309,715.19,2023-01-03,2024-06-19,PricingFeedB,2025-12-26
PRC0000005,20698353031,WAC,26.883,2096.87,2023-04-23,2023-10-19,PricingFeedB,2025-02-04
PRC0000006,38327505360,AWP,12.0071,684.4,2025-02-28,2026-08-08,PricingFeedB,2025-04-06
PRC0000007,55577596931,AWP,26.6539,1785.81,2026-03-10,2027-05-26,PricingFeedA,2026-02-14
PRC0000008,20964366855,NADAC,10.7402,461.83,2025-06-02,2026-01-16,PricingFeedB,2026-07-24
PRC0000009,72982905964,WAC,14.7426,1430.03,2025-01-05,2026-03-15,PricingFeedA,2025-09-21
PRC0000010,14612321460,MAC,6.8669,405.15,2026-04-10,2027-09-25,PricingFeedB,2025-12-10
PRC0000011,30303185760,MAC,3.0697,98.23,2025-03-26,2026-05-21,PricingFeedA,2026-04-21
PRC0000012,78234779957,NADAC,12.3482,395.14,2026-05-02,2027-02-04,PricingFeedA,2025-03-13
PRC0000013,17997612230,NADAC,1.8422,156.59,2023-07-25,2024-10-09,PricingFeedB,2026-04-24
PRC0000014,98558768029,WAC,12.9689,1011.57,2024-10-26,2026-02-16,PricingFeedA,2026-07-06
PRC0000015,21421615389,WAC,14.9157,686.12,2023-08-02,2025-06-08,PricingFeedB,2026-05-06
PRC0000016,37104711512,NADAC,12.4213,670.75,2023-07-26,2025-06-19,PricingFeedA,2025-06-28
PRC0000017,37195598538,MAC,11.674,513.66,2023-09-09,2023-12-21,PricingFeedB,2026-08-03
PRC0000018,99698815592,Contract Rate,3.8681,127.65,2026-01-17,2026-11-10,PricingFeedA,2025-05-03
PRC0000019,52550652494,NADAC,15.4477,1467.53,2024-05-20,2026-01-21,PricingFeedB,2026-04-16
PRC0000020,78677417938,AWP,4.2339,156.65,2023-05-13,2023-10-19,PricingFeedB,2026-05-23
PRC0000021,85163650917,Contract Rate,1.0662,94.89,2023-07-04,2024-01-02,PricingFeedB,2025-05-30
PRC0000022,98076393354,NADAC,20.5429,801.17,2024-07-06,2025-04-24,PricingFeedA,2026-02-13
PRC0000023,55751721745,Contract Rate,1.853,88.94,2026-02-15,2027-05-12,PricingFeedA,2026-07-03
PRC0000024,73434787752,Contract Rate,4.6249,402.37,2024-04-12,2024-08-18,PricingFeedB,2025-06-07
PRC0000025,73825238231,Contract Rate,10.9818,878.54,2024-02-15,2025-10-11,PricingFeedB,2025-12-03
PRC0000026,45654776470,NADAC,29.5798,916.97,2023-05-26,2024-05-02,PricingFeedB,2025-06-12
PRC0000027,60844107060,MAC,10.6259,871.32,2023-08-14,2024-05-04,PricingFeedA,2026-06-24
PRC0000028,99885674336,Contract Rate,21.4293,321.44,2024-11-23,2025-02-27,PricingFeedA,2025-03-28
PRC0000029,89789879626,NADAC,2.7122,89.5,2024-04-16,2026-03-23,PricingFeedB,2025-01-19
PRC0000030,42627468935,WAC,26.1574,732.41,2023-09-02,2024-12-11,PricingFeedA,2026-01-26
PRC0000031,26665254060,MAC,50.9828,1733.42,2023-06-30,2023-11-27,PricingFeedA,2025-07-29
PRC0000032,70317814977,AWP,15.1254,151.25,2024-12-04,2025-03-04,PricingFeedA,2025-07-26
PRC0000033,25092429310,NADAC,24.3328,1119.31,2024-11-29,2025-10-27,PricingFeedA,2025-12-07
PRC0000034,17813492685,WAC,9.7022,708.26,2024-03-20,2025-06-28,PricingFeedB,2025-11-03
PRC0000035,22951612888,WAC,12.7461,892.23,2025-09-24,2027-03-14,PricingFeedA,2025-06-20
PRC0000036,76115147727,NADAC,7.6381,733.26,2023-09-25,2025-05-09,PricingFeedA,2025-01-09
PRC0000037,94459224162,WAC,6.3148,195.76,2023-02-07,2023-07-14,PricingFeedB,2026-01-26
PRC0000038,65004145763,Contract Rate,15.8158,917.32,2024-01-10,2025-04-16,PricingFeedB,2025-09-27
PRC0000039,76910235985,WAC,6.546,327.3,2026-02-13,2026-09-26,PricingFeedB,2025-04-08
PRC0000040,63613240630,AWP,46.7028,2288.44,2026-03-11,2026-07-08,PricingFeedA,2025-04-11
PRC0000041,77497673240,MAC,51.6835,2170.71,2023-02-25,2024-08-18,PricingFeedB,2025-01-27
PRC0000042,82100899412,WAC,5.6518,265.63,2023-03-13,2024-06-22,PricingFeedB,2025-01-01
PRC0000043,86680432854,NADAC,3.9575,280.98,2024-10-06,2026-04-25,PricingFeedB,2025-07-31
PRC0000044,68335772779,MAC,3.9247,247.26,2026-03-04,2026-06-25,PricingFeedB,2025-09-16
PRC0000045,31028872249,WAC,7.3442,609.57,2024-09-07,2025-10-27,PricingFeedA,2025-08-20
PRC0000046,47340976831,WAC,10.7086,117.79,2025-06-19,2026-07-10,PricingFeedB,2025-10-03
PRC0000047,76053633631,NADAC,1.9821,107.03,2023-02-04,2024-05-07,PricingFeedA,2025-02-26
PRC0000048,29289502522,NADAC,13.4307,886.43,2025-05-08,2026-10-29,PricingFeedB,2026-03-05
PRC0000049,60986106546,AWP,5.9759,537.83,2024-12-29,2026-02-16,PricingFeedB,2026-02-08
PRC0000050,93322571389,WAC,2.8397,281.13,2025-01-26,2026-01-20,PricingFeedA,2026-05-29
PRC0000051,36201328832,Contract Rate,11.1875,861.44,2025-02-13,2025-09-10,PricingFeedB,2026-01-16
PRC0000052,48887377765,WAC,-8.1417,-162.83,2026-01-13,2027-01-12,PricingFeedB,2026-04-22
PRC0000053,47585215820,MAC,1.5073,143.19,2024-03-22,2024-08-23,PricingFeedB,2026-01-03
PRC0000054,15384104284,AWP,29.7306,1664.91,2024-01-21,2025-02-09,PricingFeedB,2025-09-12
PRC0000055,11713731824,NADAC,6.7618,148.76,2026-05-02,2027-02-06,PricingFeedB,2026-01-17
PRC0000056,28631979336,MAC,15.0583,301.17,2025-03-08,2025-10-08,PricingFeedA,2025-05-12
PRC0000057,25353369992,Contract Rate,4.4234,327.33,2023-10-15,2025-05-05,PricingFeedB,2025-05-21
PRC0000058,11713731824,Contract Rate,2.5441,109.4,2023-11-24,2025-11-05,PricingFeedA,2026-07-27
PRC0000059,20858309589,NADAC,31.2445,1530.98,2023-10-11,2025-03-07,PricingFeedB,2025-12-13
PRC0000060,71012800477,NADAC,9.8139,480.88,2024-10-08,2025-11-14,PricingFeedB,2025-03-07
PRC0000061,48632631955,Contract Rate,7.4911,269.68,2024-06-07,2026-04-26,PricingFeedA,2025-04-30
PRC0000062,57323670373,MAC,8.7379,699.03,2025-05-25,2027-02-04,PricingFeedA,2025-09-21
PRC0000063,33036992193,Contract Rate,5.9399,196.02,2025-03-07,2027-02-02,PricingFeedB,2025-01-27
PRC0000064,39764892488,AWP,-2.9888,-158.41,2024-10-27,2025-08-06,PricingFeedB,2026-03-19
PRC0000065,36099200846,WAC,13.936,1128.82,2025-11-11,2027-06-13,PricingFeedA,2026-08-06
PRC0000066,37986793471,AWP,17.3152,1038.91,2023-09-25,2024-05-01,PricingFeedA,2026-03-20
PRC0000067,81987321337,AWP,25.8168,2116.98,2023-02-12,2023-12-10,PricingFeedA,2025-10-15
PRC0000068,27388983519,AWP,5.1448,493.9,2025-08-13,2026-05-26,PricingFeedB,2025-09-01
PRC0000069,70400541549,MAC,2.8336,238.02,2023-12-01,2025-05-19,PricingFeedA,2025-05-23
PRC0000070,95394474535,MAC,27.3816,1861.95,2024-11-26,2026-03-04,PricingFeedB,2026-02-14
PRC0000071,73078761162,MAC,2.9549,82.74,2025-03-04,2026-02-20,PricingFeedA,2025-10-09
PRC0000072,21889957164,MAC,1.8186,74.56,2023-07-11,2024-09-26,PricingFeedA,2026-05-21
PRC0000073,60055684146,AWP,7.9232,760.63,2023-06-20,2024-03-06,PricingFeedA,2025-08-07
PRC0000074,31054839415,NADAC,2.241,73.95,2025-01-14,2026-01-31,PricingFeedA,2026-07-08
PRC0000075,68817261549,NADAC,2.6254,210.03,2025-10-12,2026-05-28,PricingFeedA,2025-04-06
PRC0000076,74385175975,NADAC,3.2494,250.2,2023-02-07,2024-06-24,PricingFeedA,2026-05-07
PRC0000077,48104454958,MAC,14.7374,589.5,2023-06-30,2024-08-12,PricingFeedA,2026-01-11
PRC0000078,48836820566,MAC,2.9744,110.05,2023-08-20,2025-03-18,PricingFeedA,2025-11-15
PRC0000079,97378960743,AWP,11.0233,540.14,2024-01-11,2025-11-07,PricingFeedA,2025-12-30
PRC0000080,29696691682,MAC,5.7109,485.43,2026-04-27,2027-12-13,PricingFeedA,2026-07-31
PRC0000081,52398869460,WAC,,113.06,2023-08-27,2024-04-10,PricingFeedB,2025-02-03
PRC0000082,58584770558,Contract Rate,45.3694,3720.29,2026-01-04,2026-09-13,PricingFeedA,2025-06-05
PRC0000083,67041360337,Contract Rate,52.0058,3328.37,2024-09-27,2025-11-17,PricingFeedA,2025-03-24
PRC0000084,23809467884,Contract Rate,16.4254,755.57,2024-07-29,2025-11-08,PricingFeedB,2025-09-09
PRC0000085,65873476990,MAC,7.8016,390.08,2024-03-20,2025-08-08,PricingFeedB,2025-06-06
PRC0000086,68817261549,MAC,4.9688,273.28,2023-08-03,2023-11-20,PricingFeedA,2026-04-25
PRC0000087,40538581357,Contract Rate,14.0077,686.38,2024-03-25,2025-02-26,PricingFeedA,2025-07-22
PRC0000088,14974572541,MAC,30.347,789.02,2026-05-17,2026-09-22,PricingFeedB,2026-07-31
PRC0000089,22109843357,AWP,18.1792,1708.84,2023-11-09,2024-09-03,PricingFeedA,2025-08-20
PRC0000090,26884937862,AWP,2.0373,103.9,2023-02-25,2025-02-02,PricingFeedA,2025-05-24
PRC0000091,86445320315,AWP,3.7915,219.91,2024-08-01,2025-04-20,PricingFeedB,2025-06-30
PRC0000092,77464349998,AWP,6.2738,470.53,2023-11-05,2024-06-20,PricingFeedA,2026-02-21
PRC0000093,31620645567,NADAC,23.7848,1855.21,2023-09-10,2024-12-10,PricingFeedA,2026-06-23
PRC0000094,81673281655,NADAC,11.4635,722.2,2026-04-21,2026-12-01,PricingFeedB,2026-03-28
PRC0000095,37173563991,AWP,8.081,525.26,2025-05-09,2026-09-10,PricingFeedA,2026-05-06
PRC0000096,12871210416,Contract Rate,0.7417,41.54,2025-12-23,2027-10-11,PricingFeedB,2025-11-20
PRC0000097,39388824427,AWP,2.4972,122.36,2025-02-23,2025-10-10,PricingFeedA,2025-01-26
PRC0000098,82475457780,MAC,6.6559,179.71,2025-09-01,2026-04-24,PricingFeedA,2026-06-03
PRC0000099,12131959374,NADAC,9.0233,243.63,2024-01-10,2025-12-06,PricingFeedB,2026-03-07
PRC0000100,51203246489,Contract Rate,7.6115,342.52,2023-06-22,2025-04-17,PricingFeedA,2025-07-05
PRC0000101,26411345874,WAC,4.543,449.76,2024-05-24,2025-01-04,PricingFeedB,2025-06-24
PRC0000102,38481272433,WAC,107.6799,3122.72,2026-04-07,2027-09-01,PricingFeedB,2025-02-01
PRC0000103,73825238231,WAC,5.6647,441.85,2025-10-21,2026-07-13,PricingFeedA,2025-04-01
PRC0000104,22965734777,Contract Rate,31.5169,2521.35,2026-03-31,2027-09-03,PricingFeedB,2025-08-13
PRC0000105,13608623051,Contract Rate,4.5117,103.77,2023-04-16,2024-06-26,PricingFeedA,2026-07-26
PRC0000106,99873357727,AWP,6.3141,530.38,2025-04-03,2025-11-08,PricingFeedA,2025-04-03
PRC0000107,60856152434,WAC,15.6903,1396.44,2026-01-13,2027-09-02,PricingFeedA,2025-05-29
PRC0000108,48051460965,MAC,1.8838,24.49,2026-01-01,2026-12-25,PricingFeedA,2025-02-15
PRC0000109,84799902623,NADAC,6.7609,655.81,2025-12-31,2027-12-13,PricingFeedB,2025-12-06
PRC0000110,59783584950,NADAC,60.8137,5108.35,2024-12-16,2025-11-28,PricingFeedA,2026-02-17
PRC0000111,20698353031,WAC,4.2159,164.42,2023-10-24,2024-06-09,PricingFeedB,2025-09-03
PRC0000112,11616709896,AWP,0.9917,13.88,2024-02-10,2025-10-23,PricingFeedB,2025-06-29
PRC0000113,62299475227,AWP,0.9516,81.84,2023-10-03,2025-07-27,PricingFeedB,2025-05-16
PRC0000114,74737938088,Contract Rate,16.8669,573.47,2025-08-02,2025-12-08,PricingFeedA,2025-07-09
PRC0000115,77464349998,MAC,4.6425,413.18,2026-04-04,2028-01-02,PricingFeedB,2025-09-23
PRC0000116,40943424631,Contract Rate,9.3247,531.51,2023-09-30,2024-08-25,PricingFeedB,2025-11-28
PRC0000117,38721413264,AWP,5.7975,260.89,2023-07-06,2025-05-23,PricingFeedA,2025-03-15
PRC0000118,73046419016,WAC,6.4555,639.09,2025-11-07,2027-10-18,PricingFeedB,2025-12-08
PRC0000119,33948932149,WAC,60.9062,2679.87,2023-03-25,2024-08-27,PricingFeedA,2025-01-11
PRC0000120,87245844734,MAC,3.3074,224.9,2026-04-08,2026-09-28,PricingFeedA,2026-03-31
PRC0000121,39273980031,WAC,2.481,62.02,2026-01-26,2027-02-02,PricingFeedA,2026-01-25
PRC0000122,86150728282,MAC,0.6628,58.99,2025-12-19,2026-03-24,PricingFeedB,2025-04-04
PRC0000123,86832223497,Contract Rate,,1202.81,2024-08-22,2025-01-08,PricingFeedA,2025-11-03
PRC0000124,24069146482,AWP,23.343,2217.59,2023-05-06,2024-12-11,PricingFeedB,2025-05-11
PRC0000125,97763307131,WAC,2.2582,79.04,2025-12-29,2027-06-15,PricingFeedA,2025-04-03
PRC0000126,46449302181,MAC,10.4185,614.69,2025-04-23,2026-03-17,PricingFeedA,2025-11-26
PRC0000127,80822802269,AWP,8.3568,493.05,2023-03-05,2024-08-24,PricingFeedB,2025-11-28
PRC0000128,95762624064,Contract Rate,4.4666,379.66,2023-03-13,2024-05-29,PricingFeedA,2025-07-02
PRC0000129,48777918537,MAC,2.1104,204.71,2025-06-01,2026-05-28,PricingFeedA,2025-01-25
PRC0000130,99282121398,MAC,5.3405,293.73,2025-02-05,2025-12-08,PricingFeedA,2025-09-20
PRC0000131,12131959374,MAC,15.4338,432.15,2025-04-18,2025-07-27,PricingFeedA,2025-12-01
PRC0000132,95141181032,MAC,8.176,114.46,2024-03-31,2024-09-05,PricingFeedB,2025-09-22
PRC0000133,58257248865,NADAC,4.6286,319.37,2025-10-09,2027-03-20,PricingFeedB,2025-01-21
PRC0000134,24959442831,MAC,42.5336,2466.95,2026-02-03,2027-03-16,PricingFeedA,2025-09-19
PRC0000135,93234720318,MAC,20.7089,1283.95,2024-01-23,2024-08-11,PricingFeedB,2025-08-26
PRC0000136,38649367251,Contract Rate,34.4734,413.68,2024-05-27,2026-02-06,PricingFeedA,2026-01-16
PRC0000137,41367605024,MAC,50.4273,3933.33,2024-04-07,2025-03-25,PricingFeedA,2026-03-12
PRC0000138,21137610492,MAC,2.0538,98.58,2025-11-03,2027-10-02,PricingFeedA,2025-05-21
PRC0000139,97162450186,AWP,23.0978,623.64,2024-09-20,2025-11-04,PricingFeedB,2026-05-04
PRC0000140,35251160755,MAC,0.8372,59.44,2025-03-22,2025-11-22,PricingFeedA,2025-05-04
PRC0000141,13608623051,WAC,10.9377,393.76,2023-08-21,2024-02-06,PricingFeedA,2025-09-14
PRC0000142,44770351942,WAC,5.2254,198.57,2023-02-25,2024-12-06,PricingFeedA,2025-03-24
PRC0000143,49954258793,MAC,3.5149,189.8,2023-10-04,2025-07-29,PricingFeedA,2026-08-15
PRC0000144,36527120523,Contract Rate,6.9991,412.95,2024-08-19,2026-04-16,PricingFeedA,2025-04-21
PRC0000145,61820941754,NADAC,12.6394,278.07,2023-04-10,2024-09-28,PricingFeedA,2025-12-02
PRC0000146,60844107060,AWP,10.405,187.29,2024-04-12,2024-12-11,PricingFeedA,2026-06-17
PRC0000147,79510138828,Contract Rate,3.2321,226.25,2025-07-06,2027-05-21,PricingFeedB,2025-02-28
PRC0000148,25904761313,MAC,4.7983,273.5,2024-05-17,2026-03-17,PricingFeedB,2026-04-17
PRC0000149,36099200846,AWP,2.4729,56.88,2023-11-11,2024-09-10,PricingFeedA,2026-01-03
PRC0000150,26665254060,WAC,4.998,359.86,2026-04-08,2027-01-21,PricingFeedA,2026-02-28
PRC0000151,12914717458,AWP,68.4585,3765.22,2024-07-23,2025-07-12,PricingFeedB,2026-02-03
PRC0000152,76115147727,WAC,9.2746,881.09,2024-05-15,2024-12-10,PricingFeedB,2026-01-28
PRC0000153,96688660979,NADAC,15.1727,986.23,2024-12-21,2026-06-04,PricingFeedB,2026-07-05
PRC0000154,29471563846,MAC,9.7515,906.89,2024-09-23,2026-07-24,PricingFeedA,2026-08-02
PRC0000155,52259816026,AWP,6.7104,509.99,2026-01-19,2027-01-07,PricingFeedA,2026-05-27
PRC0000156,33036992193,NADAC,9.4361,764.32,2023-04-16,2024-07-30,PricingFeedB,2025-11-28
PRC0000157,96685314635,Contract Rate,9.7078,407.73,2026-03-29,2028-01-11,PricingFeedB,2026-07-18
PRC0000158,33502745180,MAC,9.7033,194.07,2023-06-26,2025-03-06,PricingFeedA,2026-04-11
PRC0000159,10581609776,AWP,2.1145,183.96,2023-05-24,2025-03-19,PricingFeedA,2026-07-08
PRC0000160,14041368848,WAC,8.2545,792.43,2023-01-21,2023-06-24,PricingFeedA,2025-05-25
PRC0000161,36001690590,WAC,7.3475,565.76,2025-11-24,2027-08-02,PricingFeedA,2026-06-06
PRC0000162,89864963195,AWP,7.5953,569.65,2024-06-02,2025-05-16,PricingFeedB,2025-11-02
PRC0000163,97142643090,AWP,4.7391,331.74,2024-08-22,2025-04-24,PricingFeedB,2025-06-20
PRC0000164,58257248865,MAC,8.84,371.28,2024-04-11,2024-08-01,PricingFeedA,2025-03-10
PRC0000165,58257248865,WAC,205.9168,4942.0,2023-02-19,2024-12-17,PricingFeedB,2025-06-26
PRC0000166,33167573583,WAC,7.6682,444.76,2025-03-15,2025-06-17,PricingFeedB,2026-03-21
PRC0000167,92965682838,NADAC,3.0875,253.17,2023-01-27,2023-06-17,PricingFeedA,2025-12-11
PRC0000168,93026770242,NADAC,21.3899,834.21,2024-04-11,2025-01-15,PricingFeedA,2025-02-21
PRC0000169,61425622844,Contract Rate,7.5682,128.66,2025-03-05,2025-08-09,PricingFeedA,2026-07-19
PRC0000170,97829657184,MAC,5.014,330.92,2025-01-09,2026-02-24,PricingFeedA,2026-07-22
PRC0000171,96012885450,WAC,70.4808,5638.46,2025-10-05,2027-07-15,PricingFeedB,2026-01-04
PRC0000172,78677417938,AWP,29.4403,1324.81,2024-01-09,2024-10-07,PricingFeedB,2026-01-20
PRC0000173,67413273786,AWP,2.6765,173.97,2026-02-22,2026-11-14,PricingFeedB,2026-01-11
PRC0000174,58914968790,Contract Rate,6.5065,149.65,2025-05-01,2025-10-25,PricingFeedB,2025-02-10
PRC0000175,15897986050,Contract Rate,3.0887,120.46,2023-04-22,2023-09-29,PricingFeedB,2025-06-12
PRC0000176,17029875612,MAC,28.5286,1283.79,2023-11-30,2024-06-10,PricingFeedA,2025-11-12
PRC0000177,74618978456,NADAC,47.937,1486.05,2025-10-21,2027-09-19,PricingFeedB,2026-06-29
PRC0000178,10731878875,NADAC,13.1156,1259.1,2023-01-26,2024-10-01,PricingFeedA,2025-06-23
PRC0000179,73418540749,AWP,14.6008,160.61,2025-11-21,2026-04-27,PricingFeedB,2026-04-27
PRC0000180,92233526721,NADAC,26.6895,2241.92,2023-08-02,2024-12-23,PricingFeedA,2025-01-28
PRC0000181,19696653191,MAC,3.9233,62.77,2023-04-26,2023-11-22,PricingFeedB,2026-05-02
PRC0000182,37085218953,Contract Rate,12.6486,1163.67,2025-10-13,2027-03-27,PricingFeedA,2025-03-29
PRC0000183,99706788130,Contract Rate,29.5508,1684.4,2024-11-28,2025-12-31,PricingFeedB,2025-06-12
PRC0000184,73812149827,NADAC,26.631,1597.86,2025-07-05,2027-02-23,PricingFeedB,2025-07-01
PRC0000185,60804702793,Contract Rate,37.4843,1986.67,2023-12-06,2024-03-12,PricingFeedA,2025-03-01
PRC0000186,48887377765,AWP,2.4326,92.44,2026-01-12,2027-03-31,PricingFeedB,2026-07-27
PRC0000187,21243727554,AWP,3.55,244.95,2023-04-30,2024-05-19,PricingFeedA,2026-04-28
PRC0000188,84458290728,WAC,33.7439,2395.82,2023-01-10,2023-09-06,PricingFeedA,2025-04-25
PRC0000189,36163874460,MAC,120.0214,4080.73,2025-04-24,2027-03-12,PricingFeedB,2025-11-27
PRC0000190,94599568355,AWP,7.6818,752.82,2025-02-10,2026-12-06,PricingFeedB,2026-04-06
PRC0000191,12871210416,AWP,3.4961,73.42,2024-08-23,2025-08-04,PricingFeedB,2025-07-23
PRC0000192,98558768029,MAC,7.1059,632.43,2025-06-19,2027-02-18,PricingFeedA,2025-07-09
PRC0000193,96515232917,Contract Rate,4.1385,124.15,2025-08-23,2026-08-14,PricingFeedB,2025-04-07
PRC0000194,43371264292,Contract Rate,20.1784,807.14,2024-05-31,2026-04-01,PricingFeedA,2026-03-24
PRC0000195,36527120523,MAC,7.2875,553.85,2024-10-17,2025-01-15,PricingFeedA,2025-08-29
PRC0000196,96338320268,MAC,5.6108,342.26,2023-12-21,2025-01-28,PricingFeedB,2026-07-07
PRC0000197,73362282174,NADAC,15.5161,760.29,2024-09-16,2024-12-17,PricingFeedA,2025-03-13
PRC0000198,34027958339,AWP,5.2591,399.69,2023-02-20,2024-03-26,PricingFeedA,2025-09-19
PRC0000199,11417343618,MAC,22.1384,531.32,2025-05-02,2026-09-25,PricingFeedA,2025-09-14
PRC0000200,16463469022,WAC,4.9509,391.12,2024-12-11,2025-04-08,PricingFeedB,2025-02-13
PRC0000201,11616709896,Contract Rate,10.4457,1023.68,2026-05-07,2028-02-09,PricingFeedB,2025-02-14
PRC0000202,92043205735,NADAC,3.1474,59.8,2026-02-10,2026-10-18,PricingFeedB,2025-11-15
PRC0000203,78831371488,WAC,1.4347,117.65,2025-11-14,2026-02-24,PricingFeedB,2025-12-31
PRC0000204,40842594127,Contract Rate,4.7939,302.02,2024-02-22,2024-09-25,PricingFeedA,2026-03-28
PRC0000205,40837522788,NADAC,8.1095,567.67,2026-04-01,2027-02-10,PricingFeedA,2026-07-22
PRC0000206,24959442831,MAC,38.8309,660.13,2025-05-05,2026-02-12,PricingFeedA,2025-06-26
PRC0000207,79715188913,NADAC,6.1976,384.25,2023-06-16,2024-08-03,PricingFeedB,2025-10-20
PRC0000208,32903672787,WAC,0.2164,12.12,2025-04-29,2025-09-02,PricingFeedB,2025-01-18
PRC0000209,36069903176,WAC,16.1215,628.74,2023-04-08,2024-06-06,PricingFeedB,2026-01-27
PRC0000210,43701205518,NADAC,3.272,265.03,2025-09-17,2027-02-05,PricingFeedB,2026-03-09
PRC0000211,59002120957,MAC,5.3088,58.4,2024-01-18,2025-10-27,PricingFeedA,2026-06-10
PRC0000212,35021253272,WAC,20.5157,1066.82,2024-12-07,2025-08-23,PricingFeedB,2026-04-12
PRC0000213,59778965268,WAC,11.8044,649.24,2023-07-21,2025-04-10,PricingFeedA,2025-01-24
PRC0000214,18554568464,MAC,11.383,182.13,2026-05-03,2028-04-09,PricingFeedB,2025-10-09
PRC0000215,56133530192,NADAC,6.4038,115.27,2023-09-02,2024-12-31,PricingFeedA,2025-10-11
PRC0000216,20641978938,MAC,0.7139,21.42,2025-04-13,2026-07-29,PricingFeedB,2025-03-06
PRC0000217,44151264671,AWP,2.7225,65.34,2024-07-14,2024-11-13,PricingFeedB,2025-12-04
PRC0000218,54705453523,AWP,3.3578,245.12,2024-12-08,2026-02-01,PricingFeedB,2026-05-13
PRC0000219,98697873751,WAC,13.9925,349.81,2024-04-16,2025-12-07,PricingFeedA,2025-12-14
PRC0000220,66586455165,MAC,11.1072,444.29,2024-04-29,2026-02-07,PricingFeedA,2025-05-29
PRC0000221,44211207023,NADAC,25.8795,2070.36,2026-04-02,2026-10-11,PricingFeedA,2025-11-30
PRC0000222,64943476728,AWP,3.0133,177.78,2025-06-25,2027-06-11,PricingFeedA,2026-04-15
PRC0000223,84458290728,AWP,3.4747,191.11,2025-12-02,2026-08-25,PricingFeedB,2025-04-28
PRC0000224,25094254121,MAC,12.1476,983.96,2026-05-11,2026-12-09,PricingFeedB,2025-07-10
PRC0000225,27388983519,NADAC,19.0849,1278.69,2023-02-24,2023-10-19,PricingFeedB,2026-01-30
PRC0000226,15947426010,Contract Rate,21.3839,983.66,2024-05-07,2025-06-17,PricingFeedA,2025-03-24
PRC0000227,54293312163,NADAC,2.0084,162.68,2025-05-20,2026-11-15,PricingFeedB,2026-05-09
PRC0000228,24721435259,NADAC,4.8205,115.69,2023-07-31,2025-01-25,PricingFeedA,2025-04-06
PRC0000229,43240994052,Contract Rate,52.5603,1892.17,2025-09-30,2027-03-07,PricingFeedA,2026-07-06
PRC0000230,14612321460,AWP,6.4516,316.13,2023-05-05,2024-12-02,PricingFeedA,2025-05-21
PRC0000231,70317814977,Contract Rate,1.5423,47.81,2025-07-20,2027-05-10,PricingFeedA,2026-07-13
PRC0000232,65966563490,MAC,5.8417,93.47,2025-12-22,2026-06-24,PricingFeedB,2026-08-15
PRC0000233,77447650355,Contract Rate,9.0795,136.19,2025-06-23,2026-06-12,PricingFeedA,2025-08-28
PRC0000234,99024156725,Contract Rate,20.4932,635.29,2025-11-14,2027-08-29,PricingFeedB,2025-01-24
PRC0000235,97829657184,WAC,40.7045,3989.04,2024-10-13,2025-05-31,PricingFeedA,2025-12-15
PRC0000236,40081577678,NADAC,11.5589,1086.54,2025-02-02,2026-10-25,PricingFeedA,2026-02-05
PRC0000237,38649367251,MAC,11.4531,572.65,2024-08-13,2026-05-20,PricingFeedB,2025-07-27
PRC0000238,45395582883,NADAC,11.0436,817.23,2023-07-21,2024-03-20,PricingFeedA,2025-10-12
PRC0000239,25975107640,WAC,33.1814,2720.87,2023-08-28,2024-12-15,PricingFeedB,2026-05-11
PRC0000240,21137610492,WAC,12.6401,543.52,2024-04-16,2025-12-16,PricingFeedB,2025-03-07
PRC0000241,37677228163,MAC,13.6188,544.75,2024-11-05,2025-06-08,PricingFeedB,2026-01-30
PRC0000242,18032796468,WAC,8.8191,493.87,2026-01-11,2027-03-13,PricingFeedB,2025-03-07
PRC0000243,79480401968,Contract Rate,4.8997,49.0,2023-09-21,2024-02-02,PricingFeedB,2026-08-13
PRC0000244,99603627774,NADAC,7.1801,452.35,2026-05-22,2026-09-13,PricingFeedA,2025-05-28
PRC0000245,48836820566,AWP,2.5339,119.09,2025-05-30,2026-04-15,PricingFeedA,2025-12-20
PRC0000246,68335772779,MAC,15.1479,1348.16,2026-03-29,2027-01-04,PricingFeedA,2026-02-10
PRC0000247,25871240147,AWP,20.8421,2042.53,2023-01-29,2024-03-27,PricingFeedB,2026-05-16
PRC0000248,23809467884,MAC,7.1487,164.42,2023-10-15,2025-09-16,PricingFeedA,2025-11-10
PRC0000249,92131319328,AWP,2.1896,41.6,2023-06-29,2024-01-09,PricingFeedA,2026-06-08
PRC0000250,76954397631,WAC,9.5408,801.43,2024-03-25,2024-10-13,PricingFeedA,2026-07-13
PRC0000251,20662343885,NADAC,5.7693,242.31,2025-01-01,2026-10-20,PricingFeedA,2026-01-17
PRC0000252,73921220685,NADAC,0.4781,19.12,2024-07-06,2026-01-25,PricingFeedA,2025-07-26
PRC0000253,49954258793,AWP,4.8923,141.88,2025-08-04,2026-09-14,PricingFeedB,2026-06-09
PRC0000254,74966631014,MAC,4.0349,391.39,2023-08-04,2025-07-04,PricingFeedA,2026-01-07
PRC0000255,18466794989,WAC,146.2903,2925.81,2023-09-04,2025-07-04,PricingFeedA,2026-03-04
PRC0000256,17127788461,WAC,25.5055,1071.23,2025-10-01,2026-08-15,PricingFeedA,2025-01-02
PRC0000257,64943476728,Contract Rate,3.6264,105.17,2023-09-21,2025-05-24,PricingFeedA,2025-06-29
PRC0000258,34666508457,Contract Rate,1.1259,102.46,2023-08-23,2025-07-05,PricingFeedB,2025-06-06
PRC0000259,40842594127,NADAC,7.0467,373.48,2024-08-26,2025-09-12,PricingFeedA,2025-07-14
PRC0000260,91808313574,Contract Rate,43.0431,4261.27,2024-12-16,2025-08-24,PricingFeedA,2026-03-22
PRC0000261,96593890261,AWP,3.8768,182.21,2024-06-16,2025-06-05,PricingFeedA,2025-03-04
PRC0000262,41577281759,WAC,2.9271,67.32,2025-12-31,2026-10-09,PricingFeedB,2025-03-26
PRC0000263,27990184869,Contract Rate,3.1265,121.93,2023-04-28,2024-03-01,PricingFeedB,2026-03-06
PRC0000264,51498372568,WAC,17.1733,1442.56,2025-07-06,2026-03-08,PricingFeedB,2025-10-08
PRC0000265,12371232115,WAC,10.5484,601.26,2024-12-14,2026-08-05,PricingFeedB,2025-06-28
PRC0000266,91237315897,AWP,4.3164,345.31,2024-10-11,2026-08-12,PricingFeedA,2025-04-20
PRC0000267,60441392789,Contract Rate,0.4631,43.07,2023-05-11,2024-08-31,PricingFeedA,2025-05-19
PRC0000268,22522938085,Contract Rate,66.5321,5655.23,2024-03-23,2025-02-15,PricingFeedA,2025-12-15
PRC0000269,18150603280,WAC,11.0462,729.05,2023-11-22,2024-03-09,PricingFeedB,2025-12-20
PRC0000270,60986106546,MAC,4.5547,200.41,2025-11-03,2026-08-24,PricingFeedA,2025-04-03
PRC0000271,36527120523,WAC,9.6106,518.97,2023-10-10,2024-10-20,PricingFeedB,2026-04-17
PRC0000272,25092429310,MAC,2.3861,121.69,2025-07-04,2027-04-16,PricingFeedB,2025-02-21
PRC0000273,26851855697,MAC,11.0468,596.53,2023-10-02,2025-01-10,PricingFeedA,2025-03-17
PRC0000274,78677417938,UNKNOWN_METHOD,3.1947,252.38,2023-12-26,2025-09-30,PricingFeedB,2025-04-12
PRC0000275,14627431869,NADAC,11.777,836.17,2023-10-10,2025-05-10,PricingFeedA,2025-08-16
PRC0000276,68129441146,AWP,4.1097,312.34,2023-04-05,2025-01-15,PricingFeedB,2025-07-07
PRC0000277,94306492934,NADAC,10.5462,1033.53,2026-03-12,2027-04-12,PricingFeedB,2025-04-11
PRC0000278,34198319284,MAC,1.5361,53.76,2025-09-11,2026-01-18,PricingFeedB,2026-04-28
PRC0000279,17001221267,AWP,22.7942,387.5,2023-11-28,2025-03-13,PricingFeedB,2025-11-02
PRC0000280,10581609776,MAC,20.9669,293.54,2024-04-10,2025-02-25,PricingFeedA,2025-09-15
PRC0000281,51057281520,NADAC,2.9554,260.08,2024-12-04,2026-09-23,PricingFeedB,2026-04-09
PRC0000282,25353369992,MAC,18.02,738.82,2023-08-25,2023-11-27,PricingFeedA,2025-01-31
PRC0000283,93733534314,MAC,3.3113,56.29,2025-12-19,2026-11-20,PricingFeedB,2025-04-23
PRC0000284,18032796468,MAC,8.8104,537.43,2023-09-22,2024-02-27,PricingFeedB,2026-08-09
PRC0000285,23885768970,MAC,10.9872,758.12,2025-11-27,2027-03-17,PricingFeedB,2026-01-13
PRC0000286,82051876664,Contract Rate,11.8819,867.38,2023-02-09,2024-08-14,PricingFeedB,2025-10-20
PRC0000287,89918102779,Contract Rate,10.111,798.77,2023-11-20,2024-08-02,PricingFeedA,2025-07-04
PRC0000288,48887377765,Contract Rate,2.7118,46.1,2025-09-24,2026-10-14,PricingFeedA,2026-07-13
PRC0000289,52259816026,AWP,11.2239,718.33,2025-11-01,2027-03-07,PricingFeedA,2026-03-18
PRC0000290,24897240235,AWP,2.5929,150.39,2023-11-02,2024-05-11,PricingFeedA,2025-07-28
PRC0000291,93669729418,NADAC,9.16,732.8,2023-08-24,2024-11-12,PricingFeedA,2026-05-27
PRC0000292,73418540749,MAC,18.4196,1013.08,2024-12-16,2026-06-16,PricingFeedB,2025-01-19
PRC0000293,74192691278,Contract Rate,22.215,1310.68,2023-12-05,2024-10-10,PricingFeedA,2025-03-15
PRC0000294,94403244960,NADAC,6.7719,616.24,2025-09-18,2026-08-23,PricingFeedB,2026-06-24
PRC0000295,99706788130,NADAC,6.6695,213.42,2025-02-20,2025-09-10,PricingFeedB,2025-06-07
PRC0000296,41217651162,Contract Rate,7.5955,432.94,2024-10-03,2025-11-18,PricingFeedB,2026-08-15
PRC0000297,24069146482,MAC,6.7806,359.37,2025-09-17,2026-10-06,PricingFeedA,2025-06-11
PRC0000298,97361501089,NADAC,2.0727,201.05,2026-05-11,2027-04-13,PricingFeedB,2025-01-11
PRC0000299,14432106343,AWP,8.3466,701.11,2024-05-09,2025-01-03,PricingFeedB,2026-08-09
PRC0000300,62840208185,WAC,2.6616,178.33,2024-10-15,2026-09-28,PricingFeedA,2026-05-09
PRC0000301,80550996369,MAC,12.603,378.09,2024-09-20,2026-06-01,PricingFeedA,2026-04-15
PRC0000302,48520467193,AWP,6.4769,453.38,2024-01-03,2024-08-18,PricingFeedA,2025-04-01
PRC0000303,22620625618,Contract Rate,14.9875,899.25,2023-04-03,2023-08-08,PricingFeedB,2025-06-29
PRC0000304,60986106546,AWP,2.3771,47.54,2023-03-14,2024-10-20,PricingFeedB,2026-07-05
PRC0000305,98244356040,MAC,9.9091,654.0,2024-02-03,2025-11-14,PricingFeedB,2026-06-04
PRC0000306,92131319328,MAC,12.8768,1094.53,2026-01-15,2026-10-11,PricingFeedA,2025-03-30
PRC0000307,97142643090,Contract Rate,13.3671,133.67,2025-04-27,2026-01-11,PricingFeedA,2025-02-16
PRC0000308,19307837771,MAC,60.8282,4318.8,2025-03-16,2026-12-07,PricingFeedA,2025-05-04
PRC0000309,70613545988,AWP,7.8138,523.52,2023-12-03,2024-10-04,PricingFeedB,2025-06-25
PRC0000310,81276626479,MAC,23.9856,479.71,2025-06-08,2025-11-13,PricingFeedA,2025-07-30
PRC0000311,14420419723,Contract Rate,6.0554,435.99,2024-02-04,2024-12-09,PricingFeedB,2026-05-04
PRC0000312,31106224472,MAC,8.0081,80.08,2025-10-02,2027-08-15,PricingFeedA,2025-06-16
PRC0000313,40895504647,Contract Rate,11.1043,688.47,2023-07-03,2024-11-10,PricingFeedB,2025-02-10
PRC0000314,26884937862,NADAC,9.4241,131.94,2026-01-07,2027-07-06,PricingFeedA,2025-11-10
PRC0000315,86445320315,MAC,12.2523,955.68,2026-03-25,2028-02-26,PricingFeedA,2025-09-01
PRC0000316,26851855697,NADAC,9.3287,363.82,2024-11-29,2026-01-30,PricingFeedB,2025-07-22
PRC0000317,44983140537,NADAC,2.0222,139.53,2023-05-26,2024-04-01,PricingFeedB,2025-09-19
PRC0000318,28309735158,NADAC,6.6243,251.72,2024-08-12,2025-11-21,PricingFeedA,2026-04-09
PRC0000319,92894865154,NADAC,9.6168,269.27,2023-07-13,2024-10-10,PricingFeedB,2026-04-10
PRC0000320,33349215114,MAC,9.0069,306.23,2024-06-29,2024-09-30,PricingFeedB,2025-09-19
PRC0000321,48045569225,AWP,34.1245,1842.72,2025-08-03,2027-02-09,PricingFeedB,2025-05-04
PRC0000322,63060557974,Contract Rate,12.8415,475.14,2024-10-27,2025-12-10,PricingFeedA,2025-10-21
PRC0000323,96381286924,AWP,1.22,50.02,2024-03-25,2025-04-17,PricingFeedB,2025-09-22
PRC0000324,40965220919,MAC,12.4964,1237.14,2025-08-13,2026-08-23,PricingFeedB,2026-03-30
PRC0000325,41217651162,WAC,8.7738,631.71,2025-04-24,2025-11-04,PricingFeedA,2026-06-18
PRC0000326,98953435785,Contract Rate,1.0446,43.87,2023-05-04,2024-01-19,PricingFeedB,2025-05-04
PRC0000327,36001690590,AWP,13.3009,1250.28,2026-01-10,2027-10-18,PricingFeedB,2025-12-03
PRC0000328,76440908482,NADAC,1.9403,42.69,2024-03-07,2025-04-15,PricingFeedB,2025-11-05
PRC0000329,74584984923,NADAC,16.9234,558.47,2026-03-07,2028-02-06,PricingFeedA,2025-10-29
PRC0000330,99511771384,NADAC,6.5449,569.41,2023-09-28,2025-04-14,PricingFeedB,2026-03-20
PRC0000331,50461794847,NADAC,2.523,166.52,2024-05-04,2025-03-01,PricingFeedA,2025-12-26
PRC0000332,22287685065,WAC,3.0286,187.77,2025-10-18,2026-10-02,PricingFeedA,2025-04-30
PRC0000333,87180850251,MAC,1.4444,125.66,2023-12-30,2025-11-13,PricingFeedA,2025-09-05
PRC0000334,66961165235,NADAC,14.2209,753.71,2026-03-13,2027-08-17,PricingFeedA,2025-03-21
PRC0000335,40538581357,WAC,2.1324,68.24,2023-02-21,2024-07-04,PricingFeedB,2025-11-10
PRC0000336,50461794847,NADAC,2.932,228.7,2025-02-26,2025-07-20,PricingFeedA,2026-06-16
PRC0000337,45395582883,MAC,9.1064,109.28,2025-02-07,2026-12-04,PricingFeedA,2025-11-18
PRC0000338,65593261567,NADAC,9.1253,182.51,2025-03-11,2026-04-16,PricingFeedB,2026-08-06
PRC0000339,41274493097,AWP,31.2194,2403.89,2024-10-17,2026-01-19,PricingFeedA,2026-03-28
PRC0000340,75769382415,WAC,16.2276,778.92,2024-04-20,2024-12-13,PricingFeedA,2025-01-21
PRC0000341,14904163164,WAC,1.9617,100.05,2025-10-05,2026-05-16,PricingFeedA,2026-06-17
PRC0000342,57344228998,NADAC,10.0818,937.61,2026-04-15,2026-10-03,PricingFeedA,2025-01-14
PRC0000343,70483244548,AWP,16.4929,560.76,2025-10-12,2027-07-27,PricingFeedB,2025-11-15
PRC0000344,76324394748,NADAC,10.8616,890.65,2025-05-06,2025-10-31,PricingFeedA,2025-02-22
PRC0000345,94144432921,Contract Rate,9.4056,573.74,2025-02-18,2025-07-20,PricingFeedB,2026-02-08
PRC0000346,43873981962,NADAC,4.0719,179.16,2024-02-06,2025-12-04,PricingFeedA,2025-10-31
PRC0000347,39273980031,AWP,3.1155,102.81,2024-05-07,2026-01-25,PricingFeedA,2026-04-27
PRC0000348,92043205735,AWP,4.2713,46.98,2023-04-24,2024-08-11,PricingFeedB,2025-05-19
PRC0000349,99532189053,AWP,12.4769,1160.35,2024-06-27,2025-10-29,PricingFeedA,2025-02-24
PRC0000350,76841912411,MAC,23.3308,2029.78,2025-03-08,2026-01-16,PricingFeedB,2026-02-18
PRC0000351,81214270455,Contract Rate,5.4634,234.93,2026-02-07,2026-09-15,PricingFeedA,2025-10-24
PRC0000352,92131319328,Contract Rate,2.703,156.77,2025-02-26,2026-10-01,PricingFeedB,2026-03-10
PRC0000353,37986793471,AWP,3.9656,301.39,2026-04-09,2026-10-30,PricingFeedB,2025-08-05
PRC0000354,75031842748,WAC,11.7933,318.42,2023-01-31,2023-08-03,PricingFeedB,2026-05-02
PRC0000355,41290491468,NADAC,5.3741,96.73,2023-03-21,2024-08-29,PricingFeedB,2025-12-11
PRC0000356,91636397347,MAC,7.9956,559.69,2025-03-18,2026-03-19,PricingFeedA,2025-07-05
PRC0000357,19307837771,AWP,8.9795,466.93,2023-02-22,2023-09-02,PricingFeedB,2025-01-18
PRC0000358,94459224162,AWP,2.5229,35.32,2023-04-11,2024-09-01,PricingFeedA,2026-07-10
PRC0000359,94306492934,MAC,6.0063,282.3,2026-04-30,2027-06-28,PricingFeedB,2026-07-29
PRC0000360,32903672787,MAC,60.9612,3962.48,2025-05-24,2026-02-26,PricingFeedA,2026-04-09
PRC0000361,34030808751,MAC,9.0085,117.11,2025-07-11,2027-05-14,PricingFeedB,2026-05-31
PRC0000362,47040255743,NADAC,42.133,3876.24,2023-04-25,2024-06-20,PricingFeedA,2026-07-10
PRC0000363,37535827761,WAC,16.1026,338.15,2024-06-22,2025-10-22,PricingFeedB,2025-02-02
PRC0000364,38999870858,AWP,,710.56,2024-10-07,2026-05-25,PricingFeedB,2025-12-22
PRC0000365,79539911319,Contract Rate,11.9788,922.37,2025-02-08,2026-09-18,PricingFeedB,2026-07-11
PRC0000366,96515232917,Contract Rate,14.9058,357.74,2023-09-13,2024-02-20,PricingFeedB,2025-10-20
PRC0000367,39238700621,NADAC,2.8737,28.74,2025-06-08,2027-03-09,PricingFeedA,2025-02-17
PRC0000368,29696691682,NADAC,4.3271,337.51,2024-12-21,2026-06-06,PricingFeedA,2026-03-18
PRC0000369,55068365571,Contract Rate,2.5166,128.35,2025-03-15,2025-09-21,PricingFeedA,2026-05-26
PRC0000370,68484176329,AWP,,947.57,2023-04-20,2023-10-19,PricingFeedB,2025-05-08
PRC0000371,36527120523,Contract Rate,2.385,197.95,2025-09-09,2027-01-22,PricingFeedB,2026-04-05
PRC0000372,44605799615,WAC,60.0686,901.03,2025-05-17,2026-09-30,PricingFeedB,2025-06-14
PRC0000373,81267869985,NADAC,6.5945,105.51,2025-06-02,2026-05-24,PricingFeedB,2025-10-07
PRC0000374,26718530956,AWP,21.9369,2084.01,2025-02-24,2026-11-16,PricingFeedB,2026-04-03
PRC0000375,22934703171,AWP,13.5636,895.2,2026-02-10,2026-11-27,PricingFeedA,2025-04-11
PRC0000376,84335217948,NADAC,11.6201,348.6,2025-08-19,2026-03-28,PricingFeedB,2025-10-14
PRC0000377,20858309589,AWP,4.6606,233.03,2026-04-01,2028-01-10,PricingFeedA,2026-03-10
PRC0000378,20269556375,NADAC,27.6225,773.43,2024-10-13,2026-05-17,PricingFeedB,2025-07-26
PRC0000379,27306655329,MAC,50.6412,4051.3,2024-01-31,2024-07-09,PricingFeedA,2026-05-23
PRC0000380,67413273786,WAC,16.2939,293.29,2025-04-16,2026-04-25,PricingFeedA,2025-04-14
PRC0000381,94197527115,UNKNOWN_METHOD,15.9016,970.0,2025-03-10,2026-01-18,PricingFeedB,2025-09-28
PRC0000382,44872908135,Contract Rate,30.4472,1339.68,2025-09-07,2027-04-18,PricingFeedB,2025-01-17
PRC0000383,89346159852,AWP,49.247,984.94,2023-04-15,2023-09-30,PricingFeedA,2025-08-09
PRC0000384,93243253281,AWP,9.6072,931.9,2023-06-27,2024-02-05,PricingFeedA,2026-07-29
PRC0000385,92945796828,MAC,4.3186,177.06,2023-04-11,2023-10-28,PricingFeedB,2025-12-03
PRC0000386,73921220685,WAC,1.4695,96.99,2023-08-05,2025-01-05,PricingFeedA,2026-05-26
PRC0000387,57373424595,NADAC,3.3785,317.58,2023-06-18,2025-04-07,PricingFeedA,2025-03-26
PRC0000388,85393162035,AWP,5.7541,333.74,2024-07-08,2025-10-31,PricingFeedB,2025-08-21
PRC0000389,77464349998,MAC,8.0386,168.81,2026-01-30,2027-01-19,PricingFeedA,2025-06-24
PRC0000390,15426453054,AWP,6.3586,413.31,2023-09-27,2025-05-17,PricingFeedA,2026-07-04
PRC0000391,13254104910,NADAC,2.18,135.16,2024-06-28,2025-05-02,PricingFeedB,2025-05-31
PRC0000392,90100233162,WAC,1.8339,143.04,2025-11-08,2027-05-11,PricingFeedB,2025-10-31
PRC0000393,61916924081,MAC,12.9926,155.91,2025-04-09,2025-10-12,PricingFeedA,2026-05-31
PRC0000394,25092429310,WAC,10.071,553.9,2025-07-24,2026-01-22,PricingFeedA,2025-06-01
PRC0000395,54893863057,NADAC,40.5796,1217.39,2023-02-11,2024-11-04,PricingFeedA,2026-03-23
PRC0000396,74584984923,WAC,10.9084,338.16,2024-01-05,2025-06-22,PricingFeedB,2026-03-18
PRC0000397,88756957596,Contract Rate,85.3182,1621.05,2024-01-25,2025-01-15,PricingFeedA,2026-01-04
PRC0000398,44682779034,NADAC,16.8247,185.07,2024-06-30,2025-10-02,PricingFeedA,2025-08-01
PRC0000399,37570262831,MAC,7.0302,548.36,2025-11-12,2027-10-11,PricingFeedA,2025-07-14
PRC0000400,67141494586,UNKNOWN_METHOD,20.7702,1204.67,2026-05-31,2026-09-24,PricingFeedA,2025-09-25
PRC0000401,53008248547,WAC,7.5121,570.92,2025-04-27,2026-11-23,PricingFeedB,2026-06-10
PRC0000402,38384498011,Contract Rate,1.1385,68.31,2025-10-10,2026-06-26,PricingFeedB,2026-03-09
PRC0000403,81808216148,AWP,9.4124,254.13,2023-01-01,2023-08-23,PricingFeedA,2025-08-13
PRC0000404,76439803058,Contract Rate,17.224,1205.68,2023-04-12,2024-11-20,PricingFeedA,2026-06-16
PRC0000405,97142643090,MAC,8.8467,451.18,2023-11-19,2024-06-10,PricingFeedB,2025-12-25
PRC0000406,62840208185,AWP,4.9969,189.88,2025-07-14,2025-12-17,PricingFeedA,2025-11-06
PRC0000407,25871240147,WAC,8.5921,85.92,2023-07-01,2025-01-12,PricingFeedA,2025-10-27
PRC0000408,24069146482,WAC,1.0034,26.09,2024-06-09,2024-09-16,PricingFeedA,2025-06-30
PRC0000409,67141494586,MAC,0.8336,26.68,2025-04-26,2025-09-26,PricingFeedB,2026-08-08
PRC0000410,28473703134,WAC,11.3175,113.18,2023-01-03,2023-06-03,PricingFeedA,2026-08-01
PRC0000411,14420419723,MAC,14.1926,1021.87,2026-05-14,2027-10-02,PricingFeedB,2025-07-09
PRC0000412,69179660314,NADAC,4.3684,384.42,2025-09-28,2026-03-08,PricingFeedA,2025-11-21
PRC0000413,79345667836,Contract Rate,5.2075,249.96,2024-05-16,2026-04-14,PricingFeedB,2025-11-02
PRC0000414,82100899412,NADAC,13.0411,925.92,2023-05-21,2023-12-19,PricingFeedB,2025-07-05
PRC0000415,45073829754,Contract Rate,20.4919,1352.47,2023-11-26,2024-06-29,PricingFeedA,2025-10-06
PRC0000416,23819199572,AWP,4.8337,372.19,2024-02-10,2025-04-25,PricingFeedA,2025-01-27
PRC0000417,64540939887,AWP,5.208,364.56,2024-12-20,2026-11-17,PricingFeedA,2026-04-04
PRC0000418,56758128355,AWP,2.4332,75.43,2023-12-14,2024-04-13,PricingFeedA,2026-03-03
PRC0000419,19696653191,WAC,6.2863,490.33,2024-11-01,2025-06-05,PricingFeedA,2026-02-01
PRC0000420,31553546728,MAC,2.3935,208.23,2025-05-28,2027-01-06,PricingFeedB,2025-06-06
PRC0000421,35955476733,AWP,1.5777,100.97,2025-05-03,2026-05-09,PricingFeedA,2025-05-24
PRC0000422,86264886484,Contract Rate,11.8115,248.04,2024-04-01,2024-07-08,PricingFeedA,2025-05-19
PRC0000423,48104454958,NADAC,2.416,188.45,2024-04-15,2025-03-19,PricingFeedB,2025-05-16
PRC0000424,31169773873,WAC,9.534,695.98,2025-02-17,2025-07-04,PricingFeedB,2025-08-11
PRC0000425,86150728282,WAC,12.2801,392.96,2024-03-03,2024-07-04,PricingFeedA,2025-03-14
PRC0000426,84334385421,AWP,3.9277,39.28,2025-12-30,2026-09-12,PricingFeedA,2025-05-20
PRC0000427,57820791671,NADAC,7.5491,196.28,2023-07-08,2024-03-05,PricingFeedB,2025-09-29
PRC0000428,84458290728,AWP,7.4419,193.49,2024-11-27,2026-04-15,PricingFeedA,2026-07-14
PRC0000429,20269556375,Contract Rate,1.8538,29.66,2023-07-20,2024-01-09,PricingFeedA,2025-12-15
PRC0000430,86802579865,NADAC,5.6478,333.22,2024-12-30,2025-04-01,PricingFeedB,2026-06-03
PRC0000431,79345667836,UNKNOWN_METHOD,5.2378,178.09,2025-12-04,2026-11-05,PricingFeedB,2026-04-06
PRC0000432,41940363271,Contract Rate,6.411,346.19,2026-01-13,2026-06-23,PricingFeedB,2026-01-27
PRC0000433,68762387095,Contract Rate,17.8768,1376.51,2025-11-15,2026-07-09,PricingFeedB,2025-12-15
PRC0000434,42627468935,Contract Rate,9.1075,719.49,2024-03-07,2025-01-11,PricingFeedA,2025-08-31
PRC0000435,72171503347,NADAC,3.8674,228.18,2026-05-17,2026-12-25,PricingFeedA,2026-04-09
PRC0000436,96619649142,NADAC,3.2583,166.17,2024-04-21,2025-09-02,PricingFeedA,2026-07-09
PRC0000437,27838113191,Contract Rate,21.4286,921.43,2026-05-07,2027-08-14,PricingFeedB,2025-12-29
PRC0000438,89292409434,AWP,16.5247,165.25,2024-01-12,2024-08-29,PricingFeedA,2025-05-17
PRC0000439,57089942274,MAC,10.5546,200.54,2024-06-03,2024-12-21,PricingFeedB,2025-04-08
PRC0000440,60844107060,NADAC,4.8239,318.38,2025-04-29,2027-01-22,PricingFeedB,2025-08-20
PRC0000441,35257352788,Contract Rate,14.7372,501.06,2025-12-31,2026-06-27,PricingFeedB,2025-08-26
PRC0000442,94306492934,WAC,5.1133,66.47,2025-01-19,2026-03-13,PricingFeedB,2025-12-25
PRC0000443,72668546049,AWP,10.0504,261.31,2024-07-20,2025-11-03,PricingFeedB,2025-04-10
PRC0000444,26004482228,Contract Rate,7.7157,324.06,2025-02-08,2026-01-12,PricingFeedB,2026-03-30
PRC0000445,99511771384,NADAC,4.1168,242.89,2023-11-20,2025-11-05,PricingFeedB,2025-09-01
PRC0000446,46911488159,Contract Rate,2.2288,22.29,2025-07-31,2026-05-10,PricingFeedA,2026-03-30
PRC0000447,67080423748,AWP,10.1565,243.76,2025-04-05,2027-03-13,PricingFeedB,2025-04-26
PRC0000448,51465880016,WAC,2.3568,122.55,2023-06-06,2024-11-24,PricingFeedA,2026-05-15
PRC0000449,70483244548,MAC,24.1325,289.59,2026-05-07,2026-10-29,PricingFeedA,2025-11-01
PRC0000450,49300844372,AWP,0.673,21.54,2023-07-01,2025-05-19,PricingFeedA,2026-02-05
PRC0000451,20379513865,MAC,3.0927,256.69,2023-12-31,2024-10-15,PricingFeedA,2025-07-25
PRC0000452,46919436288,NADAC,34.1797,1640.63,2026-02-02,2026-12-31,PricingFeedA,2026-07-12
PRC0000453,40837522788,Contract Rate,4.7197,353.98,2026-05-07,2027-12-14,PricingFeedA,2025-12-20
PRC0000454,15897986050,MAC,1.305,57.42,2023-11-12,2024-06-28,PricingFeedA,2026-07-23
PRC0000455,36285274953,NADAC,8.0148,528.98,2025-07-12,2027-02-01,PricingFeedB,2025-11-27
PRC0000456,66607667644,MAC,18.5359,1427.26,2025-06-16,2027-05-26,PricingFeedA,2025-01-17
PRC0000457,92608453526,AWP,3.2218,254.52,2025-11-19,2026-11-18,PricingFeedB,2025-09-24
PRC0000458,86802579865,Contract Rate,2.1958,98.81,2026-03-18,2027-07-27,PricingFeedB,2025-05-19
PRC0000459,98953435785,WAC,22.7262,1999.91,2023-02-14,2024-06-07,PricingFeedB,2025-09-20
PRC0000460,71012800477,MAC,4.8618,408.39,2024-08-29,2026-01-07,PricingFeedB,2026-03-31
PRC0000461,54145454630,AWP,6.9024,448.66,2024-10-13,2026-08-12,PricingFeedB,2025-03-29
PRC0000462,97186359837,NADAC,5.6438,248.33,2023-08-30,2024-04-14,PricingFeedA,2025-02-18
PRC0000463,39764892488,UNKNOWN_METHOD,4.4786,147.79,2024-11-09,2026-07-06,PricingFeedA,2025-06-23
PRC0000464,12131959374,NADAC,1.2203,12.2,2025-07-09,2025-12-08,PricingFeedA,2025-03-14
PRC0000465,61687887076,MAC,5.2733,105.47,2025-09-07,2027-05-14,PricingFeedB,2025-02-08
PRC0000466,47326286219,MAC,7.0428,190.16,2025-01-23,2025-05-23,PricingFeedA,2025-05-23
PRC0000467,22522938085,NADAC,3.5915,305.28,2025-05-11,2026-04-10,PricingFeedB,2026-01-04
PRC0000468,62842687164,NADAC,13.5338,1272.18,2026-01-05,2027-12-14,PricingFeedA,2026-01-13
PRC0000469,18077751316,AWP,5.7393,206.61,2023-11-19,2024-12-31,PricingFeedB,2026-05-02
PRC0000470,84799902623,Contract Rate,16.2736,1366.98,2023-01-19,2025-01-01,PricingFeedA,2025-06-10
PRC0000471,13367227159,NADAC,3.1358,297.9,2023-09-28,2024-05-03,PricingFeedA,2025-07-22
PRC0000472,80870713084,MAC,4.6182,323.27,2024-10-10,2025-06-28,PricingFeedA,2026-06-01
PRC0000473,70317814977,Contract Rate,4.6243,217.34,2023-01-10,2024-07-21,PricingFeedA,2026-01-12
PRC0000474,53756657133,AWP,7.544,573.34,2025-05-11,2027-02-27,PricingFeedB,2025-01-24
PRC0000475,46911488159,NADAC,4.034,342.89,2025-11-24,2027-08-24,PricingFeedB,2025-03-14
PRC0000476,86832223497,WAC,4.5692,73.11,2025-01-16,2026-08-10,PricingFeedB,2025-07-30
PRC0000477,85340859181,Contract Rate,3.2939,283.28,2024-04-07,2026-01-26,PricingFeedB,2025-02-09
PRC0000478,69710507219,AWP,6.1688,549.02,2025-08-18,2026-10-19,PricingFeedA,2025-06-08
PRC0000479,81775220884,Contract Rate,7.6083,228.25,2024-12-05,2026-08-10,PricingFeedB,2026-06-12
PRC0000480,69287415359,MAC,123.8589,1734.02,2024-01-25,2025-09-06,PricingFeedB,2025-09-28
PRC0000481,57089942274,AWP,8.9314,437.64,2025-08-16,2027-05-11,PricingFeedA,2025-04-01
PRC0000482,68762387095,WAC,4.0533,295.89,2024-07-08,2025-10-19,PricingFeedA,2026-06-08
PRC0000483,67560324733,WAC,8.419,530.4,2023-03-17,2023-11-28,PricingFeedB,2025-08-09
PRC0000484,43701205518,WAC,10.0187,721.35,2025-02-07,2026-07-28,PricingFeedA,2025-06-20
PRC0000485,52440734534,WAC,4.8116,356.06,2025-04-23,2026-07-05,PricingFeedB,2026-08-07
PRC0000486,64322142638,NADAC,1.4633,68.78,2025-06-19,2026-10-21,PricingFeedB,2026-03-19
PRC0000487,76841912411,Contract Rate,32.8514,1806.83,2025-12-06,2026-06-19,PricingFeedA,2025-04-24
PRC0000488,78632194752,WAC,38.2517,3136.64,2024-03-22,2026-01-28,PricingFeedA,2025-03-07
PRC0000489,87709126031,WAC,6.4609,497.49,2025-10-03,2027-04-02,PricingFeedB,2025-02-04
PRC0000490,23885768970,Contract Rate,4.5991,252.95,2025-03-04,2025-11-26,PricingFeedA,2026-01-24
PRC0000491,95394474535,AWP,2.3354,98.09,2025-02-14,2025-08-18,PricingFeedA,2025-09-09
PRC0000492,42730843510,MAC,4.8389,445.18,2026-03-19,2027-12-29,PricingFeedB,2025-09-02
PRC0000493,62299475227,MAC,2.0936,67.0,2023-06-04,2024-02-15,PricingFeedA,2025-06-27
PRC0000494,81337865957,WAC,4.6979,220.8,2023-09-03,2025-08-21,PricingFeedB,2025-03-02
PRC0000495,73046419016,NADAC,5.7842,474.3,2025-09-08,2027-01-13,PricingFeedA,2025-05-03
PRC0000496,97361501089,Contract Rate,15.7859,1341.8,2023-03-01,2023-10-26,PricingFeedA,2025-07-21
PRC0000497,37017591044,MAC,2.354,54.14,2025-10-21,2026-12-30,PricingFeedB,2025-03-19
PRC0000498,94403244960,AWP,17.3209,1610.84,2023-08-29,2025-02-27,PricingFeedA,2026-07-28
PRC0000499,40538581357,WAC,5.3047,307.67,2023-05-03,2024-08-31,PricingFeedA,2026-04-04
PRC0000500,77783196614,Contract Rate,49.8561,1046.98,2024-05-21,2025-06-14,PricingFeedB,2025-09-27
PRC0000501,82097839974,MAC,6.9044,607.59,2023-09-07,2024-02-05,PricingFeedA,2025-02-15
PRC0000502,46658209727,WAC,9.0207,712.64,2024-06-15,2025-11-02,PricingFeedB,2026-01-20
PRC0000503,98558768029,WAC,4.8721,180.27,2024-11-23,2025-03-31,PricingFeedA,2026-01-09
PRC0000504,11605697119,Contract Rate,29.5996,917.59,2026-03-16,2027-03-05,PricingFeedB,2026-03-16
PRC0000505,88995939535,Contract Rate,3.6496,51.09,2023-02-25,2024-03-20,PricingFeedB,2026-06-09
PRC0000506,89864963195,AWP,9.5127,180.74,2024-08-23,2025-01-24,PricingFeedA,2025-03-18
PRC0000507,27078116314,MAC,4.2558,374.51,2026-02-14,2026-07-30,PricingFeedA,2025-10-24
PRC0000508,20641978938,MAC,22.3908,1634.53,2023-11-27,2024-10-01,PricingFeedA,2026-01-09
PRC0000509,86890799081,NADAC,17.5711,1247.55,2023-05-29,2024-03-10,PricingFeedB,2026-02-14
PRC0000510,29268903018,WAC,4.7894,182.0,2023-05-29,2023-12-06,PricingFeedA,2025-05-23
PRC0000511,85528237583,MAC,7.1638,429.83,2025-08-21,2027-01-05,PricingFeedA,2025-12-29
PRC0000512,92515101438,WAC,10.3754,1016.79,2025-01-10,2026-06-15,PricingFeedB,2025-02-02
PRC0000513,48887377765,AWP,16.9702,661.84,2025-11-16,2026-06-22,PricingFeedB,2025-09-07
PRC0000514,85922868666,AWP,1.8378,136.0,2023-08-01,2025-05-05,PricingFeedA,2025-09-29
PRC0000515,92859713640,WAC,49.806,1743.21,2023-12-12,2024-08-30,PricingFeedA,2025-11-16
PRC0000516,99070622849,WAC,2.248,128.14,2024-03-10,2025-06-02,PricingFeedB,2026-07-13
PRC0000517,50540304418,MAC,3.5371,229.91,2026-02-04,2027-12-06,PricingFeedB,2025-09-06
PRC0000518,25951181670,NADAC,17.2545,1535.65,2025-01-13,2025-08-21,PricingFeedA,2026-07-02
PRC0000519,23885768970,MAC,3.9601,138.6,2024-05-05,2024-09-22,PricingFeedA,2026-08-14
PRC0000520,96257168998,MAC,12.9837,869.91,2024-01-03,2025-10-07,PricingFeedB,2025-11-02
PRC0000521,12664783645,AWP,4.8796,121.99,2023-03-20,2024-08-20,PricingFeedA,2025-11-11
PRC0000522,93785641343,WAC,1.0994,34.08,2026-02-16,2026-07-27,PricingFeedB,2026-03-25
PRC0000523,87088473643,NADAC,15.4871,1254.46,2026-03-13,2027-06-22,PricingFeedA,2025-09-11
PRC0000524,59211433737,Contract Rate,9.1974,744.99,2025-05-16,2026-03-03,PricingFeedA,2026-05-12
PRC0000525,90653588422,Contract Rate,28.9638,1969.54,2025-03-25,2027-03-03,PricingFeedA,2025-08-14
PRC0000526,18466794989,AWP,4.012,208.62,2025-10-14,2027-03-22,PricingFeedA,2025-04-09
PRC0000527,84031314513,AWP,13.4039,1326.99,2023-04-06,2024-06-02,PricingFeedB,2025-05-30
PRC0000528,55296874591,NADAC,0.5246,11.54,2024-04-05,2024-07-19,PricingFeedB,2025-12-18
PRC0000529,40026109670,WAC,17.9313,663.46,2025-02-25,2026-09-08,PricingFeedA,2025-04-15
PRC0000530,54154506357,Contract Rate,17.3769,660.32,2025-06-07,2026-04-02,PricingFeedB,2026-07-19
PRC0000531,40427686976,AWP,9.7911,283.94,2025-11-04,2027-10-14,PricingFeedB,2026-05-12
PRC0000532,76071831723,MAC,3.7612,218.15,2025-10-28,2027-06-19,PricingFeedB,2025-12-18
PRC0000533,92188700925,MAC,3.0763,243.03,2024-07-07,2025-03-31,PricingFeedB,2025-07-19
PRC0000534,94227785584,MAC,5.2022,286.12,2024-08-16,2026-03-15,PricingFeedB,2025-05-05
PRC0000535,45970496271,Contract Rate,1.0112,71.8,2024-07-24,2026-04-05,PricingFeedA,2025-10-19
PRC0000536,96515232917,NADAC,32.0022,1280.09,2023-10-18,2024-05-18,PricingFeedB,2025-07-24
PRC0000537,90728447630,Contract Rate,137.4772,5086.66,2025-10-21,2026-07-13,PricingFeedB,2026-01-01
PRC0000538,93500208178,MAC,4.9403,59.28,2023-08-04,2025-04-09,PricingFeedA,2025-08-05
PRC0000539,96493569992,WAC,-35.1774,-2497.6,2024-06-11,2025-12-01,PricingFeedA,2025-06-02
PRC0000540,37423653148,AWP,25.2611,1717.75,2026-05-21,2027-01-21,PricingFeedA,2026-07-06
PRC0000541,22829836382,WAC,8.0864,355.8,2023-09-06,2025-06-18,PricingFeedA,2025-12-02
PRC0000542,10849291063,MAC,2.5229,37.84,2024-11-15,2026-08-19,PricingFeedB,2025-07-08
PRC0000543,53008248547,NADAC,23.3225,2192.32,2025-11-21,2026-10-21,PricingFeedA,2026-01-04
PRC0000544,20698353031,NADAC,6.3121,100.99,2026-05-21,2028-02-21,PricingFeedB,2025-06-24
PRC0000545,60247897621,MAC,2.0607,107.16,2025-12-30,2026-07-27,PricingFeedA,2025-06-22
PRC0000546,79539911319,WAC,46.4864,2975.13,2025-10-16,2026-06-27,PricingFeedA,2026-02-03
PRC0000547,60247897621,Contract Rate,7.2346,542.6,2023-06-04,2025-03-07,PricingFeedA,2025-09-08
PRC0000548,24945550574,MAC,2.7697,94.17,2023-08-17,2024-09-07,PricingFeedB,2026-06-08
PRC0000549,76216784973,WAC,2.0091,126.57,2024-05-23,2026-03-12,PricingFeedB,2025-10-10
PRC0000550,18987102928,AWP,14.4054,821.11,2025-04-30,2025-08-06,PricingFeedB,2025-09-16
PRC0000551,98795104473,AWP,17.0753,1126.97,2025-10-06,2027-03-11,PricingFeedB,2025-08-04
PRC0000552,82124250653,AWP,18.7196,617.75,2025-06-24,2026-01-28,PricingFeedA,2025-11-23
PRC0000553,83483861176,Contract Rate,3.3062,42.98,2023-01-06,2023-10-07,PricingFeedA,2025-01-11
PRC0000554,80340679445,MAC,4.9697,54.67,2023-09-08,2024-02-15,PricingFeedB,2025-03-05
PRC0000555,50593972260,NADAC,32.0967,2214.67,2023-10-14,2024-09-08,PricingFeedA,2026-04-24
PRC0000556,97242993023,Contract Rate,13.7324,755.28,2023-03-26,2024-06-02,PricingFeedA,2026-07-09
PRC0000557,60441392789,AWP,10.7427,601.59,2024-04-21,2025-01-05,PricingFeedA,2026-03-10
PRC0000558,20309347358,NADAC,3.6186,325.67,2026-02-22,2027-12-31,PricingFeedB,2026-07-11
PRC0000559,18199892246,MAC,42.9037,1501.63,2025-07-08,2026-11-16,PricingFeedA,2026-04-04
PRC0000560,31189367180,NADAC,5.9532,565.55,2023-02-19,2024-08-08,PricingFeedA,2025-05-12
PRC0000561,47220155350,Contract Rate,8.4466,354.76,2025-02-17,2026-12-16,PricingFeedB,2025-03-01
PRC0000562,59211433737,AWP,21.1553,507.73,2025-12-28,2026-08-30,PricingFeedB,2025-06-07
PRC0000563,96269476252,AWP,1.3243,60.92,2023-05-27,2024-08-14,PricingFeedA,2025-08-21
PRC0000564,57820791671,MAC,9.0034,450.17,2025-07-10,2026-08-14,PricingFeedA,2025-04-16
PRC0000565,43371264292,NADAC,10.0789,947.42,2026-04-21,2027-08-15,PricingFeedA,2025-10-27
PRC0000566,76440908482,MAC,3.6137,195.14,2024-05-27,2024-12-18,PricingFeedB,2026-01-11
PRC0000567,88410610673,AWP,12.7708,932.27,2023-10-22,2024-05-29,PricingFeedA,2025-04-19
PRC0000568,86257868539,NADAC,6.363,337.24,2026-02-13,2027-07-21,PricingFeedA,2025-03-19
PRC0000569,40085120419,NADAC,10.0514,241.23,2025-01-16,2026-05-24,PricingFeedA,2025-10-06
PRC0000570,21424930580,WAC,13.1979,1095.43,2023-01-02,2024-11-13,PricingFeedB,2026-02-19
PRC0000571,17132186749,AWP,18.0004,720.02,2023-08-29,2023-12-04,PricingFeedB,2026-01-30
PRC0000572,85864453239,NADAC,21.3949,2075.31,2024-06-17,2024-10-18,PricingFeedA,2026-05-15
PRC0000573,17266624267,WAC,8.2935,688.36,2024-11-15,2025-08-16,PricingFeedB,2025-03-22
PRC0000574,29268903018,NADAC,22.7384,1045.97,2025-04-01,2026-06-16,PricingFeedA,2025-07-11
PRC0000575,23338670584,MAC,3.2538,81.34,2026-03-05,2027-09-18,PricingFeedB,2025-06-13
PRC0000576,80251520484,WAC,10.0064,530.34,2025-03-21,2026-01-02,PricingFeedB,2025-10-26
PRC0000577,59783584950,AWP,7.9371,468.29,2024-04-09,2025-10-24,PricingFeedA,2025-05-31
PRC0000578,52087160927,Contract Rate,8.2292,477.29,2023-12-23,2024-08-10,PricingFeedA,2026-04-14
PRC0000579,61916924081,AWP,1.9571,74.37,2024-10-07,2025-08-30,PricingFeedA,2026-01-22
PRC0000580,66359510772,MAC,14.9055,775.09,2023-06-03,2024-04-21,PricingFeedB,2026-08-02
PRC0000581,69725978984,Contract Rate,7.7093,547.36,2025-11-09,2026-06-27,PricingFeedA,2025-06-07
PRC0000582,27560233760,NADAC,16.7651,838.25,2024-07-30,2026-05-29,PricingFeedA,2026-05-08
PRC0000583,32829657664,Contract Rate,5.9795,442.48,2024-04-14,2025-06-24,PricingFeedB,2026-06-03
PRC0000584,46822109163,MAC,6.3462,545.77,2023-06-06,2025-01-31,PricingFeedA,2026-02-21
PRC0000585,98755861361,AWP,5.2392,445.33,2024-07-18,2026-04-21,PricingFeedA,2025-03-28
PRC0000586,21421615389,NADAC,11.9761,323.35,2023-02-28,2023-11-09,PricingFeedB,2025-03-17
PRC0000587,20662343885,WAC,26.7297,2138.38,2025-06-11,2025-11-04,PricingFeedB,2025-04-06
PRC0000588,22620625618,Contract Rate,4.9499,153.45,2024-03-23,2025-04-28,PricingFeedA,2025-01-24
PRC0000589,55655209298,AWP,27.1991,271.99,2023-07-25,2024-09-29,PricingFeedB,2026-06-15
PRC0000590,68430498393,Contract Rate,7.9115,593.36,2023-05-19,2024-11-03,PricingFeedB,2025-08-05
PRC0000591,61516501822,AWP,2.6121,26.12,2023-01-10,2023-11-07,PricingFeedA,2025-09-28
PRC0000592,61687887076,MAC,1.1653,93.22,2024-11-04,2025-04-09,PricingFeedB,2025-04-20
PRC0000593,42374213026,Contract Rate,3.5871,143.48,2024-06-19,2025-07-15,PricingFeedA,2025-04-27
PRC0000594,96619649142,AWP,1.9761,98.8,2026-03-01,2027-03-23,PricingFeedA,2026-02-27
PRC0000595,92414186439,MAC,13.8064,138.06,2025-12-23,2026-12-21,PricingFeedB,2026-03-29
PRC0000596,40085120419,AWP,2.6379,218.95,2024-06-15,2026-01-11,PricingFeedA,2025-10-27
PRC0000597,10207597398,MAC,10.6426,595.99,2025-09-29,2027-05-29,PricingFeedB,2025-02-12
PRC0000598,73727371375,Contract Rate,6.9937,468.58,2024-08-01,2026-05-12,PricingFeedB,2025-09-22
PRC0000599,28216637671,AWP,2.2742,27.29,2023-03-05,2023-07-14,PricingFeedA,2025-01-31
PRC0000600,17127788461,Contract Rate,1.8056,34.31,2025-10-06,2026-08-20,PricingFeedA,2025-08-07
PRC0000601,27306842138,NADAC,15.3267,980.91,2025-06-11,2026-03-23,PricingFeedB,2026-04-20
PRC0000602,87009353291,MAC,3.1883,168.98,2024-02-16,2025-02-06,PricingFeedA,2025-12-10
PRC0000603,51167339278,WAC,26.9504,646.81,2024-09-11,2025-10-20,PricingFeedA,2025-10-11
PRC0000604,83483861176,NADAC,7.6238,442.18,2024-12-13,2026-05-30,PricingFeedA,2026-06-21
PRC0000605,47220155350,NADAC,18.8274,658.96,2024-07-15,2024-12-02,PricingFeedB,2025-08-31
PRC0000606,38999870858,MAC,40.3767,3916.54,2024-10-31,2025-07-05,PricingFeedB,2025-08-03
PRC0000607,12914717458,Contract Rate,7.8448,580.52,2025-12-14,2027-11-21,PricingFeedB,2026-06-25
PRC0000608,59002120957,AWP,2.4443,134.44,2025-07-17,2027-04-26,PricingFeedA,2026-05-15
PRC0000609,94227785584,Contract Rate,8.4571,625.83,2025-07-16,2026-02-24,PricingFeedB,2025-11-11
PRC0000610,92414186439,WAC,7.6352,595.55,2025-12-28,2026-12-22,PricingFeedA,2026-04-17
PRC0000611,12859564719,Contract Rate,6.3634,95.45,2024-07-21,2025-03-23,PricingFeedB,2025-03-14
PRC0000612,74737938088,Contract Rate,43.9594,2285.89,2025-05-10,2026-10-14,PricingFeedA,2026-02-12
PRC0000613,51098510786,WAC,13.0564,1201.19,2026-01-12,2026-11-17,PricingFeedB,2026-03-27
PRC0000614,67213385883,Contract Rate,9.5546,879.02,2023-09-28,2024-04-10,PricingFeedB,2026-03-10
PRC0000615,89789879626,AWP,130.1606,8069.96,2026-03-20,2026-11-17,PricingFeedB,2026-05-13
PRC0000616,70003467749,AWP,2.4326,128.93,2024-07-06,2025-11-10,PricingFeedA,2025-07-26
PRC0000617,38112790984,WAC,3.4296,322.38,2025-02-21,2026-02-09,PricingFeedB,2025-06-09
PRC0000618,82097839974,NADAC,16.5742,1458.53,2024-06-21,2025-04-20,PricingFeedA,2025-01-17
PRC0000619,92131319328,NADAC,10.281,596.3,2023-03-08,2024-11-17,PricingFeedA,2026-02-03
PRC0000620,66897831639,Contract Rate,2.0214,165.75,2024-03-31,2025-02-13,PricingFeedA,2025-05-22
PRC0000621,36423490868,Contract Rate,9.5112,561.16,2024-08-16,2026-01-17,PricingFeedB,2025-09-10
PRC0000622,19270364213,Contract Rate,4.4082,405.55,2023-09-12,2023-12-28,PricingFeedB,2025-09-11
PRC0000623,42627468935,WAC,17.6111,1215.17,2024-10-27,2025-05-22,PricingFeedA,2026-04-08
PRC0000624,46911488159,Contract Rate,7.0307,400.75,2026-01-23,2026-08-14,PricingFeedB,2026-08-13
PRC0000625,78375177340,NADAC,89.8212,2155.71,2025-08-06,2026-07-15,PricingFeedB,2025-10-02
PRC0000626,69287415359,Contract Rate,1.4764,103.35,2025-08-29,2027-07-25,PricingFeedB,2025-05-28
PRC0000627,76744433751,WAC,3.8786,197.81,2024-09-19,2026-09-02,PricingFeedB,2025-09-04
PRC0000628,42790921133,WAC,9.2872,724.4,2024-10-09,2025-10-30,PricingFeedA,2025-11-13
PRC0000629,37677228163,Contract Rate,4.3328,186.31,2023-11-03,2024-05-28,PricingFeedA,2026-04-04
PRC0000630,58140162291,AWP,4.12,292.52,2023-11-19,2024-05-08,PricingFeedB,2025-01-26
PRC0000631,22620625618,MAC,3.1391,163.23,2025-09-17,2026-08-08,PricingFeedB,2025-09-12
PRC0000632,92414186439,AWP,3.4753,298.88,2025-05-24,2026-12-01,PricingFeedA,2025-12-02
PRC0000633,58140162291,Contract Rate,15.428,385.7,2024-06-23,2025-07-17,PricingFeedA,2026-06-27
PRC0000634,17204851877,AWP,4.6627,419.64,2026-03-10,2027-02-17,PricingFeedA,2026-01-01
PRC0000635,51203246489,Contract Rate,6.275,81.58,2024-09-04,2025-07-15,PricingFeedA,2026-05-22
PRC0000636,54348747469,Contract Rate,5.4013,491.52,2025-05-21,2027-02-13,PricingFeedA,2025-04-26
PRC0000637,55296874591,Contract Rate,3.2604,159.76,2025-07-04,2026-05-04,PricingFeedB,2026-08-08
PRC0000638,95305350218,Contract Rate,4.2902,347.51,2024-03-16,2024-12-03,PricingFeedB,2025-05-16
PRC0000639,17266624267,NADAC,4.2689,170.76,2024-01-06,2025-12-22,PricingFeedB,2026-03-28
PRC0000640,56529194411,NADAC,5.7729,230.92,2025-01-30,2026-08-12,PricingFeedA,2025-01-07
PRC0000641,68732282181,Contract Rate,4.1042,77.98,2025-01-02,2025-12-30,PricingFeedA,2025-08-13
PRC0000642,74966631014,Contract Rate,7.6517,673.35,2024-10-21,2025-07-22,PricingFeedA,2025-08-14
PRC0000643,40538581357,MAC,22.0362,1432.35,2025-06-07,2025-10-04,PricingFeedA,2025-01-19
PRC0000644,82822319745,Contract Rate,7.6591,390.61,2025-12-20,2027-11-07,PricingFeedB,2025-09-22
PRC0000645,90409204356,AWP,4.2908,120.14,2024-09-11,2026-06-02,PricingFeedB,2026-06-12
PRC0000646,19989783912,WAC,21.8958,1620.29,2023-08-09,2024-04-24,PricingFeedB,2025-05-22
PRC0000647,90800728349,WAC,18.3455,1485.99,2023-10-18,2025-09-26,PricingFeedA,2025-03-01
PRC0000648,91233214850,AWP,23.5582,895.21,2023-04-03,2024-02-13,PricingFeedA,2025-04-04
PRC0000649,65494134693,AWP,17.6974,1203.42,2024-02-26,2025-03-19,PricingFeedB,2025-03-27
PRC0000650,37535827761,MAC,1.8628,141.57,2025-09-20,2027-04-30,PricingFeedB,2026-06-28
PRC0000651,25964239840,MAC,47.4153,3935.47,2023-02-18,2024-09-25,PricingFeedA,2026-01-31
PRC0000652,44531515535,Contract Rate,6.2373,380.48,2023-10-23,2024-04-13,PricingFeedB,2026-06-12
PRC0000653,42506952673,MAC,5.2519,346.63,2026-01-24,2028-01-06,PricingFeedB,2026-06-06
PRC0000654,98323115551,AWP,12.3822,631.49,2024-02-16,2024-12-15,PricingFeedA,2026-08-15
PRC0000655,36582971350,NADAC,10.6922,555.99,2025-05-07,2025-12-08,PricingFeedB,2025-09-11
PRC0000656,73825238231,Contract Rate,5.7851,69.42,2024-04-07,2024-11-14,PricingFeedA,2026-02-10
PRC0000657,23709808766,MAC,15.4914,1456.19,2023-10-16,2025-06-24,PricingFeedB,2025-01-04
PRC0000658,53358319960,MAC,4.1086,98.61,2025-11-10,2026-04-24,PricingFeedA,2026-01-15
PRC0000659,95762624064,Contract Rate,24.4782,367.17,2025-01-22,2026-07-15,PricingFeedA,2026-08-15
PRC0000660,30668351321,Contract Rate,13.4321,1195.46,2023-03-30,2023-11-19,PricingFeedB,2025-03-15
PRC0000661,69725978984,AWP,8.5347,495.01,2023-04-12,2024-12-03,PricingFeedB,2026-03-19
PRC0000662,96691540687,WAC,8.4367,253.1,2026-01-02,2027-11-26,PricingFeedB,2025-05-12
PRC0000663,45869998291,WAC,3.8959,241.55,2026-04-25,2028-01-04,PricingFeedB,2025-01-26
PRC0000664,42969761175,MAC,4.7605,333.24,2023-01-28,2023-07-07,PricingFeedB,2025-09-15
PRC0000665,20269556375,Contract Rate,26.7248,668.12,2023-07-11,2024-03-10,PricingFeedB,2025-02-25
PRC0000666,69710507219,WAC,3.5616,117.53,2024-03-11,2024-12-24,PricingFeedB,2026-08-12
PRC0000667,96005568835,AWP,14.4034,907.41,2024-10-24,2026-03-19,PricingFeedB,2025-02-15
PRC0000668,95394214840,Contract Rate,18.6631,1791.66,2023-04-13,2024-03-28,PricingFeedB,2025-06-10
PRC0000669,12914717458,WAC,9.4727,843.07,2024-03-02,2025-10-09,PricingFeedA,2025-08-21
PRC0000670,76115147727,AWP,28.3616,2240.57,2023-08-20,2024-06-17,PricingFeedA,2025-12-16
PRC0000671,76440908482,MAC,9.3336,840.02,2025-04-02,2025-08-12,PricingFeedB,2026-03-25
PRC0000672,70221820796,AWP,13.0532,274.12,2026-03-26,2026-09-28,PricingFeedA,2026-05-09
PRC0000673,79510138828,Contract Rate,6.6938,80.33,2025-08-07,2026-08-01,PricingFeedA,2025-11-20
PRC0000674,73548373375,NADAC,10.1215,485.83,2025-04-22,2027-04-04,PricingFeedB,2025-06-27
PRC0000675,35955476733,NADAC,20.3877,1896.06,2023-11-10,2024-03-28,PricingFeedB,2025-02-18
PRC0000676,92690601150,Contract Rate,4.2954,317.86,2023-04-21,2023-09-25,PricingFeedA,2025-11-17
PRC0000677,10772533217,WAC,26.0455,781.37,2023-03-19,2024-09-01,PricingFeedA,2025-06-16
PRC0000678,44363144090,AWP,15.0764,618.13,2025-02-12,2027-02-01,PricingFeedB,2025-09-30
PRC0000679,41290491468,MAC,,1095.2,2025-07-20,2026-07-03,PricingFeedA,2025-03-14
PRC0000680,22287685065,MAC,19.3754,1085.02,2023-11-25,2025-03-06,PricingFeedA,2025-05-15
PRC0000681,38299381624,UNKNOWN_METHOD,7.1626,265.02,2026-01-13,2027-06-29,PricingFeedB,2025-05-02
PRC0000682,69207755847,AWP,10.2895,133.76,2023-12-30,2024-07-13,PricingFeedA,2025-08-10
PRC0000683,27306842138,WAC,0.9791,60.7,2024-06-29,2024-12-05,PricingFeedB,2025-11-04
PRC0000684,74291518137,NADAC,19.8362,932.3,2023-04-26,2024-01-15,PricingFeedB,2026-03-05
PRC0000685,58584770558,NADAC,3.0243,232.87,2025-04-22,2026-11-03,PricingFeedB,2025-12-03
PRC0000686,26884937862,NADAC,2.6075,36.5,2024-06-27,2026-02-19,PricingFeedB,2025-01-01
PRC0000687,33167573583,MAC,9.7698,254.01,2023-08-28,2024-06-12,PricingFeedA,2025-03-06
PRC0000688,96619649142,AWP,7.817,125.07,2024-12-04,2026-08-01,PricingFeedB,2026-04-25
PRC0000689,81214270455,MAC,4.5958,404.43,2023-05-12,2025-01-11,PricingFeedB,2025-02-04
PRC0000690,83316704390,WAC,5.9659,548.86,2025-01-19,2025-06-08,PricingFeedB,2026-01-12
PRC0000691,98795104473,Contract Rate,7.7772,171.1,2025-02-04,2026-05-03,PricingFeedA,2025-11-15
PRC0000692,38999870858,MAC,40.475,2792.78,2024-05-11,2025-01-23,PricingFeedB,2026-06-17
PRC0000693,64532981981,MAC,12.4982,1024.85,2023-11-15,2024-07-24,PricingFeedA,2025-02-01
PRC0000694,80340679445,WAC,11.4565,343.69,2023-09-02,2024-03-30,PricingFeedB,2025-06-10
PRC0000695,37929930922,AWP,3.0163,220.19,2024-05-21,2026-01-06,PricingFeedA,2026-06-15
PRC0000696,84080407924,MAC,11.1064,588.64,2025-05-31,2025-09-18,PricingFeedA,2025-09-16
PRC0000697,38481272433,AWP,3.4072,170.36,2025-02-06,2025-06-19,PricingFeedB,2025-06-28
PRC0000698,94144432921,Contract Rate,5.7052,251.03,2025-03-25,2027-02-16,PricingFeedB,2025-04-28
PRC0000699,25717847814,AWP,7.2941,87.53,2026-05-29,2026-10-19,PricingFeedB,2025-11-19
PRC0000700,37017591044,Contract Rate,8.9525,89.53,2024-03-30,2025-01-03,PricingFeedA,2025-01-14
PRC0000701,97361501089,MAC,3.1786,232.04,2024-03-27,2025-11-04,PricingFeedB,2026-07-09
PRC0000702,89013673320,AWP,8.4282,505.69,2023-02-24,2023-06-08,PricingFeedA,2026-06-06
PRC0000703,37986793471,AWP,11.465,1135.04,2023-05-10,2025-01-18,PricingFeedA,2025-07-03
PRC0000704,86832223497,Contract Rate,10.8663,336.86,2025-04-16,2026-03-03,PricingFeedA,2026-04-12
PRC0000705,43701205518,NADAC,7.6338,664.14,2025-10-05,2027-07-25,PricingFeedB,2025-07-24
PRC0000706,92043205735,NADAC,7.6189,533.32,2023-02-20,2024-07-15,PricingFeedA,2025-01-19
PRC0000707,13289945916,AWP,3.2722,261.78,2023-04-11,2024-03-08,PricingFeedA,2025-09-03
PRC0000708,50540304418,WAC,8.6863,356.14,2026-04-05,2026-12-19,PricingFeedA,2025-09-07
PRC0000709,79345667836,NADAC,17.6729,1449.18,2024-06-09,2025-11-20,PricingFeedA,2026-05-21
PRC0000710,18987102928,AWP,5.3524,519.18,2025-04-14,2026-02-13,PricingFeedB,2025-09-12
PRC0000711,42790921133,AWP,27.8834,1338.4,2026-03-07,2027-04-04,PricingFeedA,2025-09-29
PRC0000712,37986793471,MAC,15.8097,458.48,2024-08-03,2026-06-25,PricingFeedB,2026-02-24
PRC0000713,95305350218,Contract Rate,27.5477,1101.91,2025-02-18,2026-10-16,PricingFeedB,2025-03-17
PRC0000714,28309735158,WAC,17.6977,1274.23,2024-11-18,2026-02-28,PricingFeedB,2025-09-23
PRC0000715,36001690590,NADAC,4.4528,365.13,2024-11-19,2026-01-10,PricingFeedB,2025-02-16
PRC0000716,51664216971,MAC,7.4019,407.1,2025-02-05,2026-08-26,PricingFeedB,2025-07-15
PRC0000717,22743552549,WAC,6.3696,152.87,2023-05-22,2024-05-12,PricingFeedA,2025-07-16
PRC0000718,96257168998,NADAC,7.3535,595.63,2024-10-25,2026-06-09,PricingFeedA,2025-10-04
PRC0000719,32345951358,NADAC,1.5371,63.02,2023-03-30,2024-08-21,PricingFeedA,2025-10-18
PRC0000720,35847675077,NADAC,6.9833,642.46,2024-02-14,2025-09-10,PricingFeedA,2025-01-09
PRC0000721,29289502522,NADAC,2.0323,93.49,2024-05-29,2025-03-03,PricingFeedA,2026-08-12
PRC0000722,17001221267,MAC,24.2808,607.02,2023-12-08,2025-06-10,PricingFeedB,2026-04-19
PRC0000723,59772579378,AWP,12.457,909.36,2025-11-13,2027-07-02,PricingFeedB,2025-10-09
PRC0000724,51850973745,NADAC,17.2941,1539.17,2025-02-24,2027-01-16,PricingFeedB,2025-09-20
PRC0000725,24069146482,AWP,13.2363,966.25,2025-05-03,2026-03-28,PricingFeedB,2025-08-22
PRC0000726,56133530192,MAC,3.5185,214.63,2025-05-08,2027-01-20,PricingFeedA,2025-03-10
PRC0000727,71431521823,MAC,35.7294,3001.27,2023-01-02,2023-11-14,PricingFeedB,2025-06-28
PRC0000728,63498422023,WAC,20.4828,1065.11,2023-10-26,2025-07-11,PricingFeedA,2025-03-11
PRC0000729,79689644320,AWP,20.4657,1125.61,2024-11-29,2025-04-25,PricingFeedB,2025-02-23
PRC0000730,55504611813,NADAC,13.2564,994.23,2025-11-02,2026-06-15,PricingFeedA,2025-05-21
PRC0000731,27078116314,MAC,6.9218,519.13,2025-11-03,2027-06-28,PricingFeedA,2025-07-21
PRC0000732,31723369638,MAC,20.5109,738.39,2024-08-08,2026-06-21,PricingFeedB,2025-06-09
PRC0000733,73890570297,NADAC,14.2063,1093.89,2024-03-06,2024-09-19,PricingFeedB,2026-04-10
PRC0000734,80152664967,WAC,1.3575,85.52,2023-08-25,2025-04-23,PricingFeedA,2026-01-01
PRC0000735,40972267118,WAC,53.038,3394.43,2025-02-06,2026-06-03,PricingFeedB,2025-01-31
PRC0000736,37929930922,WAC,14.6096,657.43,2026-04-19,2026-07-18,PricingFeedB,2025-10-01
PRC0000737,67115974246,Contract Rate,8.8943,302.41,2026-05-25,2026-10-16,PricingFeedB,2025-03-28
PRC0000738,20858309589,Contract Rate,23.4307,1640.15,2023-12-14,2025-04-20,PricingFeedA,2025-10-13
PRC0000739,75670258359,NADAC,11.9387,143.26,2023-11-27,2025-02-21,PricingFeedA,2026-08-10
PRC0000740,99282121398,WAC,12.7845,1150.61,2024-04-20,2024-09-01,PricingFeedB,2026-04-05
PRC0000741,99885674336,Contract Rate,5.8794,440.96,2024-04-14,2026-03-01,PricingFeedA,2026-06-28
PRC0000742,60856152434,WAC,3.003,252.25,2025-08-31,2027-06-20,PricingFeedA,2026-01-25
PRC0000743,35847675077,NADAC,12.9225,348.91,2026-02-20,2027-04-29,PricingFeedB,2025-08-27
PRC0000744,81276626479,WAC,10.2605,461.72,2026-05-24,2026-12-02,PricingFeedB,2025-01-21
PRC0000745,48239826657,WAC,1.0016,79.13,2025-04-12,2026-06-27,PricingFeedB,2026-07-26
PRC0000746,74970912325,AWP,16.0151,320.3,2025-01-29,2026-06-23,PricingFeedA,2026-03-16
PRC0000747,58584770558,WAC,1.3882,65.25,2025-09-19,2027-07-28,PricingFeedB,2025-08-19
PRC0000748,93500208178,MAC,13.109,616.12,2023-02-02,2024-11-20,PricingFeedA,2026-05-06
PRC0000749,49834139728,Contract Rate,4.8474,232.68,2025-07-20,2026-10-28,PricingFeedA,2025-05-28
PRC0000750,39455777027,MAC,10.4198,677.29,2023-03-15,2024-04-19,PricingFeedA,2025-10-31
PRC0000751,60804702793,Contract Rate,3.2549,182.27,2023-06-12,2023-10-17,PricingFeedB,2025-06-27
PRC0000752,81276626479,Contract Rate,6.8451,219.04,2023-11-27,2025-10-18,PricingFeedB,2025-07-05
PRC0000753,96005568835,WAC,68.8704,895.32,2025-05-08,2026-11-25,PricingFeedA,2026-06-30
PRC0000754,99338867913,WAC,22.0116,1606.85,2025-05-02,2026-02-15,PricingFeedA,2025-12-13
PRC0000755,46919436288,NADAC,3.9185,184.17,2025-10-18,2027-08-11,PricingFeedA,2025-01-29
PRC0000756,13685557379,MAC,6.0601,72.72,2024-06-12,2026-01-25,PricingFeedA,2026-02-04
PRC0000757,33036992193,NADAC,7.2772,691.33,2024-04-20,2024-12-12,PricingFeedB,2026-02-08
PRC0000758,38112790984,WAC,4.0886,167.63,2025-11-19,2027-07-18,PricingFeedA,2025-10-17
PRC0000759,42576948965,AWP,11.734,645.37,2026-05-19,2028-02-18,PricingFeedB,2026-07-24
PRC0000760,67041360337,MAC,29.0431,2671.97,2023-12-19,2025-11-18,PricingFeedA,2025-11-03
PRC0000761,84458290728,NADAC,17.3986,504.56,2024-02-16,2025-08-09,PricingFeedA,2026-01-16
PRC0000762,86445320315,NADAC,2.6851,40.28,2025-01-16,2026-05-28,PricingFeedB,2026-06-18
PRC0000763,24945550574,AWP,5.414,254.46,2025-01-09,2025-10-27,PricingFeedB,2026-04-17
PRC0000764,25951181670,MAC,1.9828,192.33,2025-03-30,2026-04-27,PricingFeedA,2026-06-27
PRC0000765,24945550574,NADAC,1.5512,62.05,2026-03-10,2027-05-22,PricingFeedA,2026-02-10
PRC0000766,45750813449,WAC,15.9121,334.15,2024-06-29,2026-03-20,PricingFeedB,2025-05-19
PRC0000767,33349215114,MAC,2.1898,111.68,2023-06-23,2024-08-16,PricingFeedB,2026-06-22
PRC0000768,87431285235,AWP,6.6793,581.1,2023-02-26,2023-11-28,PricingFeedA,2026-03-01
PRC0000769,99918121569,NADAC,20.3171,548.56,2023-11-13,2024-05-24,PricingFeedB,2026-02-06
PRC0000770,14432106343,Contract Rate,2.647,201.17,2023-06-08,2024-12-03,PricingFeedB,2026-02-27
PRC0000771,47041166680,WAC,8.304,199.3,2024-06-22,2025-02-16,PricingFeedB,2026-06-21
PRC0000772,22109843357,AWP,8.0716,710.3,2025-12-03,2027-08-13,PricingFeedB,2025-04-03
PRC0000773,39023637631,NADAC,22.6963,1316.39,2025-04-05,2026-05-24,PricingFeedB,2025-01-21
PRC0000774,92965682838,AWP,4.6342,106.59,2023-08-27,2024-10-17,PricingFeedB,2026-04-21
PRC0000775,38862821761,AWP,4.5677,424.8,2024-06-24,2024-10-28,PricingFeedB,2025-06-20
PRC0000776,84458290728,MAC,22.8175,2236.11,2024-09-21,2026-09-04,PricingFeedB,2026-01-10
PRC0000777,22934703171,WAC,3.6468,280.8,2024-08-30,2026-01-24,PricingFeedA,2026-01-12
PRC0000778,31553546728,NADAC,1.1503,101.23,2025-08-16,2026-03-03,PricingFeedA,2026-05-12
PRC0000779,20964366855,MAC,10.887,261.29,2023-07-03,2024-09-21,PricingFeedA,2025-01-27
PRC0000780,48777918537,NADAC,22.6731,748.21,2024-05-25,2025-04-10,PricingFeedA,2026-05-29
PRC0000781,86876532778,NADAC,1.4497,40.59,2025-07-04,2025-11-09,PricingFeedA,2025-07-14
PRC0000782,93961156923,AWP,8.3299,208.25,2024-10-28,2025-09-11,PricingFeedB,2025-02-04
PRC0000783,29337582731,AWP,13.4996,269.99,2024-05-20,2025-11-04,PricingFeedA,2025-03-01
PRC0000784,92233526721,MAC,9.1422,667.38,2023-06-06,2023-12-10,PricingFeedB,2026-05-23
PRC0000785,25964239840,NADAC,4.1978,352.62,2023-11-23,2025-07-12,PricingFeedA,2025-06-26
PRC0000786,13608623051,Contract Rate,19.0734,1411.43,2023-11-16,2024-06-13,PricingFeedB,2025-05-30
PRC0000787,84047590849,Contract Rate,1.3592,123.69,2024-11-18,2025-12-09,PricingFeedB,2025-07-18
PRC0000788,56758128355,AWP,5.2903,349.16,2023-07-03,2024-04-19,PricingFeedA,2025-07-02
PRC0000789,50389239682,Contract Rate,3.8355,379.71,2023-07-16,2023-12-16,PricingFeedA,2026-07-12
PRC0000790,91771545572,WAC,9.3252,466.26,2025-04-16,2026-04-05,PricingFeedB,2025-09-21
PRC0000791,95141181032,NADAC,1.3962,122.87,2024-02-05,2024-10-27,PricingFeedB,2025-01-17
PRC0000792,61680269653,MAC,16.9709,1340.7,2024-10-31,2025-02-07,PricingFeedB,2026-01-24
PRC0000793,75670258359,NADAC,2.1942,68.02,2023-12-18,2024-04-30,PricingFeedA,2025-03-21
PRC0000794,98921439381,NADAC,2.8579,82.88,2024-06-13,2025-02-12,PricingFeedA,2025-02-10
PRC0000795,33745564480,WAC,34.104,1807.51,2024-09-30,2026-06-05,PricingFeedA,2025-03-25
PRC0000796,70556245848,NADAC,5.7561,299.32,2024-11-26,2026-02-03,PricingFeedB,2025-06-30
PRC0000797,19696653191,MAC,17.2659,345.32,2024-08-25,2024-12-23,PricingFeedA,2026-01-12
PRC0000798,73548373375,MAC,26.8112,1903.6,2024-01-07,2024-12-24,PricingFeedB,2025-02-13
PRC0000799,26411345874,NADAC,11.0097,726.64,2025-10-12,2027-04-13,PricingFeedB,2025-12-02
PRC0000800,26884937862,NADAC,1.8795,58.26,2024-10-13,2025-10-10,PricingFeedB,2025-08-11
PRC0000801,14432106343,NADAC,3.296,243.9,2025-07-31,2027-02-27,PricingFeedA,2026-06-26
PRC0000802,28309735158,Contract Rate,124.2876,3604.34,2024-12-23,2025-12-01,PricingFeedA,2025-05-16
PRC0000803,31169773873,AWP,11.3492,1112.22,2023-04-09,2023-10-05,PricingFeedA,2025-12-13
PRC0000804,19352931491,Contract Rate,11.7208,632.92,2024-01-20,2025-07-26,PricingFeedB,2025-05-14
PRC0000805,58378729732,AWP,13.9428,1366.39,2024-01-07,2025-01-29,PricingFeedB,2025-01-25
PRC0000806,26331939675,Contract Rate,3.9696,285.81,2025-12-06,2026-07-08,PricingFeedA,2025-05-23
PRC0000807,41290491468,MAC,7.6566,298.61,2024-10-03,2026-05-19,PricingFeedB,2026-04-10
PRC0000808,76954397631,MAC,12.7292,572.81,2023-11-05,2024-07-10,PricingFeedA,2025-09-19
PRC0000809,65593261567,MAC,3.3548,218.06,2025-04-15,2027-01-20,PricingFeedA,2025-02-01
PRC0000810,29586954162,MAC,1.8708,145.92,2025-02-01,2026-06-19,PricingFeedB,2025-12-16
PRC0000811,83483861176,MAC,16.0152,1553.47,2025-03-01,2026-08-25,PricingFeedB,2026-07-05
PRC0000812,92859713640,Contract Rate,12.4265,347.94,2024-01-26,2025-04-19,PricingFeedB,2025-01-09
PRC0000813,48887377765,Contract Rate,14.3689,1048.93,2026-05-02,2028-02-20,PricingFeedA,2026-07-12
PRC0000814,95394474535,WAC,2.8011,252.1,2025-01-31,2025-11-05,PricingFeedB,2026-05-09
PRC0000815,65812527931,MAC,33.2733,3027.87,2026-04-24,2027-07-10,PricingFeedB,2026-04-18
PRC0000816,33745564480,Contract Rate,80.2419,1925.81,2024-09-07,2026-01-15,PricingFeedB,2025-12-05
PRC0000817,52004247373,MAC,2.7134,103.11,2024-10-28,2025-07-26,PricingFeedB,2025-11-13
PRC0000818,37173563991,WAC,11.5859,521.37,2025-02-08,2026-04-30,PricingFeedB,2025-10-30
PRC0000819,82822319745,AWP,1.7869,78.62,2025-07-01,2026-10-06,PricingFeedA,2025-11-27
PRC0000820,51098510786,NADAC,36.0296,3530.9,2026-01-17,2027-11-22,PricingFeedB,2025-10-16
PRC0000821,14752304010,Contract Rate,4.1583,403.36,2025-02-17,2025-10-28,PricingFeedA,2026-06-16
PRC0000822,15384104284,AWP,2.3249,120.89,2023-11-14,2024-12-23,PricingFeedB,2026-04-19
PRC0000823,81337865957,NADAC,1.6836,42.09,2023-06-15,2025-03-06,PricingFeedB,2026-06-25
PRC0000824,37017591044,Contract Rate,0.2312,21.5,2023-08-14,2024-11-11,PricingFeedA,2026-05-17
PRC0000825,81681687310,Contract Rate,17.7925,1352.23,2026-04-27,2027-03-18,PricingFeedB,2025-07-12
PRC0000826,87088473643,Contract Rate,4.9244,295.46,2025-10-18,2027-09-28,PricingFeedA,2025-03-04
PRC0000827,86832223497,MAC,60.2736,2832.86,2026-01-05,2026-05-05,PricingFeedB,2025-12-23
PRC0000828,93474724778,WAC,2.1646,188.32,2024-10-01,2026-07-16,PricingFeedB,2026-05-09
PRC0000829,33502745180,AWP,16.3522,212.58,2024-07-20,2025-03-27,PricingFeedB,2025-07-28
PRC0000830,52398869460,AWP,10.3186,835.81,2024-11-22,2025-03-20,PricingFeedA,2026-08-12
PRC0000831,20379513865,WAC,5.3979,178.13,2025-12-09,2027-06-26,PricingFeedA,2026-08-04
PRC0000832,98610652597,NADAC,58.3084,5714.22,2025-04-08,2025-08-18,PricingFeedA,2026-02-14
PRC0000833,52004247373,NADAC,1.8935,43.55,2024-11-11,2025-06-10,PricingFeedA,2025-11-04
PRC0000834,96424932254,MAC,13.0328,495.25,2026-02-28,2026-12-04,PricingFeedB,2025-05-13
PRC0000835,54800139458,Contract Rate,7.8138,640.73,2026-03-19,2028-02-04,PricingFeedB,2026-07-25
PRC0000836,47041166680,WAC,5.5251,243.1,2026-04-30,2026-11-26,PricingFeedB,2025-05-18
PRC0000837,47958975815,MAC,0.3166,11.4,2024-01-06,2025-07-08,PricingFeedA,2025-02-11
PRC0000838,95759671235,WAC,6.5373,222.27,2024-07-26,2026-01-12,PricingFeedA,2025-08-27
PRC0000839,31553546728,MAC,2.7894,150.63,2026-01-22,2026-12-29,PricingFeedA,2025-04-05
PRC0000840,10207597398,AWP,11.0656,320.9,2023-02-18,2024-04-16,PricingFeedB,2025-03-03
PRC0000841,42576948965,MAC,1.3687,54.75,2023-07-18,2025-03-28,PricingFeedB,2025-08-17
PRC0000842,61023340877,AWP,25.3048,2277.43,2025-12-23,2026-08-10,PricingFeedA,2025-03-08
PRC0000843,80701649845,NADAC,7.5791,522.96,2025-04-20,2026-08-19,PricingFeedA,2025-10-24
PRC0000844,17278457796,AWP,32.5401,2635.75,2023-06-01,2024-05-02,PricingFeedA,2026-05-14
PRC0000845,67259185565,NADAC,6.3019,308.79,2025-02-01,2026-05-05,PricingFeedA,2025-01-30
PRC0000846,19998557234,WAC,19.8405,1488.04,2023-04-19,2024-06-01,PricingFeedB,2025-02-01
PRC0000847,37570262831,AWP,0.5777,50.26,2025-03-31,2026-01-14,PricingFeedA,2025-04-04
PRC0000848,84702528484,WAC,5.7848,433.86,2023-04-10,2024-04-10,PricingFeedA,2026-03-11
PRC0000849,20662343885,AWP,11.8012,153.42,2023-05-20,2025-04-14,PricingFeedA,2026-03-19
PRC0000850,12082289297,AWP,9.3955,667.08,2024-01-23,2024-07-15,PricingFeedA,2025-06-23
PRC0000851,55068365571,Contract Rate,42.8347,599.69,2025-02-09,2026-07-21,PricingFeedA,2025-09-13
PRC0000852,83727139018,NADAC,108.4333,8891.53,2024-08-09,2025-07-19,PricingFeedB,2025-09-11
PRC0000853,36099200846,MAC,67.249,3160.7,2025-04-12,2025-08-15,PricingFeedB,2026-05-08
PRC0000854,13912543726,MAC,11.6614,618.05,2025-02-09,2026-02-21,PricingFeedA,2026-04-19
PRC0000855,19696653191,MAC,9.4555,624.06,2025-06-13,2026-09-14,PricingFeedB,2026-08-01
PRC0000856,20379513865,MAC,4.9885,124.71,2025-05-31,2026-10-18,PricingFeedA,2026-06-23
PRC0000857,85778839614,NADAC,11.0442,198.8,2023-06-18,2024-05-10,PricingFeedA,2026-06-06
PRC0000858,40423439442,AWP,1.3901,129.28,2026-02-27,2027-04-16,PricingFeedA,2025-09-23
PRC0000859,29398974548,AWP,3.6165,249.54,2026-05-09,2028-02-03,PricingFeedB,2025-06-26
PRC0000860,54458104234,MAC,4.3623,379.52,2023-05-28,2025-04-20,PricingFeedB,2026-02-19
PRC0000861,87455776031,AWP,2.4786,118.97,2023-04-14,2024-05-16,PricingFeedB,2025-05-07
PRC0000862,17127788461,NADAC,7.2029,208.88,2023-01-29,2024-01-27,PricingFeedB,2025-02-08
PRC0000863,56084952427,Contract Rate,8.6925,339.01,2025-02-10,2026-05-23,PricingFeedB,2025-07-06
PRC0000864,86169955947,AWP,2.4682,244.35,2025-02-20,2025-09-27,PricingFeedA,2025-09-16
PRC0000865,76013679988,NADAC,7.2167,469.09,2024-01-10,2025-07-05,PricingFeedB,2025-01-18
PRC0000866,63128504045,AWP,12.6096,479.16,2024-04-25,2024-12-10,PricingFeedA,2025-06-23
PRC0000867,25717847814,NADAC,27.2619,2589.88,2023-12-15,2024-09-24,PricingFeedA,2025-12-16
PRC0000868,47499455138,AWP,15.1868,911.21,2025-05-23,2026-09-23,PricingFeedB,2026-01-16
PRC0000869,55747428354,AWP,3.1489,292.85,2023-11-01,2024-10-31,PricingFeedB,2025-03-31
PRC0000870,71012800477,NADAC,16.3788,622.39,2025-10-26,2027-01-03,PricingFeedA,2026-04-26
PRC0000871,72668546049,WAC,2.7871,133.78,2025-01-29,2026-05-07,PricingFeedB,2025-02-18
PRC0000872,38443858993,NADAC,15.7044,1020.79,2023-02-07,2023-07-30,PricingFeedB,2026-08-08
PRC0000873,94423237054,NADAC,13.6241,1089.93,2024-07-27,2025-03-19,PricingFeedB,2026-06-20
PRC0000874,38862821761,NADAC,4.9282,369.62,2025-06-24,2026-02-16,PricingFeedA,2026-08-09
PRC0000875,37017591044,Contract Rate,9.025,108.3,2024-07-05,2026-05-21,PricingFeedB,2025-06-30
PRC0000876,35913846432,NADAC,4.2908,407.63,2024-03-20,2025-09-17,PricingFeedA,2025-12-21
PRC0000877,44047392978,WAC,22.081,1391.1,2023-01-31,2024-05-03,PricingFeedA,2026-03-15
PRC0000878,10581609776,Contract Rate,9.415,188.3,2025-05-02,2026-03-10,PricingFeedA,2025-05-10
PRC0000879,52954526623,AWP,15.6128,1514.44,2025-10-28,2026-11-19,PricingFeedA,2026-08-07
PRC0000880,84080407924,AWP,12.5581,175.81,2025-02-05,2026-02-08,PricingFeedB,2025-08-15
PRC0000881,13165383624,MAC,-8.8265,-617.85,2024-01-22,2025-02-19,PricingFeedA,2025-08-20
PRC0000882,76440908482,AWP,16.8326,403.98,2026-05-01,2027-08-03,PricingFeedB,2025-06-21
PRC0000883,25904761313,WAC,56.814,1647.61,2025-01-07,2026-07-25,PricingFeedB,2026-06-06
PRC0000884,78234779957,Contract Rate,17.0832,1605.82,2025-08-28,2026-02-05,PricingFeedA,2025-11-12
PRC0000885,47040255743,Contract Rate,0.4343,7.38,2025-09-25,2027-06-16,PricingFeedA,2025-11-24
PRC0000886,77633965520,AWP,3.1196,258.93,2023-08-26,2024-12-15,PricingFeedA,2025-11-03
PRC0000887,54458104234,Contract Rate,2.1829,100.41,2024-02-25,2025-07-09,PricingFeedB,2025-12-05
PRC0000888,25245820746,WAC,15.5342,932.05,2024-01-30,2024-12-04,PricingFeedA,2025-09-07
PRC0000889,86677200466,AWP,15.991,191.89,2025-04-10,2026-12-05,PricingFeedB,2026-05-20
PRC0000890,79563995586,AWP,19.1601,1896.85,2025-11-29,2026-10-07,PricingFeedB,2026-07-23
PRC0000891,82475457780,NADAC,3.6849,176.88,2025-02-16,2026-06-06,PricingFeedA,2025-12-24
PRC0000892,27388983519,WAC,47.6326,4144.04,2023-01-24,2024-07-13,PricingFeedB,2025-04-09
PRC0000893,18554568464,WAC,3.3191,242.29,2026-03-20,2026-08-05,PricingFeedA,2025-02-05
PRC0000894,17278457796,WAC,7.4885,89.86,2023-05-22,2025-01-27,PricingFeedB,2025-09-27
PRC0000895,62299475227,WAC,10.2846,575.94,2025-09-17,2026-10-17,PricingFeedA,2026-06-14
PRC0000896,51098510786,WAC,8.3703,426.89,2025-07-23,2027-05-10,PricingFeedA,2025-04-01
PRC0000897,89346159852,Contract Rate,1.6531,28.1,2026-02-16,2026-09-19,PricingFeedA,2026-03-01
PRC0000898,26670320788,Contract Rate,24.4475,2151.38,2024-11-12,2026-08-13,PricingFeedB,2025-06-16
PRC0000899,99338867913,NADAC,8.6688,286.07,2024-02-05,2025-09-20,PricingFeedB,2025-05-31
PRC0000900,62718517427,NADAC,60.615,3394.44,2023-08-16,2025-04-05,PricingFeedB,2026-08-02
PRC0000901,57576578668,WAC,34.1542,341.54,2025-12-14,2026-06-27,PricingFeedA,2025-10-13
PRC0000902,39023637631,WAC,0.6436,60.5,2025-08-22,2025-12-08,PricingFeedB,2025-12-24
PRC0000903,87787823612,NADAC,20.6736,1261.09,2023-02-05,2023-12-28,PricingFeedA,2026-07-15
PRC0000904,95762624064,Contract Rate,2.1009,111.35,2024-01-18,2025-01-03,PricingFeedA,2026-05-02
PRC0000905,95415942442,AWP,2.5498,219.28,2025-12-08,2026-06-05,PricingFeedA,2026-03-29
PRC0000906,55577596931,NADAC,10.9912,1000.2,2025-09-21,2026-12-31,PricingFeedA,2025-09-16
PRC0000907,85417501813,Contract Rate,29.8474,1104.35,2024-06-04,2025-10-15,PricingFeedA,2025-12-24
PRC0000908,73978849161,WAC,1.3429,110.12,2026-04-19,2027-02-27,PricingFeedA,2025-07-03
PRC0000909,68745493760,WAC,16.3236,718.24,2026-03-28,2027-03-20,PricingFeedB,2025-09-12
PRC0000910,85393162035,NADAC,-9.3169,-177.02,2023-09-06,2025-02-24,PricingFeedA,2025-05-01
PRC0000911,68430498393,WAC,2.1435,199.35,2024-12-26,2026-02-19,PricingFeedB,2026-07-31
PRC0000912,17493123839,AWP,7.8096,304.57,2024-09-26,2026-05-19,PricingFeedB,2026-03-05
PRC0000913,62107980910,MAC,9.7739,322.54,2024-12-31,2026-10-20,PricingFeedA,2025-10-24
PRC0000914,69347757174,Contract Rate,7.4434,416.83,2025-03-09,2025-10-31,PricingFeedA,2025-04-01
PRC0000915,13245368747,WAC,32.1253,1831.14,2026-03-28,2027-11-06,PricingFeedA,2026-03-12
PRC0000916,93474724778,Contract Rate,3.0291,260.5,2024-07-04,2026-01-12,PricingFeedB,2025-02-20
PRC0000917,79480401968,NADAC,6.2228,80.9,2025-07-24,2027-01-07,PricingFeedB,2026-02-14
PRC0000918,79539911319,AWP,6.3249,290.95,2025-03-08,2027-02-23,PricingFeedA,2025-10-12
PRC0000919,81214270455,AWP,22.5976,836.11,2023-10-02,2024-10-01,PricingFeedB,2025-09-04
PRC0000920,44211207023,NADAC,18.9767,398.51,2024-12-10,2026-05-22,PricingFeedA,2025-05-29
PRC0000921,71609142040,NADAC,1.5531,100.95,2024-08-24,2025-09-06,PricingFeedB,2025-06-16
PRC0000922,41322801585,NADAC,16.8841,1232.54,2025-03-28,2026-09-24,PricingFeedA,2025-10-15
PRC0000923,14432106343,NADAC,6.3525,578.08,2024-11-07,2026-01-11,PricingFeedA,2026-03-26
PRC0000924,92515101438,Contract Rate,6.7782,101.67,2025-12-08,2026-03-14,PricingFeedB,2025-08-19
PRC0000925,54154506357,WAC,8.5997,739.57,2026-05-17,2026-09-18,PricingFeedB,2025-01-06
PRC0000926,31674507922,NADAC,15.0262,1427.49,2026-05-14,2027-02-05,PricingFeedA,2025-06-25
PRC0000927,45750813449,AWP,2.2191,26.63,2026-01-22,2026-09-07,PricingFeedB,2025-06-02
PRC0000928,67080423748,AWP,15.7338,1164.3,2024-07-16,2025-01-16,PricingFeedB,2026-07-22
PRC0000929,58914968790,NADAC,2.8397,28.4,2023-06-10,2025-03-26,PricingFeedB,2025-02-26
PRC0000930,95762624064,Contract Rate,27.1657,1575.61,2026-02-24,2027-06-26,PricingFeedB,2026-03-12
PRC0000931,16463469022,Contract Rate,35.3486,2933.93,2023-12-27,2025-08-16,PricingFeedB,2025-10-21
PRC0000932,73812149827,MAC,3.5708,49.99,2024-12-01,2026-01-09,PricingFeedB,2025-11-14
PRC0000933,83727139018,MAC,3.1667,278.67,2023-08-13,2024-07-30,PricingFeedB,2025-04-16
PRC0000934,20858309589,NADAC,3.5501,234.31,2025-05-28,2026-01-12,PricingFeedA,2025-06-16
PRC0000935,40085120419,WAC,8.013,200.32,2026-03-20,2026-07-18,PricingFeedA,2025-04-05
PRC0000936,76954397631,MAC,4.5227,289.45,2025-09-08,2026-10-13,PricingFeedB,2025-09-19
PRC0000937,56758128355,NADAC,4.7402,241.75,2026-01-19,2026-08-27,PricingFeedA,2025-06-09
PRC0000938,99024156725,MAC,2.6551,246.92,2025-12-16,2026-05-07,PricingFeedB,2025-04-02
PRC0000939,52833519370,NADAC,14.2745,1084.86,2024-10-29,2026-02-17,PricingFeedA,2025-01-13
PRC0000940,83483861176,MAC,2.9903,134.56,2026-05-19,2027-04-11,PricingFeedA,2025-10-25
PRC0000941,67041360337,NADAC,7.9012,750.61,2025-02-01,2026-04-06,PricingFeedB,2025-10-12
PRC0000942,92294919275,WAC,12.6139,807.29,2025-09-29,2027-03-22,PricingFeedB,2025-09-25
PRC0000943,33667709457,MAC,18.5365,444.88,2024-04-10,2025-03-16,PricingFeedA,2025-02-22
PRC0000944,61102807993,NADAC,,264.61,2025-05-29,2026-03-01,PricingFeedA,2025-09-06
PRC0000945,54493906935,MAC,31.3622,2069.91,2025-06-17,2027-05-11,PricingFeedB,2025-12-09
PRC0000946,12914717458,NADAC,4.4376,381.63,2024-03-13,2025-06-19,PricingFeedA,2025-01-26
PRC0000947,29268903018,WAC,6.8837,302.88,2025-09-14,2027-06-14,PricingFeedB,2026-06-22
PRC0000948,87180850251,WAC,7.1744,121.96,2023-10-29,2024-06-28,PricingFeedA,2025-08-09
PRC0000949,80550996369,MAC,5.7783,404.48,2023-07-22,2023-12-30,PricingFeedA,2026-05-18
PRC0000950,17278457796,Contract Rate,10.7149,825.05,2023-07-15,2024-01-26,PricingFeedB,2025-09-13
PRC0000951,67426983874,WAC,32.6153,2511.38,2025-10-25,2026-11-13,PricingFeedA,2025-09-25
PRC0000952,49954258793,AWP,3.4865,104.59,2023-10-25,2025-08-12,PricingFeedA,2026-02-17
PRC0000953,90250181876,MAC,2.7805,225.22,2023-11-14,2025-05-24,PricingFeedA,2025-09-21
PRC0000954,37017591044,Contract Rate,58.1589,4885.35,2026-02-16,2026-11-11,PricingFeedA,2026-03-28
PRC0000955,41274493097,AWP,1.519,94.18,2023-05-13,2024-06-07,PricingFeedA,2025-11-09
PRC0000956,78211193483,WAC,2.3909,217.57,2025-03-16,2026-01-23,PricingFeedA,2025-03-01
PRC0000957,67080423748,AWP,34.8502,2718.32,2023-06-17,2024-09-12,PricingFeedA,2025-11-05
PRC0000958,87787823612,AWP,9.2728,241.09,2026-02-02,2027-12-17,PricingFeedB,2025-01-08
PRC0000959,67115974246,NADAC,12.861,913.13,2024-12-31,2026-04-25,PricingFeedB,2025-01-26
PRC0000960,44905932967,AWP,14.7904,1375.51,2026-01-17,2027-02-09,PricingFeedB,2026-01-22
PRC0000961,81267869985,Contract Rate,1.8457,119.97,2026-05-04,2027-09-13,PricingFeedB,2026-06-03
PRC0000962,87647246210,AWP,30.8086,2557.11,2023-07-10,2024-09-01,PricingFeedA,2026-04-03
PRC0000963,55751721745,AWP,19.7192,1597.26,2025-10-24,2026-06-02,PricingFeedB,2026-05-06
PRC0000964,87507818254,WAC,7.6534,275.52,2024-03-02,2024-11-08,PricingFeedA,2026-02-02
PRC0000965,31620645567,Contract Rate,12.8714,540.6,2024-04-30,2025-04-14,PricingFeedB,2025-10-07
PRC0000966,31054839415,WAC,5.4763,388.82,2025-12-07,2027-05-11,PricingFeedA,2025-08-30
PRC0000967,13230284057,AWP,76.5477,2985.36,2025-05-21,2027-05-05,PricingFeedA,2025-08-21
PRC0000968,83727139018,WAC,14.6735,1261.92,2023-04-13,2023-08-18,PricingFeedA,2025-01-11
PRC0000969,93322571389,NADAC,3.5894,78.97,2024-09-16,2025-07-16,PricingFeedA,2025-10-11
PRC0000970,54145454630,AWP,7.5583,219.19,2025-09-16,2026-10-17,PricingFeedB,2025-03-02
PRC0000971,20380451050,MAC,95.8149,3640.97,2024-07-02,2026-05-06,PricingFeedA,2025-11-05
PRC0000972,99511771384,NADAC,44.1598,4106.86,2024-05-13,2024-11-17,PricingFeedB,2025-12-02
PRC0000973,22438118591,WAC,10.9049,1003.25,2025-06-08,2026-01-01,PricingFeedA,2026-07-21
PRC0000974,98795104473,Contract Rate,12.8693,862.24,2023-07-22,2024-03-29,PricingFeedB,2026-01-20
PRC0000975,60248651619,Contract Rate,11.3033,293.89,2024-04-13,2024-08-03,PricingFeedB,2025-05-16
PRC0000976,84458290728,NADAC,13.6968,178.06,2026-01-31,2027-07-10,PricingFeedA,2026-02-19
PRC0000977,19952451798,AWP,2.8158,205.55,2024-12-04,2025-08-22,PricingFeedB,2025-08-18
PRC0000978,45750813449,NADAC,14.8597,757.84,2023-05-07,2023-09-05,PricingFeedA,2025-05-13
PRC0000979,12250369486,Contract Rate,7.1502,371.81,2024-02-07,2025-01-15,PricingFeedB,2025-07-30
PRC0000980,13622989050,AWP,2.7103,265.61,2024-01-03,2025-04-25,PricingFeedA,2025-10-04
PRC0000981,46113156038,AWP,5.4604,131.05,2024-05-12,2024-10-07,PricingFeedB,2025-07-05
PRC0000982,25353369992,MAC,2.1295,181.01,2023-08-05,2024-03-13,PricingFeedB,2026-01-10
PRC0000983,63166657868,Contract Rate,13.7163,836.69,2026-03-13,2027-04-01,PricingFeedB,2026-04-20
PRC0000984,54054126339,AWP,0.4565,23.74,2025-05-31,2026-02-04,PricingFeedA,2026-04-11
PRC0000985,77633965520,NADAC,1.4042,74.42,2024-06-10,2025-01-26,PricingFeedA,2025-06-26
PRC0000986,13165383624,WAC,16.998,968.89,2023-03-14,2024-11-08,PricingFeedA,2026-07-04
PRC0000987,65812527931,MAC,6.0635,412.32,2026-03-07,2026-06-15,PricingFeedA,2025-06-14
PRC0000988,19352931491,Contract Rate,2.1967,35.15,2023-11-26,2024-09-19,PricingFeedB,2025-11-28
PRC0000989,92809819256,MAC,2.2591,61.0,2024-05-03,2024-10-13,PricingFeedA,2025-08-08
PRC0000990,19270364213,WAC,30.8515,1048.95,2026-01-07,2026-05-18,PricingFeedB,2026-02-27
PRC0000991,68749757957,WAC,13.7529,178.79,2025-10-14,2026-08-14,PricingFeedA,2026-06-23
PRC0000992,95095862344,Contract Rate,20.622,1340.43,2023-03-26,2024-11-19,PricingFeedA,2026-03-27
PRC0000993,22743552549,MAC,8.419,564.07,2025-06-04,2026-04-10,PricingFeedB,2025-11-16
PRC0000994,54145454630,MAC,42.6921,3329.98,2023-10-25,2025-08-08,PricingFeedB,2026-05-07
PRC0000995,83931760396,WAC,7.9594,628.79,2024-05-11,2025-03-03,PricingFeedB,2025-07-30
PRC0000996,66961165235,NADAC,5.9508,226.13,2023-04-14,2023-08-03,PricingFeedB,2025-02-03
PRC0000997,40773504873,NADAC,12.695,253.9,2024-11-26,2026-05-19,PricingFeedA,2025-06-16
PRC0000998,27054682245,NADAC,,188.34,2023-06-10,2025-05-07,PricingFeedB,2025-01-30
PRC0000999,71012800477,MAC,2.4436,61.09,2023-09-15,2024-06-30,PricingFeedB,2025-05-14
PRC0001000,22147106039,NADAC,1.373,32.95,2023-08-18,2024-06-09,PricingFeedB,2026-06-29
PRC0001001,94312952831,Contract Rate,2.6254,128.64,2023-05-28,2024-08-08,PricingFeedA,2026-03-28
PRC0001002,74359942977,MAC,10.073,302.19,2024-12-07,2025-11-02,PricingFeedA,2025-08-09
PRC0001003,61102807993,NADAC,6.0058,270.26,2023-01-17,2024-06-19,PricingFeedA,2026-07-30
PRC0001004,44605799615,MAC,9.4842,654.41,2025-07-19,2027-04-15,PricingFeedB,2026-01-28
PRC0001005,37135715266,AWP,4.0502,178.21,2026-04-30,2026-09-02,PricingFeedA,2025-11-26
PRC0001006,87424262238,NADAC,16.1268,919.23,2023-12-24,2025-08-03,PricingFeedB,2026-04-16
PRC0001007,65494134693,Contract Rate,1.8996,79.78,2025-05-16,2027-04-01,PricingFeedA,2025-10-16
PRC0001008,25094254121,MAC,7.8289,172.24,2024-08-18,2026-08-03,PricingFeedB,2026-07-23
PRC0001009,31559714166,MAC,27.2351,354.06,2023-05-26,2024-08-07,PricingFeedB,2025-05-31
PRC0001010,65244152274,AWP,4.7608,180.91,2026-04-29,2028-02-11,PricingFeedB,2026-07-28
PRC0001011,32345951358,Contract Rate,3.2225,87.01,2023-12-28,2025-05-11,PricingFeedA,2026-05-02
PRC0001012,31107191665,AWP,9.7315,350.33,2025-01-21,2025-12-10,PricingFeedB,2026-06-12
PRC0001013,96688660979,WAC,7.0596,247.09,2025-08-05,2026-01-13,PricingFeedB,2026-04-03
PRC0001014,11107186150,AWP,3.6965,258.75,2026-01-02,2026-06-06,PricingFeedA,2025-10-04
PRC0001015,35021253272,Contract Rate,3.488,299.97,2024-06-01,2026-02-27,PricingFeedA,2026-04-14
PRC0001016,38481272433,MAC,19.1529,1857.83,2023-08-17,2025-04-22,PricingFeedB,2026-05-12
PRC0001017,89292409434,WAC,6.3892,491.97,2026-05-18,2027-12-23,PricingFeedB,2025-06-07
PRC0001018,92375297554,MAC,1.0872,25.01,2025-12-02,2026-08-17,PricingFeedA,2025-12-22
PRC0001019,46005730687,WAC,0.8489,54.33,2025-09-10,2027-04-29,PricingFeedA,2025-09-19
PRC0001020,50461794847,Contract Rate,7.7854,116.78,2024-10-02,2026-05-28,PricingFeedA,2025-04-19
PRC0001021,92131319328,WAC,1.3135,86.69,2026-02-12,2027-04-20,PricingFeedB,2026-07-11
PRC0001022,15134521550,NADAC,18.9057,604.98,2023-06-27,2024-01-22,PricingFeedA,2026-07-29
PRC0001023,51730490271,UNKNOWN_METHOD,27.9855,1847.04,2023-03-05,2023-09-04,PricingFeedB,2026-07-29
PRC0001024,23819199572,Contract Rate,11.138,167.07,2024-06-12,2026-04-16,PricingFeedA,2026-01-14
PRC0001025,76324394748,NADAC,6.1919,594.42,2025-06-22,2027-05-03,PricingFeedB,2025-04-20
PRC0001026,80340679445,Contract Rate,2.6641,189.15,2023-05-22,2025-04-16,PricingFeedA,2026-08-13
PRC0001027,91638946513,MAC,5.2462,199.36,2023-10-14,2025-04-01,PricingFeedA,2026-04-23
PRC0001028,17127788461,Contract Rate,11.8325,496.96,2026-05-19,2027-07-14,PricingFeedA,2026-01-20
PRC0001029,27078116314,Contract Rate,3.6789,91.97,2023-01-18,2024-06-11,PricingFeedB,2025-04-07
PRC0001030,82145991167,MAC,1.406,74.52,2026-02-15,2026-08-24,PricingFeedB,2025-12-06
PRC0001031,76744433751,Contract Rate,1.994,193.42,2024-12-24,2025-06-22,PricingFeedA,2026-05-01
PRC0001032,15897986050,AWP,2.5722,33.44,2024-10-16,2026-01-20,PricingFeedA,2026-07-17
PRC0001033,31723369638,NADAC,6.9226,263.06,2025-11-05,2026-04-04,PricingFeedA,2025-04-07
PRC0001034,68669877665,Contract Rate,8.2954,273.75,2026-02-04,2027-12-10,PricingFeedA,2025-02-16
PRC0001035,21904569624,MAC,4.2617,285.53,2023-12-24,2024-10-15,PricingFeedA,2025-10-19
PRC0001036,66897831639,AWP,,219.59,2025-09-19,2027-04-16,PricingFeedA,2026-01-06
PRC0001037,76548454081,WAC,,260.07,2026-01-26,2026-07-23,PricingFeedB,2026-01-06
PRC0001038,58801526081,WAC,12.2475,379.67,2025-09-12,2027-07-31,PricingFeedB,2026-06-12
PRC0001039,95095862344,NADAC,5.4337,326.02,2024-04-24,2025-12-23,PricingFeedB,2026-01-08
PRC0001040,69287415359,Contract Rate,3.5134,200.26,2024-10-11,2026-04-28,PricingFeedA,2025-09-25
PRC0001041,24069146482,NADAC,1.7068,138.25,2023-10-19,2024-06-05,PricingFeedA,2025-12-24
PRC0001042,93243253281,MAC,1.4757,59.03,2025-09-16,2026-10-04,PricingFeedA,2025-09-16
PRC0001043,13658312760,MAC,7.6232,503.13,2023-06-27,2025-06-02,PricingFeedA,2025-05-05
PRC0001044,26801997786,WAC,165.8406,1990.09,2024-04-06,2026-01-07,PricingFeedB,2025-07-01
PRC0001045,22581320920,MAC,15.3957,862.16,2023-06-28,2024-11-22,PricingFeedB,2025-08-06
PRC0001046,55504611813,Contract Rate,6.5725,479.79,2023-02-22,2024-05-27,PricingFeedA,2025-04-17
PRC0001047,96515232917,NADAC,17.9065,626.73,2024-05-31,2024-11-08,PricingFeedB,2026-04-21
PRC0001048,45469791921,WAC,4.3983,171.53,2024-08-17,2025-04-19,PricingFeedA,2025-07-13
PRC0001049,73978849161,MAC,2.2426,49.34,2025-11-29,2026-07-11,PricingFeedB,2025-12-03
PRC0001050,89013673320,NADAC,32.6346,1174.85,2024-03-12,2024-08-14,PricingFeedB,2025-10-02
PRC0001051,47041166680,NADAC,5.468,196.85,2026-01-30,2027-05-09,PricingFeedA,2026-07-30
PRC0001052,86150728282,Contract Rate,-1.8112,-94.18,2025-10-15,2027-01-16,PricingFeedA,2025-03-14
PRC0001053,13658312760,Contract Rate,5.5032,379.72,2024-08-12,2026-07-30,PricingFeedB,2026-07-27
PRC0001054,65004145763,NADAC,5.4374,429.55,2024-02-19,2025-10-08,PricingFeedB,2025-06-12
PRC0001055,78632194752,NADAC,11.2347,741.49,2026-05-09,2027-03-01,PricingFeedB,2025-04-23
PRC0001056,60986106546,MAC,1.5503,86.82,2023-10-07,2024-12-22,PricingFeedA,2025-11-30
PRC0001057,10436308221,AWP,2.2562,144.4,2023-07-05,2024-02-04,PricingFeedB,2025-02-01
PRC0001058,57036754977,Contract Rate,0.9337,82.17,2023-04-03,2023-10-17,PricingFeedA,2025-11-23
PRC0001059,84080407924,MAC,4.0581,194.79,2025-02-04,2025-06-07,PricingFeedB,2026-08-13
PRC0001060,61687887076,NADAC,2.1108,59.1,2023-06-18,2024-09-01,PricingFeedB,2026-02-06
PRC0001061,43392739451,Contract Rate,19.3395,1798.57,2024-11-12,2026-01-20,PricingFeedB,2026-02-09
PRC0001062,13685557379,NADAC,4.5738,443.66,2023-05-10,2024-11-01,PricingFeedA,2025-09-09
PRC0001063,66359510772,Contract Rate,13.289,159.47,2023-07-27,2024-01-07,PricingFeedB,2025-08-03
PRC0001064,96682671088,NADAC,19.7838,672.65,2023-05-20,2024-09-01,PricingFeedB,2025-08-05
PRC0001065,22743552549,WAC,19.9121,577.45,2023-10-27,2025-03-09,PricingFeedA,2025-11-19
PRC0001066,10581609776,AWP,4.4418,368.67,2025-03-07,2026-12-28,PricingFeedA,2025-05-26
PRC0001067,80251520484,MAC,11.7994,1097.34,2023-01-22,2023-10-11,PricingFeedB,2025-11-05
PRC0001068,41217651162,Contract Rate,10.6106,435.03,2024-07-03,2026-02-02,PricingFeedA,2025-08-25
PRC0001069,12859564719,AWP,11.6049,615.06,2024-12-20,2025-12-15,PricingFeedB,2026-06-25
PRC0001070,43873981962,NADAC,1.1491,44.81,2026-04-05,2028-02-19,PricingFeedA,2025-03-06
PRC0001071,25964239840,NADAC,29.7284,1159.41,2024-01-18,2025-05-02,PricingFeedB,2025-12-02
PRC0001072,43075554442,NADAC,,295.71,2023-07-13,2024-05-04,PricingFeedA,2025-07-11
PRC0001073,35743278195,NADAC,8.8693,682.94,2025-10-20,2026-03-08,PricingFeedB,2025-09-04
PRC0001074,96688660979,Contract Rate,5.0332,80.53,2024-05-07,2024-09-21,PricingFeedA,2025-06-28
PRC0001075,70149202243,NADAC,6.7617,256.94,2023-03-27,2023-07-02,PricingFeedB,2026-03-12
PRC0001076,67086806285,WAC,2.3039,179.7,2024-12-05,2026-02-20,PricingFeedB,2025-05-23
PRC0001077,51203246489,MAC,1.7901,103.83,2023-04-23,2023-12-28,PricingFeedB,2025-05-17
PRC0001078,57300408459,WAC,10.384,571.12,2025-06-26,2026-07-08,PricingFeedB,2026-01-14
PRC0001079,58914968790,Contract Rate,15.3819,1030.59,2026-04-11,2027-04-07,PricingFeedA,2025-04-18
PRC0001080,38458321680,NADAC,10.9363,404.64,2026-04-04,2027-04-03,PricingFeedA,2025-05-26
PRC0001081,21128586347,NADAC,18.0836,1772.19,2024-11-14,2025-04-01,PricingFeedA,2025-11-24
PRC0001082,56758128355,Contract Rate,8.4652,744.94,2026-05-18,2027-03-09,PricingFeedB,2026-03-18
PRC0001083,37135715266,Contract Rate,2.2685,190.55,2023-08-16,2024-07-13,PricingFeedB,2025-12-30
PRC0001084,20775807220,WAC,78.3626,2194.15,2023-09-17,2024-03-03,PricingFeedB,2026-07-13
PRC0001085,13745261453,Contract Rate,6.2332,81.03,2025-05-13,2026-07-07,PricingFeedB,2025-06-24
PRC0001086,92131319328,Contract Rate,1.3756,96.29,2024-09-02,2025-03-19,PricingFeedB,2025-03-24
PRC0001087,80870713084,NADAC,1.8877,90.61,2023-08-21,2023-12-13,PricingFeedA,2026-07-30
PRC0001088,97162450186,MAC,10.3771,560.36,2024-07-19,2026-03-28,PricingFeedA,2025-10-16
PRC0001089,96688385328,NADAC,8.8363,751.09,2023-04-25,2024-02-17,PricingFeedA,2025-05-31
PRC0001090,51730490271,Contract Rate,6.2967,566.7,2025-10-14,2026-02-17,PricingFeedA,2026-05-16
PRC0001091,13912543726,NADAC,7.1196,427.18,2024-04-21,2025-11-19,PricingFeedB,2025-03-03
PRC0001092,48887377765,WAC,13.0386,912.7,2026-02-07,2027-05-14,PricingFeedA,2025-10-12
PRC0001093,52800745415,MAC,5.3011,174.94,2024-05-31,2024-12-23,PricingFeedA,2025-08-06
PRC0001094,72668546049,WAC,2.4412,183.09,2026-01-14,2027-07-19,PricingFeedA,2025-05-22
PRC0001095,25766628880,MAC,1.9897,97.5,2024-10-22,2025-09-09,PricingFeedB,2026-01-20
PRC0001096,54893863057,Contract Rate,4.5618,346.7,2024-12-12,2026-04-10,PricingFeedB,2025-09-04
PRC0001097,76440908482,WAC,29.4399,677.12,2024-05-23,2025-01-20,PricingFeedA,2026-01-28
PRC0001098,90409204356,AWP,6.4001,396.81,2025-01-29,2025-10-10,PricingFeedB,2025-12-28
PRC0001099,13685557379,MAC,4.9476,178.11,2024-09-02,2026-02-12,PricingFeedB,2025-10-31
PRC0001100,22965734777,WAC,30.4,1976.0,2024-02-08,2024-11-17,PricingFeedB,2026-07-13
PRC0001101,14546502462,Contract Rate,4.2248,190.12,2023-03-13,2024-10-25,PricingFeedB,2025-01-18
PRC0001102,22313207361,AWP,11.1395,1035.97,2023-02-26,2024-02-10,PricingFeedB,2025-01-27
PRC0001103,79689644320,MAC,2.0141,52.37,2024-06-21,2025-04-08,PricingFeedB,2026-04-11
PRC0001104,93234720318,WAC,2.5315,169.61,2024-01-05,2025-04-23,PricingFeedB,2025-06-21
PRC0001105,46005730687,NADAC,9.4035,526.6,2026-01-04,2027-04-21,PricingFeedB,2026-05-24
PRC0001106,83316704390,Contract Rate,17.4348,366.13,2023-05-11,2024-11-04,PricingFeedA,2025-04-21
PRC0001107,67426983874,Contract Rate,13.2648,185.71,2023-07-04,2024-06-09,PricingFeedA,2025-02-27
PRC0001108,26059713727,MAC,4.0402,193.93,2024-07-25,2025-03-08,PricingFeedB,2026-06-11
PRC0001109,83727139018,NADAC,11.4232,514.04,2023-01-06,2024-03-23,PricingFeedB,2026-02-01
PRC0001110,23885768970,MAC,5.77,513.53,2023-11-09,2025-09-14,PricingFeedB,2026-04-02
PRC0001111,54458104234,Contract Rate,2.001,96.05,2024-12-20,2026-05-26,PricingFeedA,2026-05-29
PRC0001112,31169773873,MAC,2.186,137.72,2025-03-03,2026-05-18,PricingFeedB,2025-05-18
PRC0001113,78929224734,MAC,0.8113,70.58,2024-05-26,2025-01-02,PricingFeedA,2026-04-26
PRC0001114,18150603280,NADAC,5.6181,320.23,2025-09-19,2027-08-19,PricingFeedB,2025-01-30
PRC0001115,77675552758,MAC,2.4614,236.29,2025-11-28,2026-05-25,PricingFeedA,2025-05-11
PRC0001116,86876532778,NADAC,4.3394,125.84,2024-06-23,2024-11-10,PricingFeedA,2025-08-13
PRC0001117,20972530362,Contract Rate,11.9396,262.67,2025-05-18,2026-08-21,PricingFeedB,2025-07-25
PRC0001118,94714373929,NADAC,2.2319,44.64,2024-06-13,2026-05-14,PricingFeedB,2026-02-05
PRC0001119,31189367180,WAC,2.3565,141.39,2023-05-09,2024-10-17,PricingFeedA,2025-07-11
PRC0001120,66887309527,AWP,5.1181,399.21,2024-04-21,2025-08-28,PricingFeedB,2025-05-18
PRC0001121,98272669316,NADAC,4.1985,230.92,2024-05-30,2025-12-08,PricingFeedA,2026-01-07
PRC0001122,41577609162,WAC,6.1861,204.14,2023-04-30,2024-08-19,PricingFeedA,2025-10-31
PRC0001123,13685557379,NADAC,12.1721,925.08,2023-10-09,2025-02-10,PricingFeedB,2025-09-16
PRC0001124,61680269653,Contract Rate,3.0672,144.16,2024-12-09,2025-05-25,PricingFeedB,2025-10-05
PRC0001125,47734931755,Contract Rate,2.9887,77.71,2024-12-09,2025-10-17,PricingFeedA,2025-12-01
PRC0001126,87709126031,UNKNOWN_METHOD,3.6212,282.45,2025-05-18,2025-10-06,PricingFeedB,2025-09-25
PRC0001127,78929224734,AWP,24.6257,689.52,2025-08-17,2026-08-23,PricingFeedA,2026-02-03
PRC0001128,82124250653,NADAC,41.6609,2291.35,2023-04-09,2023-09-22,PricingFeedB,2025-11-22
PRC0001129,37986793471,AWP,2.408,122.81,2023-10-03,2024-09-06,PricingFeedB,2025-10-29
PRC0001130,24213947031,AWP,4.6127,438.21,2025-09-07,2027-05-18,PricingFeedA,2025-05-12
PRC0001131,52440734534,WAC,46.719,1541.73,2024-04-18,2025-10-20,PricingFeedB,2025-11-23
PRC0001132,45073829754,NADAC,1.6425,111.69,2023-01-29,2023-06-22,PricingFeedB,2025-12-26
PRC0001133,98953435785,NADAC,1.4164,59.49,2025-01-04,2025-11-04,PricingFeedB,2025-03-08
PRC0001134,62579571575,MAC,19.6442,589.33,2024-11-01,2025-03-17,PricingFeedB,2025-04-04
PRC0001135,59136731178,NADAC,4.745,156.59,2024-03-12,2026-01-09,PricingFeedB,2025-03-14
PRC0001136,33202515562,Contract Rate,3.976,230.61,2025-08-25,2026-05-12,PricingFeedA,2025-09-30
PRC0001137,77447650355,MAC,8.1737,359.64,2025-08-04,2027-07-14,PricingFeedA,2026-03-23
PRC0001138,74618978456,NADAC,1.5089,104.11,2025-04-16,2026-01-28,PricingFeedB,2025-05-17
PRC0001139,60804702793,AWP,7.2298,607.3,2024-04-13,2024-07-15,PricingFeedA,2025-11-16
PRC0001140,39077562796,Contract Rate,-21.2389,-1741.59,2026-01-13,2027-09-23,PricingFeedA,2025-10-12
PRC0001141,87507818254,AWP,9.5192,580.67,2024-01-26,2024-09-14,PricingFeedA,2026-06-05
PRC0001142,69207755847,AWP,2.2446,92.03,2024-03-16,2024-09-02,PricingFeedA,2026-06-08
PRC0001143,83727139018,AWP,5.3663,423.94,2023-03-19,2024-02-17,PricingFeedB,2026-08-03
PRC0001144,28631979336,WAC,5.0764,162.44,2024-04-01,2024-09-22,PricingFeedB,2025-02-09
PRC0001145,21642883934,AWP,3.7398,269.27,2024-12-11,2025-12-05,PricingFeedA,2026-04-21
PRC0001146,38999870858,NADAC,23.7511,1876.34,2026-02-21,2027-02-23,PricingFeedA,2025-08-10
PRC0001147,26670320788,Contract Rate,12.1628,364.88,2026-03-02,2028-01-06,PricingFeedB,2025-03-05
PRC0001148,48632631955,Contract Rate,3.1021,288.5,2024-04-24,2024-12-04,PricingFeedB,2026-08-07
PRC0001149,29268903018,Contract Rate,11.9988,1091.89,2023-05-21,2024-05-05,PricingFeedB,2025-07-26
PRC0001150,17127788461,AWP,90.355,6505.56,2024-08-15,2025-02-28,PricingFeedB,2026-03-19
PRC0001151,43240994052,Contract Rate,7.5752,189.38,2023-02-23,2023-07-20,PricingFeedA,2026-06-07
PRC0001152,29308802360,AWP,11.5847,1088.96,2024-01-12,2025-11-29,PricingFeedA,2026-05-24
PRC0001153,38443858993,MAC,9.557,764.56,2026-04-29,2026-11-27,PricingFeedA,2025-01-27
PRC0001154,29289502522,WAC,14.9969,704.85,2023-07-26,2024-07-07,PricingFeedB,2025-07-31
PRC0001155,95762624064,NADAC,2.5592,110.05,2023-11-17,2024-08-09,PricingFeedB,2025-08-28
PRC0001156,75670258359,WAC,6.3059,580.14,2026-03-04,2027-06-25,PricingFeedA,2026-07-26
PRC0001157,31553546728,WAC,2.4251,167.33,2023-03-01,2024-08-26,PricingFeedB,2025-09-07
PRC0001158,93839707777,NADAC,26.8842,2338.93,2024-02-08,2024-05-15,PricingFeedA,2025-11-09
PRC0001159,12914717458,MAC,2.114,202.94,2025-11-11,2026-04-25,PricingFeedB,2026-01-05
PRC0001160,96593890261,WAC,3.2503,240.52,2026-03-03,2027-11-11,PricingFeedA,2025-06-15
PRC0001161,58378729732,NADAC,15.6408,281.53,2023-05-07,2024-05-05,PricingFeedB,2025-09-25
PRC0001162,84458290728,MAC,10.1784,681.95,2023-04-25,2023-08-19,PricingFeedA,2025-05-02
PRC0001163,38481272433,NADAC,12.4207,360.2,2024-08-05,2025-06-29,PricingFeedA,2026-01-29
PRC0001164,94487791738,NADAC,6.647,465.29,2023-01-28,2024-04-23,PricingFeedB,2025-11-17
PRC0001165,33667709457,MAC,10.4224,990.13,2025-09-23,2026-01-27,PricingFeedA,2026-05-08
PRC0001166,68669877665,WAC,13.8707,429.99,2023-04-22,2023-09-06,PricingFeedB,2025-01-28
PRC0001167,64648918947,WAC,7.2826,662.72,2023-04-17,2024-12-30,PricingFeedA,2025-01-18
PRC0001168,99603627774,NADAC,1.9668,78.67,2023-11-23,2025-02-03,PricingFeedA,2025-02-08
PRC0001169,38458321680,WAC,18.5101,1628.89,2023-08-04,2024-10-07,PricingFeedA,2026-08-11
PRC0001170,20662343885,NADAC,20.6434,1114.74,2025-03-15,2026-04-10,PricingFeedA,2025-02-13
PRC0001171,54493906935,AWP,8.0569,652.61,2025-05-17,2026-02-03,PricingFeedB,2025-04-19
PRC0001172,12082289297,AWP,12.5034,725.2,2023-08-21,2025-02-11,PricingFeedB,2025-04-07
PRC0001173,79715188913,NADAC,11.3649,125.01,2023-02-05,2023-08-09,PricingFeedA,2025-11-26
PRC0001174,82097839974,WAC,,218.19,2025-02-19,2025-07-26,PricingFeedB,2025-08-11
PRC0001175,68335772779,Contract Rate,11.9074,500.11,2025-05-03,2026-10-20,PricingFeedA,2026-01-30
PRC0001176,13912543726,NADAC,7.9095,237.29,2024-06-02,2024-09-09,PricingFeedA,2026-05-25
PRC0001177,23809467884,MAC,7.0697,494.88,2024-10-22,2025-08-24,PricingFeedA,2025-12-17
PRC0001178,36582971350,WAC,1.1398,79.79,2023-12-22,2025-06-05,PricingFeedB,2026-06-15
PRC0001179,20641978938,WAC,5.418,260.06,2026-01-15,2026-07-22,PricingFeedA,2026-08-06
PRC0001180,13230284057,AWP,8.9555,841.82,2023-01-21,2023-08-02,PricingFeedB,2025-06-04
PRC0001181,81267869985,NADAC,0.8412,21.87,2023-01-30,2024-01-01,PricingFeedA,2026-01-13
PRC0001182,36423490868,Contract Rate,6.5126,306.09,2026-01-08,2027-02-18,PricingFeedA,2025-11-03
PRC0001183,50671205631,NADAC,9.8403,944.67,2025-05-08,2027-04-01,PricingFeedA,2026-01-23
PRC0001184,25964239840,WAC,63.6004,5342.43,2023-03-29,2024-01-01,PricingFeedA,2025-09-26
PRC0001185,17204851877,NADAC,22.6819,839.23,2025-12-08,2027-03-12,PricingFeedB,2025-11-23
PRC0001186,63011707032,MAC,2.1484,158.98,2023-02-10,2023-12-12,PricingFeedA,2025-03-24
PRC0001187,38481272433,Contract Rate,8.5624,744.93,2026-01-07,2026-04-10,PricingFeedB,2025-09-11
PRC0001188,80033254784,WAC,4.2706,239.15,2024-03-02,2024-08-08,PricingFeedB,2026-04-09
PRC0001189,23885768970,Contract Rate,3.3379,317.1,2024-04-29,2024-10-20,PricingFeedB,2025-12-28
PRC0001190,42374213026,WAC,12.3953,297.49,2023-08-19,2025-01-12,PricingFeedA,2026-05-09
PRC0001191,42368965233,NADAC,126.7358,4689.22,2023-04-18,2024-08-22,PricingFeedA,2026-08-02
PRC0001192,67080423748,AWP,7.5932,318.91,2025-06-21,2026-05-02,PricingFeedA,2025-08-03
PRC0001193,20380451050,MAC,10.3282,154.92,2024-07-21,2024-12-22,PricingFeedB,2026-06-17
PRC0001194,13912543726,Contract Rate,5.3813,473.55,2023-02-10,2023-07-27,PricingFeedA,2025-08-30
PRC0001195,54472137420,Contract Rate,11.2375,764.15,2025-02-08,2026-11-15,PricingFeedA,2025-03-25
PRC0001196,17813492685,WAC,14.5939,1401.01,2023-02-02,2024-07-23,PricingFeedB,2026-04-25
PRC0001197,28226964458,NADAC,0.7951,23.85,2023-12-26,2025-06-29,PricingFeedA,2026-07-15
PRC0001198,26703687825,Contract Rate,5.002,425.17,2023-06-08,2025-03-21,PricingFeedB,2025-04-01
PRC0001199,51465880016,AWP,5.9487,458.05,2026-01-07,2027-11-26,PricingFeedA,2025-04-08
PRC0001200,63430500679,Contract Rate,5.4285,141.14,2024-03-13,2025-04-19,PricingFeedA,2025-05-20
PRC0001201,11590371650,Contract Rate,2.8548,131.32,2023-12-29,2025-01-02,PricingFeedB,2026-04-24
PRC0001202,84680513981,WAC,47.8341,4257.23,2024-06-17,2026-02-22,PricingFeedB,2025-12-13
PRC0001203,77801642735,AWP,7.0831,240.83,2023-10-29,2024-12-18,PricingFeedB,2025-02-21
PRC0001204,75031842748,Contract Rate,9.3162,503.07,2023-07-22,2025-05-02,PricingFeedA,2025-03-29
PRC0001205,86680432854,Contract Rate,35.0967,1368.77,2023-03-28,2023-08-04,PricingFeedB,2026-05-15
PRC0001206,49300844372,NADAC,5.8331,542.48,2023-05-19,2023-12-04,PricingFeedB,2025-04-01
PRC0001207,19599866643,NADAC,18.5845,483.2,2023-03-22,2023-08-29,PricingFeedA,2025-07-06
PRC0001208,48104454958,MAC,0.7858,29.07,2024-02-26,2024-08-24,PricingFeedA,2026-01-03
PRC0001209,32305341731,MAC,4.9994,444.95,2025-06-13,2027-02-20,PricingFeedA,2026-01-22
PRC0001210,75670258359,NADAC,117.222,1172.22,2024-11-26,2026-10-28,PricingFeedB,2025-09-27
PRC0001211,15035164887,Contract Rate,9.8136,667.32,2026-01-03,2027-10-03,PricingFeedB,2026-08-01
PRC0001212,89111529797,NADAC,7.4063,148.13,2025-10-11,2027-07-29,PricingFeedA,2025-04-30
PRC0001213,27539452320,Contract Rate,6.3227,448.91,2023-09-13,2024-10-26,PricingFeedA,2026-04-13
PRC0001214,94459224162,AWP,5.7125,308.48,2023-01-11,2024-10-12,PricingFeedA,2025-04-14
PRC0001215,74359942977,MAC,8.8117,202.67,2024-07-16,2026-05-16,PricingFeedB,2025-05-09
PRC0001216,10405956455,NADAC,2.0968,71.29,2023-08-14,2025-05-24,PricingFeedA,2025-07-12
PRC0001217,82440106680,MAC,21.5657,1703.69,2025-12-05,2027-11-16,PricingFeedB,2026-05-23
PRC0001218,70221820796,NADAC,9.5529,630.49,2025-06-18,2026-06-02,PricingFeedB,2025-01-22
PRC0001219,96685314635,WAC,7.8488,729.94,2026-03-31,2027-04-13,PricingFeedB,2025-05-26
PRC0001220,46822109163,MAC,9.0834,336.09,2023-06-19,2024-06-27,PricingFeedA,2025-01-04
PRC0001221,80701649845,Contract Rate,5.0907,458.16,2026-02-26,2026-07-27,PricingFeedA,2025-11-19
PRC0001222,22743552549,WAC,5.8257,425.28,2023-10-28,2024-03-14,PricingFeedA,2025-04-10
PRC0001223,92233526721,WAC,9.824,835.04,2025-04-10,2025-09-19,PricingFeedB,2025-02-08
PRC0001224,96012885450,Contract Rate,21.6412,367.9,2023-09-03,2024-02-10,PricingFeedB,2026-06-18
PRC0001225,87455776031,WAC,2.3152,34.73,2024-09-30,2025-10-03,PricingFeedB,2025-06-25
PRC0001226,13954840715,WAC,0.8136,10.58,2025-04-08,2025-07-28,PricingFeedB,2025-12-24
PRC0001227,58378729732,NADAC,26.644,559.52,2024-07-11,2026-04-26,PricingFeedA,2025-09-22
PRC0001228,41274493097,Contract Rate,11.4764,745.97,2024-12-25,2025-04-24,PricingFeedA,2026-02-04
PRC0001229,95762624064,NADAC,27.1856,815.57,2025-12-28,2026-09-30,PricingFeedA,2026-07-21
PRC0001230,69179660314,NADAC,4.2032,260.6,2024-03-23,2025-04-16,PricingFeedA,2026-08-13
PRC0001231,80870713084,NADAC,4.635,287.37,2025-09-17,2026-02-13,PricingFeedA,2025-04-08
PRC0001232,37677228163,MAC,19.6409,785.64,2024-10-16,2026-02-11,PricingFeedB,2025-02-26
PRC0001233,38999870858,NADAC,14.6772,924.66,2024-04-20,2026-02-25,PricingFeedA,2025-04-11
PRC0001234,61137801874,NADAC,9.0485,787.22,2025-11-10,2027-07-04,PricingFeedB,2026-06-16
PRC0001235,52087160927,AWP,1.3746,76.98,2023-01-06,2024-07-17,PricingFeedB,2025-03-14
PRC0001236,33667709457,NADAC,2.3977,230.18,2026-02-09,2026-12-23,PricingFeedB,2026-05-13
PRC0001237,64075701520,NADAC,2.5969,122.05,2025-03-15,2026-02-20,PricingFeedB,2025-02-18
PRC0001238,37085218953,MAC,3.2308,64.62,2024-09-15,2025-04-04,PricingFeedB,2026-05-15
PRC0001239,15035164887,UNKNOWN_METHOD,22.3915,1903.28,2023-04-22,2024-04-16,PricingFeedB,2025-04-26
PRC0001240,73825238231,NADAC,3.6956,62.83,2026-01-18,2026-07-09,PricingFeedA,2026-04-15
PRC0001241,14954435394,WAC,8.1401,105.82,2023-03-04,2023-08-08,PricingFeedA,2025-06-14
PRC0001242,35257352788,WAC,2.5386,167.55,2024-01-22,2024-09-22,PricingFeedB,2026-01-26
PRC0001243,37085218953,AWP,13.7787,909.39,2026-03-10,2026-12-31,PricingFeedA,2025-09-29
PRC0001244,76115147727,AWP,6.9391,555.13,2024-10-03,2026-02-13,PricingFeedB,2025-10-01
PRC0001245,37017591044,NADAC,2.1131,177.5,2026-05-22,2026-12-20,PricingFeedB,2025-02-21
PRC0001246,14904163164,Contract Rate,3.6634,315.05,2024-11-22,2025-04-01,PricingFeedB,2026-06-22
PRC0001247,94487791738,WAC,1.103,73.9,2024-04-07,2024-11-20,PricingFeedA,2026-01-25
PRC0001248,28814780756,AWP,9.7439,535.91,2023-11-01,2024-09-12,PricingFeedB,2025-07-26
PRC0001249,74794323539,NADAC,3.5037,133.14,2025-06-12,2025-11-05,PricingFeedB,2025-05-19
PRC0001250,93500208178,MAC,7.2238,223.94,2025-08-15,2026-09-02,PricingFeedA,2025-02-13
PRC0001251,41290491468,Contract Rate,31.0479,776.2,2026-05-03,2027-10-18,PricingFeedA,2025-06-03
PRC0001252,18501762876,NADAC,13.6092,476.32,2026-01-28,2027-09-29,PricingFeedA,2025-01-15
PRC0001253,27388983519,AWP,4.2822,171.29,2023-07-06,2024-08-29,PricingFeedA,2025-06-13
PRC0001254,17266624267,Contract Rate,8.6302,569.59,2025-03-22,2026-04-25,PricingFeedB,2025-04-04
PRC0001255,40081577678,Contract Rate,9.0088,459.45,2024-04-07,2025-10-28,PricingFeedA,2025-01-11
PRC0001256,59783584950,WAC,19.2232,326.79,2023-12-02,2024-12-27,PricingFeedB,2026-04-29
PRC0001257,42730843510,WAC,2.8629,237.62,2026-04-01,2027-10-14,PricingFeedA,2025-05-23
PRC0001258,32345951358,MAC,2.6787,257.16,2025-07-09,2027-03-17,PricingFeedA,2026-05-14
PRC0001259,40802338292,WAC,3.4962,97.89,2024-04-02,2025-09-30,PricingFeedB,2025-09-19
PRC0001260,12237637159,AWP,14.7857,1123.71,2025-10-13,2027-06-02,PricingFeedB,2025-03-03
PRC0001261,79510138828,MAC,5.8637,123.14,2023-05-31,2024-03-21,PricingFeedA,2026-05-01
PRC0001262,51098510786,AWP,12.5529,552.33,2024-02-17,2025-07-13,PricingFeedA,2026-02-21
PRC0001263,19307837771,MAC,5.4934,285.66,2024-01-12,2025-08-01,PricingFeedA,2026-06-13
PRC0001264,81276626479,MAC,5.2057,130.14,2025-08-18,2027-06-02,PricingFeedB,2025-05-31
PRC0001265,46449302181,WAC,4.6404,352.67,2024-12-09,2026-01-01,PricingFeedB,2025-10-04
PRC0001266,57820791671,MAC,21.8659,1508.75,2024-08-19,2025-07-18,PricingFeedA,2026-07-10
PRC0001267,68335772779,NADAC,3.574,232.31,2025-01-12,2025-11-08,PricingFeedA,2026-02-06
PRC0001268,26718530956,NADAC,7.4271,126.26,2024-07-06,2025-07-18,PricingFeedB,2025-11-24
PRC0001269,57323670373,NADAC,7.4168,571.09,2024-02-03,2024-05-24,PricingFeedA,2025-01-07
PRC0001270,96012885450,NADAC,16.5208,1536.43,2025-03-12,2026-06-17,PricingFeedB,2026-07-01
PRC0001271,68732282181,NADAC,2.0759,95.49,2024-06-01,2025-04-22,PricingFeedB,2025-07-13
PRC0001272,28814780756,MAC,6.3342,202.69,2023-08-01,2024-02-24,PricingFeedA,2025-12-11
PRC0001273,77393477110,Contract Rate,22.5859,2213.42,2025-02-05,2025-12-28,PricingFeedB,2026-01-10
PRC0001274,39552514457,WAC,45.1574,4289.95,2024-04-13,2026-01-29,PricingFeedB,2025-05-16
PRC0001275,63039619641,AWP,5.1771,305.45,2025-04-02,2026-10-13,PricingFeedB,2026-04-19
PRC0001276,38458321680,NADAC,16.4189,1412.03,2024-05-27,2025-07-17,PricingFeedB,2025-09-25
PRC0001277,74039272223,NADAC,8.0003,576.02,2025-09-18,2026-12-18,PricingFeedB,2025-02-09
PRC0001278,69323752585,NADAC,11.2648,754.74,2023-02-13,2024-09-21,PricingFeedA,2026-05-11
PRC0001279,74618978456,WAC,2.4571,98.28,2023-08-16,2024-01-22,PricingFeedA,2025-12-10
PRC0001280,15501225748,Contract Rate,5.5469,454.85,2024-07-30,2024-11-07,PricingFeedB,2026-03-13
PRC0001281,61516501822,Contract Rate,27.5371,2533.41,2023-12-01,2025-02-14,PricingFeedA,2026-02-08
PRC0001282,87180850251,Contract Rate,3.1149,283.46,2023-02-09,2024-03-23,PricingFeedA,2026-08-13
PRC0001283,84680513981,MAC,7.0293,639.67,2026-05-27,2027-05-15,PricingFeedA,2026-02-27
PRC0001284,41577281759,AWP,1.5214,53.25,2025-07-07,2026-01-15,PricingFeedA,2025-04-08
PRC0001285,92274531886,WAC,10.3704,362.96,2025-11-19,2026-03-30,PricingFeedB,2025-09-02
PRC0001286,48836820566,AWP,0.733,70.37,2024-09-09,2026-01-16,PricingFeedA,2025-01-05
PRC0001287,13889195769,MAC,8.0591,523.84,2024-10-01,2026-02-28,PricingFeedB,2026-05-10
PRC0001288,37017591044,WAC,1.8165,43.6,2023-11-12,2025-10-26,PricingFeedA,2026-04-07
PRC0001289,23338670584,AWP,5.7182,303.06,2024-05-20,2025-10-01,PricingFeedB,2025-03-31
PRC0001290,98076393354,WAC,2.4384,199.95,2023-08-13,2025-07-10,PricingFeedB,2025-05-08
PRC0001291,31106224472,AWP,1.8168,148.98,2024-08-01,2025-02-11,PricingFeedA,2025-10-30
PRC0001292,73727371375,WAC,19.8353,277.69,2025-11-15,2027-06-07,PricingFeedB,2025-05-13
PRC0001293,69710507219,Contract Rate,5.4617,497.01,2025-11-25,2026-06-05,PricingFeedB,2026-03-30
PRC0001294,76373444921,WAC,3.9518,201.54,2023-05-24,2024-05-16,PricingFeedB,2025-02-26
PRC0001295,47515972719,MAC,12.6013,604.86,2025-03-28,2027-03-12,PricingFeedB,2025-07-03
PRC0001296,73418540749,MAC,6.1879,173.26,2023-05-31,2024-04-09,PricingFeedA,2025-03-28
PRC0001297,17001221267,MAC,12.5723,201.16,2025-04-01,2025-10-01,PricingFeedB,2025-03-26
PRC0001298,37535827761,NADAC,8.4572,211.43,2025-03-10,2026-02-27,PricingFeedA,2025-06-30
PRC0001299,38862821761,NADAC,7.6313,251.83,2023-07-30,2025-03-22,PricingFeedA,2025-12-05
PRC0001300,16463469022,AWP,4.1344,314.21,2026-01-11,2027-09-30,PricingFeedB,2025-10-01
PRC0001301,63128504045,AWP,7.9786,726.05,2026-03-25,2026-09-25,PricingFeedB,2025-12-17
PRC0001302,97829657184,MAC,24.121,2146.77,2025-06-28,2026-09-05,PricingFeedA,2026-01-20
PRC0001303,98953435785,Contract Rate,14.0627,1209.39,2026-04-02,2027-10-03,PricingFeedB,2026-07-07
PRC0001304,11605697119,MAC,16.9644,288.39,2024-04-01,2024-10-20,PricingFeedB,2026-06-24
PRC0001305,40423439442,WAC,2.4601,59.04,2023-03-20,2023-10-20,PricingFeedA,2025-07-20
PRC0001306,37017591044,AWP,7.4384,595.07,2024-04-04,2025-11-29,PricingFeedB,2026-04-12
PRC0001307,64648918947,Contract Rate,2.2762,27.31,2025-03-06,2025-12-02,PricingFeedB,2025-12-06
PRC0001308,68335772779,MAC,,1283.6,2026-03-16,2026-06-27,PricingFeedA,2025-03-16
PRC0001309,58378729732,NADAC,18.7116,692.33,2024-01-19,2025-04-23,PricingFeedB,2025-05-28
PRC0001310,20662343885,WAC,9.8692,503.33,2023-07-02,2024-06-19,PricingFeedA,2025-12-21
PRC0001311,21882365240,Contract Rate,6.2841,603.27,2023-04-25,2023-10-14,PricingFeedB,2026-06-09
PRC0001312,68762387095,WAC,33.2593,3192.89,2025-08-21,2026-11-28,PricingFeedA,2025-10-07
PRC0001313,63166657868,MAC,3.6423,61.92,2024-07-20,2025-02-25,PricingFeedB,2026-05-18
PRC0001314,30668351321,WAC,4.4551,427.69,2023-11-04,2024-02-13,PricingFeedB,2025-11-02
PRC0001315,12391577414,WAC,13.0521,287.15,2026-03-26,2027-09-22,PricingFeedB,2025-01-27
PRC0001316,12234647192,Contract Rate,7.5446,316.87,2025-10-27,2026-07-21,PricingFeedB,2025-11-24
PRC0001317,26801997786,WAC,13.0964,602.43,2024-08-02,2025-06-08,PricingFeedB,2026-08-12
PRC0001318,50540304418,Contract Rate,44.1549,1589.58,2024-01-13,2025-09-26,PricingFeedB,2026-07-17
PRC0001319,30668351321,AWP,25.3665,1902.49,2024-06-27,2025-01-05,PricingFeedA,2025-03-17
PRC0001320,94092112525,AWP,1.5888,98.51,2024-11-08,2026-04-02,PricingFeedA,2025-06-16
PRC0001321,92294919275,AWP,5.901,519.29,2023-07-21,2025-02-13,PricingFeedA,2025-03-24
PRC0001322,58670846921,Contract Rate,3.3357,133.43,2024-06-27,2026-02-18,PricingFeedB,2026-01-20
PRC0001323,97186359837,AWP,17.2568,465.93,2025-11-23,2026-12-22,PricingFeedA,2025-01-17
PRC0001324,76841912411,Contract Rate,4.0297,40.3,2023-09-13,2025-03-21,PricingFeedB,2025-07-25
PRC0001325,37135715266,AWP,8.9528,232.77,2023-05-05,2024-04-25,PricingFeedA,2026-04-03
PRC0001326,31923278318,AWP,8.0086,248.27,2026-05-21,2027-10-09,PricingFeedA,2026-02-03
PRC0001327,81775220884,MAC,5.0639,364.6,2024-06-07,2025-09-14,PricingFeedA,2025-12-06
PRC0001328,18475573796,AWP,3.6642,120.92,2024-06-09,2025-07-04,PricingFeedA,2025-08-15
PRC0001329,22577849327,MAC,6.9865,335.35,2026-05-28,2027-06-27,PricingFeedB,2025-09-19
PRC0001330,14612321460,MAC,5.6795,102.23,2024-05-17,2025-07-01,PricingFeedA,2026-05-29
PRC0001331,74737938088,Contract Rate,2.5854,93.07,2026-03-04,2026-06-29,PricingFeedB,2025-02-10
PRC0001332,25092429310,MAC,2.0052,104.27,2024-12-16,2026-08-02,PricingFeedA,2025-01-14
PRC0001333,26884937862,MAC,3.6434,65.58,2023-11-14,2025-09-15,PricingFeedB,2025-09-02
PRC0001334,18077751316,WAC,48.8614,4397.53,2024-06-28,2025-11-25,PricingFeedA,2026-07-14
PRC0001335,73362282174,MAC,4.3583,257.14,2025-12-19,2027-11-19,PricingFeedB,2025-04-20
PRC0001336,44047392978,MAC,9.4638,548.9,2025-11-27,2027-04-09,PricingFeedA,2026-02-19
PRC0001337,73921220685,MAC,12.9166,981.66,2023-11-07,2024-04-03,PricingFeedA,2026-02-26
PRC0001338,40943424631,WAC,9.0427,434.05,2026-02-19,2026-08-20,PricingFeedB,2026-05-15
PRC0001339,86680432854,MAC,4.3943,399.88,2023-01-15,2023-09-27,PricingFeedA,2026-05-09
PRC0001340,52238926923,AWP,4.4597,44.6,2023-11-28,2025-01-19,PricingFeedA,2025-02-23
PRC0001341,12391577414,NADAC,9.9499,517.39,2023-11-03,2024-02-02,PricingFeedB,2026-08-12
PRC0001342,28309735158,Contract Rate,2.65,108.65,2025-09-25,2027-02-20,PricingFeedB,2025-11-27
PRC0001343,95141181032,Contract Rate,40.473,728.51,2024-05-26,2025-11-03,PricingFeedB,2026-04-01
PRC0001344,22581320920,MAC,3.0627,294.02,2024-11-19,2026-01-06,PricingFeedA,2026-01-11
PRC0001345,57775544235,MAC,7.0323,175.81,2024-05-23,2024-08-23,PricingFeedA,2026-02-16
PRC0001346,14432106343,NADAC,3.7849,264.94,2024-01-07,2024-05-26,PricingFeedB,2025-10-04
PRC0001347,18475573796,WAC,6.3183,69.5,2023-05-30,2025-04-15,PricingFeedA,2026-08-09
PRC0001348,97224337179,NADAC,10.9212,415.01,2025-07-27,2026-04-10,PricingFeedB,2025-08-07
PRC0001349,97378960743,Contract Rate,9.2459,295.87,2023-12-07,2024-03-18,PricingFeedB,2025-10-03
PRC0001350,90250181876,NADAC,24.004,1080.18,2025-01-17,2026-06-02,PricingFeedA,2025-12-29
PRC0001351,80745561821,NADAC,26.9972,1457.85,2024-05-05,2025-05-18,PricingFeedA,2025-04-13
PRC0001352,47734931755,MAC,3.3429,70.2,2024-12-01,2026-10-19,PricingFeedB,2026-07-19
PRC0001353,47734931755,AWP,13.2114,1017.28,2025-11-12,2027-03-21,PricingFeedA,2026-07-07
PRC0001354,83490963119,NADAC,6.9163,228.24,2025-12-22,2027-09-09,PricingFeedB,2026-08-04
PRC0001355,55753696537,AWP,22.3451,849.11,2025-01-04,2025-07-03,PricingFeedA,2026-01-17
PRC0001356,63613240630,WAC,15.1855,1123.73,2023-03-27,2024-10-13,PricingFeedB,2025-03-09
PRC0001357,78528685790,WAC,-15.7302,-1478.64,2023-04-21,2023-12-17,PricingFeedA,2026-08-11
PRC0001358,19771699369,Contract Rate,30.8753,988.01,2025-10-16,2027-06-25,PricingFeedA,2025-06-09
PRC0001359,40842594127,MAC,6.4782,608.95,2025-06-03,2026-03-25,PricingFeedA,2025-07-31
PRC0001360,19989783912,NADAC,3.5035,59.56,2024-03-20,2025-11-12,PricingFeedB,2026-04-05
PRC0001361,36069903176,NADAC,2.3862,212.37,2024-06-04,2024-09-07,PricingFeedA,2025-09-01
PRC0001362,83316704390,Contract Rate,4.3132,232.91,2025-03-09,2026-04-04,PricingFeedB,2026-07-31
PRC0001363,81681687310,NADAC,1.9327,94.7,2024-05-19,2026-01-28,PricingFeedB,2025-10-06
PRC0001364,19599866643,NADAC,4.7245,137.01,2024-02-03,2025-06-30,PricingFeedB,2025-08-01
PRC0001365,99511771384,WAC,0.8174,45.77,2024-03-28,2025-10-20,PricingFeedA,2025-04-30
PRC0001366,93322571389,MAC,12.2198,818.73,2023-10-29,2025-10-12,PricingFeedA,2026-01-18
PRC0001367,26670320788,AWP,10.8213,313.82,2025-07-29,2027-02-22,PricingFeedB,2026-07-21
PRC0001368,36423490868,AWP,23.8422,1955.06,2025-12-16,2027-08-12,PricingFeedA,2026-04-20
PRC0001369,79689644320,NADAC,8.5478,230.79,2024-02-20,2025-04-29,PricingFeedB,2025-04-15
PRC0001370,76229411744,NADAC,3.7473,307.28,2023-09-29,2025-08-11,PricingFeedB,2025-05-16
PRC0001371,76401628732,WAC,11.8063,1133.4,2024-05-21,2025-09-29,PricingFeedB,2025-05-14
PRC0001372,77783196614,AWP,4.572,397.76,2025-01-29,2025-06-29,PricingFeedA,2026-01-10
PRC0001373,96282694513,Contract Rate,2.9218,169.46,2024-05-14,2025-03-17,PricingFeedB,2025-08-08
PRC0001374,27388983519,WAC,6.5376,248.43,2025-12-27,2026-08-31,PricingFeedA,2025-04-11
PRC0001375,38481272433,WAC,3.9562,360.01,2025-12-07,2027-07-17,PricingFeedA,2026-01-20
PRC0001376,26940396868,NADAC,3.4104,296.7,2024-02-17,2025-08-16,PricingFeedA,2025-07-08
PRC0001377,98558768029,AWP,1.9212,59.56,2025-01-26,2026-01-03,PricingFeedA,2025-08-01
PRC0001378,88995939535,NADAC,14.7598,1106.99,2023-05-09,2023-09-09,PricingFeedA,2026-06-03
PRC0001379,12871210416,Contract Rate,8.31,132.96,2025-08-16,2027-05-28,PricingFeedB,2026-06-20
PRC0001380,87424262238,MAC,2.7086,249.19,2024-05-18,2025-07-27,PricingFeedA,2026-02-08
PRC0001381,86169955947,MAC,45.9072,2295.36,2025-04-04,2025-08-25,PricingFeedA,2025-04-08
PRC0001382,77574673580,Contract Rate,1.4361,34.47,2023-04-22,2024-03-02,PricingFeedB,2026-03-26
PRC0001383,84031314513,Contract Rate,1.4924,144.76,2026-04-19,2027-10-09,PricingFeedB,2025-05-13
PRC0001384,21904569624,WAC,13.0596,613.8,2023-04-05,2024-04-19,PricingFeedA,2026-03-31
PRC0001385,86257868539,NADAC,10.1408,709.86,2025-02-22,2025-09-15,PricingFeedB,2025-10-16
PRC0001386,73179592267,MAC,18.7558,731.48,2026-01-21,2026-05-01,PricingFeedA,2026-06-25
PRC0001387,43111470329,WAC,2.3971,203.75,2025-04-08,2025-11-30,PricingFeedA,2026-02-14
PRC0001388,35021253272,NADAC,5.6785,181.71,2023-08-11,2025-02-14,PricingFeedB,2025-08-18
PRC0001389,13710490352,MAC,2.2607,167.29,2024-11-20,2026-09-04,PricingFeedA,2025-06-07
PRC0001390,32444678260,WAC,12.0212,901.59,2023-09-26,2025-07-31,PricingFeedB,2026-04-24
PRC0001391,48239826657,MAC,4.5812,224.48,2025-07-27,2026-01-14,PricingFeedB,2026-07-20
PRC0001392,80822802269,MAC,7.2246,440.7,2024-01-30,2025-09-24,PricingFeedA,2026-04-19
PRC0001393,24721435259,AWP,2.41,33.74,2024-10-18,2026-08-27,PricingFeedB,2025-07-17
PRC0001394,57820791671,AWP,6.3892,204.45,2026-04-06,2026-11-13,PricingFeedA,2026-06-26
PRC0001395,49300844372,WAC,4.0766,195.68,2025-09-12,2026-05-16,PricingFeedB,2025-11-27
PRC0001396,73825238231,NADAC,1.0949,10.95,2023-07-12,2024-09-06,PricingFeedA,2025-02-07
PRC0001397,14432106343,AWP,14.8897,521.14,2026-02-03,2027-05-13,PricingFeedB,2025-08-31
PRC0001398,49169824284,WAC,5.6398,411.71,2024-02-08,2025-11-25,PricingFeedA,2025-06-01
PRC0001399,49994194179,AWP,1.6946,61.01,2023-03-21,2024-12-30,PricingFeedA,2026-02-22
PRC0001400,62718517427,WAC,4.4297,239.2,2025-04-20,2025-11-30,PricingFeedA,2025-08-24
PRC0001401,12371232115,MAC,17.6654,1289.57,2023-08-21,2024-08-25,PricingFeedB,2025-07-12
PRC0001402,65966563490,Contract Rate,4.8746,87.74,2026-04-05,2026-07-08,PricingFeedB,2025-10-07
PRC0001403,22109843357,WAC,10.3336,496.01,2025-03-29,2026-04-20,PricingFeedB,2026-07-29
PRC0001404,70410757439,NADAC,20.809,624.27,2024-05-06,2026-04-19,PricingFeedA,2026-04-01
PRC0001405,88410610673,WAC,-15.8016,-805.88,2024-07-21,2026-01-21,PricingFeedA,2025-11-17
PRC0001406,60323145092,AWP,3.0967,235.35,2026-02-09,2027-05-23,PricingFeedA,2026-07-30
PRC0001407,92375297554,AWP,1.1074,81.95,2024-06-09,2024-12-22,PricingFeedB,2025-04-28
PRC0001408,94423237054,WAC,4.2603,85.21,2026-03-02,2026-09-14,PricingFeedA,2026-02-10
PRC0001409,15456605232,WAC,21.8349,1419.27,2025-07-23,2026-09-23,PricingFeedA,2025-11-20
PRC0001410,40965220919,AWP,47.1667,896.17,2023-08-13,2024-11-26,PricingFeedA,2025-05-26
PRC0001411,29586954162,AWP,5.3274,319.64,2024-10-03,2026-03-12,PricingFeedB,2026-01-26
PRC0001412,17445348253,NADAC,1.6373,42.57,2023-08-12,2024-01-20,PricingFeedA,2026-08-15
PRC0001413,92809819256,NADAC,8.1138,681.56,2024-02-29,2024-11-08,PricingFeedB,2025-03-19
PRC0001414,55753696537,MAC,1.8788,139.03,2026-02-28,2027-04-04,PricingFeedA,2025-02-16
PRC0001415,25766628880,Contract Rate,-6.3064,-561.27,2024-09-10,2025-05-05,PricingFeedA,2026-07-12
PRC0001416,80152664967,MAC,7.0327,534.49,2024-01-27,2024-06-12,PricingFeedA,2025-05-21
PRC0001417,97829657184,AWP,24.7775,1139.77,2023-06-09,2025-03-09,PricingFeedB,2025-10-26
PRC0001418,94254883996,NADAC,13.3852,1164.51,2026-03-24,2027-11-27,PricingFeedA,2026-01-11
PRC0001419,24212233551,NADAC,28.7199,1780.63,2023-11-21,2024-12-19,PricingFeedB,2026-05-14
PRC0001420,92233526721,WAC,13.7655,385.43,2026-04-15,2027-06-14,PricingFeedA,2026-06-07
PRC0001421,49564701468,NADAC,4.8497,465.57,2025-05-09,2027-04-22,PricingFeedA,2025-06-16
PRC0001422,40773504873,NADAC,4.9061,417.02,2025-04-22,2026-02-28,PricingFeedB,2025-01-01
PRC0001423,26059713727,AWP,9.5222,247.58,2023-05-08,2023-12-22,PricingFeedA,2026-01-01
PRC0001424,33202515562,Contract Rate,1.4344,24.38,2023-07-26,2024-12-17,PricingFeedA,2025-04-10
PRC0001425,94421963775,WAC,15.9868,943.22,2025-09-12,2026-10-25,PricingFeedB,2025-02-13
PRC0001426,70221820796,NADAC,6.57,91.98,2024-06-07,2025-10-06,PricingFeedB,2025-02-23
PRC0001427,80870713084,MAC,21.9306,350.89,2025-05-08,2025-12-14,PricingFeedA,2025-02-12
PRC0001428,29586954162,WAC,4.6637,237.85,2025-07-25,2026-08-14,PricingFeedA,2025-08-29
PRC0001429,54154506357,AWP,2.7648,221.18,2025-02-12,2025-10-22,PricingFeedB,2026-08-13
PRC0001430,97224337179,NADAC,7.7381,680.95,2024-01-05,2024-10-14,PricingFeedA,2025-04-18
PRC0001431,64648918947,Contract Rate,1.2599,20.16,2026-04-26,2027-06-21,PricingFeedA,2025-08-02
PRC0001432,49300844372,MAC,16.672,350.11,2025-07-20,2026-08-26,PricingFeedA,2025-01-02
PRC0001433,18567714974,AWP,18.0074,558.23,2023-03-17,2024-01-15,PricingFeedB,2025-05-13
PRC0001434,59002120957,NADAC,1.65,148.5,2024-11-19,2026-07-25,PricingFeedA,2026-07-06
PRC0001435,40802338292,AWP,8.2016,106.62,2025-12-11,2027-01-27,PricingFeedA,2025-07-07
PRC0001436,66286287567,WAC,32.3908,1943.45,2023-02-04,2023-10-31,PricingFeedA,2026-03-19
PRC0001437,76440908482,MAC,65.5031,3537.17,2025-02-09,2025-08-29,PricingFeedA,2026-06-17
PRC0001438,60563234574,Contract Rate,2.0782,147.55,2024-04-02,2026-02-19,PricingFeedA,2025-10-15
PRC0001439,94835111213,Contract Rate,21.0702,421.4,2026-01-16,2026-08-24,PricingFeedB,2025-11-13
PRC0001440,65507462258,AWP,4.931,281.07,2024-05-22,2024-12-24,PricingFeedA,2025-05-07
PRC0001441,79345667836,AWP,116.2404,7090.66,2023-06-05,2024-06-08,PricingFeedB,2025-05-19
PRC0001442,67086806285,WAC,10.2318,153.48,2025-09-27,2027-06-29,PricingFeedB,2025-07-30
PRC0001443,21889957164,Contract Rate,6.84,335.16,2024-08-04,2026-01-02,PricingFeedA,2025-11-19
PRC0001444,32305341731,MAC,11.0438,132.53,2025-11-30,2027-05-23,PricingFeedB,2026-01-23
PRC0001445,43240994052,WAC,5.6613,390.63,2025-05-08,2026-02-04,PricingFeedA,2026-02-06
PRC0001446,69179660314,AWP,20.5069,738.25,2024-03-05,2025-04-10,PricingFeedB,2025-03-22
PRC0001447,77096329537,WAC,4.1593,153.89,2024-05-18,2025-03-31,PricingFeedB,2026-03-04
PRC0001448,47734931755,Contract Rate,23.6388,780.08,2025-10-02,2026-01-15,PricingFeedB,2025-08-09
PRC0001449,21904569624,NADAC,43.3522,1473.97,2025-07-12,2027-05-18,PricingFeedA,2026-06-27
PRC0001450,57820791671,WAC,3.9314,334.17,2025-07-28,2027-06-06,PricingFeedA,2026-02-27
PRC0001451,88756957596,NADAC,44.8939,852.98,2023-09-08,2024-10-21,PricingFeedB,2025-11-04
PRC0001452,98323115551,NADAC,6.6161,641.76,2023-09-03,2024-07-12,PricingFeedA,2026-03-12
PRC0001453,38443858993,MAC,2.3294,165.39,2025-05-25,2026-02-24,PricingFeedB,2025-11-13
PRC0001454,30303185760,WAC,26.2455,997.33,2023-06-12,2024-08-18,PricingFeedB,2026-04-18
PRC0001455,79563396334,NADAC,1.4669,41.07,2023-01-24,2024-11-25,PricingFeedA,2025-05-26
PRC0001456,94459224162,MAC,3.2641,208.9,2023-07-16,2025-06-09,PricingFeedB,2025-12-22
PRC0001457,85086957723,NADAC,2.1486,83.8,2024-05-15,2026-03-08,PricingFeedA,2025-12-18
PRC0001458,30130483630,Contract Rate,19.5486,1172.92,2025-12-09,2027-02-01,PricingFeedB,2026-07-19
PRC0001459,49169824284,AWP,1.2736,31.84,2026-05-17,2027-07-21,PricingFeedB,2026-07-23
PRC0001460,40773504873,NADAC,9.4154,94.15,2023-01-06,2023-12-06,PricingFeedA,2026-04-09
PRC0001461,61102807993,Contract Rate,9.7782,684.47,2024-08-31,2025-10-28,PricingFeedB,2026-06-07
PRC0001462,20393586211,Contract Rate,12.8412,744.79,2025-10-13,2026-10-14,PricingFeedA,2025-03-23
PRC0001463,15585457750,NADAC,4.109,209.56,2026-03-19,2027-11-16,PricingFeedB,2026-07-21
PRC0001464,61023340877,NADAC,8.3921,495.13,2026-03-12,2027-03-29,PricingFeedB,2025-10-11
PRC0001465,76910235985,Contract Rate,18.4033,1619.49,2024-10-18,2026-01-19,PricingFeedA,2025-09-21
PRC0001466,94487791738,AWP,21.2077,1823.86,2025-07-18,2026-11-05,PricingFeedB,2025-03-09
PRC0001467,77464349998,Contract Rate,17.467,1257.62,2024-10-29,2025-06-02,PricingFeedA,2026-05-10
PRC0001468,55296874591,Contract Rate,34.1163,2046.98,2023-02-07,2024-03-21,PricingFeedB,2025-08-29
PRC0001469,19989783912,NADAC,10.2343,307.03,2025-12-31,2026-05-07,PricingFeedA,2026-04-10
PRC0001470,54705453523,MAC,0.5531,14.38,2023-11-27,2025-01-21,PricingFeedA,2025-04-29
PRC0001471,94421963775,AWP,4.7471,94.94,2024-09-27,2026-07-06,PricingFeedB,2025-07-01
PRC0001472,28814780756,NADAC,1.6907,162.31,2025-12-18,2027-02-04,PricingFeedA,2025-05-30
PRC0001473,81165324434,Contract Rate,2.9478,221.09,2026-04-15,2027-11-29,PricingFeedB,2026-04-17
PRC0001474,92131319328,NADAC,1.224,69.77,2025-08-27,2025-12-08,PricingFeedA,2026-06-26
PRC0001475,77497673240,NADAC,7.9662,151.36,2023-06-02,2024-06-19,PricingFeedA,2026-06-14
PRC0001476,12914717458,AWP,6.2731,345.02,2023-01-12,2023-04-15,PricingFeedB,2026-07-01
PRC0001477,32444678260,AWP,2.6123,235.11,2026-03-28,2027-01-05,PricingFeedB,2025-01-06
PRC0001478,13954840715,NADAC,22.2298,1933.99,2024-05-30,2024-10-15,PricingFeedA,2025-04-02
PRC0001479,77205261342,WAC,3.0001,264.01,2024-10-26,2026-09-30,PricingFeedA,2026-04-12
PRC0001480,48836820566,MAC,25.0199,950.76,2024-09-15,2025-08-20,PricingFeedA,2026-03-30
PRC0001481,38299381624,MAC,70.5413,1340.28,2025-12-04,2027-05-09,PricingFeedB,2026-04-06
PRC0001482,95305350218,MAC,5.8299,361.45,2023-10-09,2025-01-12,PricingFeedA,2025-08-09
PRC0001483,80158561493,AWP,12.7522,535.59,2024-04-08,2024-07-10,PricingFeedB,2026-01-30
PRC0001484,64647425595,WAC,11.1546,501.96,2024-02-02,2024-08-17,PricingFeedB,2025-10-09
PRC0001485,44047392978,NADAC,10.6375,404.22,2024-08-29,2025-02-20,PricingFeedB,2025-02-23
PRC0001486,71012800477,NADAC,55.8905,670.69,2025-08-01,2027-03-19,PricingFeedA,2025-06-14
PRC0001487,78173474180,AWP,21.7859,1764.66,2025-05-01,2026-05-09,PricingFeedB,2025-05-28
PRC0001488,99282121398,WAC,1.3136,80.13,2025-11-16,2027-08-28,PricingFeedB,2026-01-14
PRC0001489,18139712589,NADAC,1.1796,31.85,2024-06-08,2025-10-02,PricingFeedB,2025-02-26
PRC0001490,62840208185,Contract Rate,10.9877,406.54,2025-12-31,2027-10-20,PricingFeedB,2025-02-04
PRC0001491,92790872997,Contract Rate,23.3408,1027.0,2025-12-10,2027-10-16,PricingFeedB,2025-09-30
PRC0001492,80152664967,AWP,2.6493,246.38,2023-01-21,2024-11-23,PricingFeedB,2025-10-31
PRC0001493,48777918537,MAC,2.2342,154.16,2023-09-27,2024-01-18,PricingFeedB,2026-02-06
PRC0001494,95701180452,NADAC,55.7819,5243.5,2023-04-16,2023-09-08,PricingFeedB,2025-05-20
PRC0001495,49169824284,AWP,4.3515,208.87,2025-01-03,2026-11-29,PricingFeedA,2025-07-10
PRC0001496,77393477110,Contract Rate,41.5585,1911.69,2025-07-27,2027-01-14,PricingFeedB,2025-03-22
PRC0001497,78831371488,AWP,23.5714,707.14,2025-05-24,2026-05-14,PricingFeedA,2025-05-13
PRC0001498,38999870858,NADAC,2.749,107.21,2024-12-18,2025-08-09,PricingFeedB,2026-03-24
PRC0001499,23007709819,WAC,9.7468,526.33,2023-06-20,2024-09-11,PricingFeedA,2025-07-08
PRC0001500,54395112517,NADAC,3.8084,198.04,2024-05-01,2025-11-22,PricingFeedB,2025-04-05
PRC0001501,21904569624,AWP,2.8868,95.26,2025-11-29,2026-06-24,PricingFeedB,2026-04-08
PRC0001502,10731878875,WAC,10.1408,436.05,2023-07-24,2024-10-30,PricingFeedA,2026-01-07
PRC0001503,27517427451,MAC,16.8343,1212.07,2024-06-18,2026-04-24,PricingFeedB,2025-09-15
PRC0001504,92608453526,Contract Rate,29.9948,2249.61,2023-09-08,2024-11-27,PricingFeedA,2025-10-17
PRC0001505,97074469738,AWP,7.1258,684.08,2026-02-11,2027-08-28,PricingFeedB,2025-04-08
PRC0001506,69347757174,MAC,1.3962,128.45,2023-01-21,2024-05-15,PricingFeedA,2025-05-13
PRC0001507,91497433316,WAC,2.641,63.38,2024-08-28,2026-06-29,PricingFeedB,2026-05-07
PRC0001508,65593261567,AWP,2.8607,254.6,2024-06-15,2024-12-06,PricingFeedB,2025-05-22
PRC0001509,36423490868,NADAC,16.9496,1237.32,2023-02-19,2024-02-06,PricingFeedA,2025-07-10
PRC0001510,73921220685,MAC,10.2498,666.24,2026-03-09,2027-11-12,PricingFeedB,2025-06-11
PRC0001511,99511771384,AWP,1.7447,54.09,2026-03-15,2026-08-28,PricingFeedB,2025-12-07
PRC0001512,58257248865,WAC,2.5619,204.95,2024-11-09,2025-09-26,PricingFeedB,2025-01-11
PRC0001513,40538581357,NADAC,12.1681,133.85,2023-11-24,2025-10-05,PricingFeedA,2026-08-05
PRC0001514,92608453526,NADAC,2.9366,205.56,2025-08-05,2026-05-17,PricingFeedB,2025-08-11
PRC0001515,37173563991,Contract Rate,19.0058,912.28,2024-04-15,2025-02-20,PricingFeedA,2025-10-15
PRC0001516,76373444921,Contract Rate,1.9442,173.03,2026-01-20,2027-02-20,PricingFeedA,2025-09-30
PRC0001517,35743278195,WAC,5.3496,176.54,2025-03-29,2026-01-15,PricingFeedA,2025-02-10
PRC0001518,84334385421,AWP,14.2519,399.05,2024-05-19,2025-01-22,PricingFeedB,2025-07-26
PRC0001519,94714373929,AWP,45.5259,1866.56,2023-09-01,2024-04-01,PricingFeedB,2025-10-08
PRC0001520,63128504045,MAC,6.0938,353.44,2023-11-23,2025-09-03,PricingFeedA,2026-06-08
PRC0001521,82475457780,NADAC,8.7286,724.47,2025-09-20,2027-01-29,PricingFeedB,2026-04-30
PRC0001522,84799902623,Contract Rate,5.0992,280.46,2025-07-25,2027-03-16,PricingFeedB,2026-01-22
PRC0001523,66586455165,Contract Rate,7.6487,627.19,2024-09-28,2026-05-14,PricingFeedB,2026-02-06
PRC0001524,21421615389,AWP,3.9056,335.88,2025-06-17,2027-05-26,PricingFeedA,2026-08-04
PRC0001525,11616709896,UNKNOWN_METHOD,2.9907,173.46,2025-11-04,2026-11-26,PricingFeedA,2025-04-19
PRC0001526,11107186150,Contract Rate,7.6943,138.5,2024-12-06,2026-11-03,PricingFeedB,2026-01-20
PRC0001527,93733534314,MAC,11.8339,1147.89,2024-11-17,2026-03-26,PricingFeedA,2026-07-02
PRC0001528,82391488851,AWP,8.1337,455.49,2025-05-22,2027-01-07,PricingFeedA,2025-10-01
PRC0001529,18466794989,MAC,14.6241,716.58,2026-02-03,2027-04-04,PricingFeedA,2025-11-16
PRC0001530,95141181032,MAC,6.1283,398.34,2023-03-26,2024-04-19,PricingFeedB,2025-05-05
PRC0001531,35516352970,AWP,0.6057,9.09,2025-06-08,2026-07-29,PricingFeedB,2026-07-12
PRC0001532,38481272433,Contract Rate,8.8287,476.75,2024-03-06,2025-12-14,PricingFeedB,2026-07-07
PRC0001533,59136731178,NADAC,11.5047,149.56,2026-02-14,2026-11-18,PricingFeedB,2025-09-09
PRC0001534,34666508457,WAC,3.2547,130.19,2025-04-23,2026-10-24,PricingFeedA,2025-11-07
PRC0001535,36527120523,WAC,2.3221,204.34,2024-07-24,2025-06-09,PricingFeedB,2026-01-02
PRC0001536,44905932967,NADAC,0.7518,24.81,2023-09-23,2025-09-11,PricingFeedB,2025-04-15
PRC0001537,97242993023,MAC,7.3711,228.5,2023-09-30,2024-02-08,PricingFeedB,2025-07-05
PRC0001538,51167339278,WAC,1.7129,70.23,2025-08-04,2025-12-29,PricingFeedB,2026-01-01
PRC0001539,69398255036,AWP,16.2748,471.97,2023-07-10,2023-12-01,PricingFeedB,2025-05-07
PRC0001540,83727139018,WAC,10.7303,182.42,2024-10-09,2026-06-14,PricingFeedB,2025-04-15
PRC0001541,27306655329,Contract Rate,0.4323,10.81,2024-10-29,2025-05-11,PricingFeedB,2025-05-12
PRC0001542,17132186749,MAC,12.2107,146.53,2024-10-01,2026-04-12,PricingFeedB,2026-06-28
PRC0001543,39556565835,MAC,6.3409,374.11,2023-06-13,2024-06-17,PricingFeedB,2025-02-11
PRC0001544,93474724778,WAC,16.6196,1512.38,2025-05-24,2025-09-02,PricingFeedB,2025-05-13
PRC0001545,93026770242,MAC,1.3003,74.12,2026-02-06,2027-09-24,PricingFeedB,2026-07-01
PRC0001546,81267869985,NADAC,6.1688,407.14,2024-05-21,2025-10-20,PricingFeedB,2026-04-11
PRC0001547,97224337179,Contract Rate,2.5091,27.6,2024-04-02,2024-09-19,PricingFeedA,2026-08-12
PRC0001548,21365601254,Contract Rate,8.5382,426.91,2025-05-08,2026-01-08,PricingFeedA,2026-08-08
PRC0001549,74618978456,Contract Rate,16.2189,697.41,2026-05-07,2027-05-18,PricingFeedB,2026-06-28
PRC0001550,67124608759,NADAC,26.7969,2465.31,2025-05-22,2026-09-20,PricingFeedA,2026-04-12
PRC0001551,13289945916,WAC,2.8981,272.42,2025-07-01,2027-02-21,PricingFeedB,2025-09-05
PRC0001552,78632194752,Contract Rate,45.4772,3092.45,2026-05-07,2028-01-13,PricingFeedA,2025-03-20
PRC0001553,52833519370,MAC,14.6126,1271.3,2025-02-28,2025-07-12,PricingFeedA,2025-02-06
PRC0001554,42506952673,NADAC,10.9888,714.27,2023-08-02,2025-02-02,PricingFeedA,2025-05-03
PRC0001555,91233214850,AWP,3.0055,159.29,2024-12-28,2025-06-07,PricingFeedB,2026-07-21
PRC0001556,85528237583,WAC,8.9374,697.12,2025-07-25,2026-06-02,PricingFeedA,2026-01-23
PRC0001557,30303185760,Contract Rate,2.6874,247.24,2025-02-28,2026-05-14,PricingFeedA,2026-01-29
PRC0001558,89305404592,MAC,4.8458,164.76,2024-08-23,2025-11-23,PricingFeedA,2025-07-22
PRC0001559,99918121569,WAC,1.3692,41.08,2025-07-27,2025-12-16,PricingFeedA,2025-08-12
PRC0001560,48967225613,AWP,16.9243,846.21,2024-11-06,2025-04-27,PricingFeedB,2025-03-31
PRC0001561,31028872249,WAC,2.1089,198.24,2026-05-03,2027-08-14,PricingFeedB,2026-06-19
PRC0001562,78798506429,NADAC,10.3484,579.51,2023-02-27,2024-06-13,PricingFeedA,2025-03-03
PRC0001563,39023637631,WAC,5.0657,86.12,2026-02-20,2027-06-02,PricingFeedA,2026-01-30
PRC0001564,31169773873,AWP,12.2663,1128.5,2023-12-02,2024-04-25,PricingFeedA,2025-07-19
PRC0001565,17445348253,NADAC,0.6656,16.64,2023-03-29,2024-09-04,PricingFeedB,2025-03-18
PRC0001566,13710490352,Contract Rate,5.4435,103.43,2024-01-21,2024-11-23,PricingFeedB,2025-02-10
PRC0001567,28814780756,WAC,1.1542,40.4,2025-03-29,2026-03-07,PricingFeedA,2026-03-12
PRC0001568,98953435785,MAC,7.6628,360.15,2026-03-13,2027-02-11,PricingFeedA,2025-10-17
PRC0001569,89292409434,MAC,3.4293,44.58,2023-12-29,2024-12-27,PricingFeedA,2026-02-16
PRC0001570,31723369638,NADAC,6.2699,300.96,2026-02-22,2026-07-17,PricingFeedB,2025-07-24
PRC0001571,51057281520,AWP,28.1316,1406.58,2025-08-23,2026-09-09,PricingFeedA,2026-02-23
PRC0001572,49954258793,Contract Rate,12.465,536.0,2025-11-04,2027-09-04,PricingFeedA,2026-08-09
PRC0001573,93474724778,MAC,3.3193,146.05,2024-09-13,2026-02-25,PricingFeedA,2025-03-03
PRC0001574,91237315897,Contract Rate,7.6391,84.03,2023-01-12,2023-07-09,PricingFeedA,2025-07-28
PRC0001575,44531515535,MAC,7.5717,159.01,2023-10-06,2025-09-04,PricingFeedB,2025-02-05
PRC0001576,78211193483,WAC,4.5158,54.19,2024-02-24,2024-10-06,PricingFeedA,2026-06-29
PRC0001577,65494134693,Contract Rate,2.1043,31.56,2023-09-01,2024-10-23,PricingFeedA,2025-07-07
PRC0001578,92274531886,AWP,7.3391,124.76,2025-10-25,2026-07-23,PricingFeedA,2025-12-11
PRC0001579,12234647192,AWP,,416.59,2025-04-17,2026-08-16,PricingFeedA,2025-08-26
PRC0001580,37423653148,AWP,4.9958,254.79,2023-04-21,2024-12-22,PricingFeedA,2025-08-18
PRC0001581,64540939887,Contract Rate,2.3822,114.35,2025-12-06,2026-08-09,PricingFeedB,2025-11-12
PRC0001582,88056214772,NADAC,11.3959,1105.4,2025-01-06,2026-06-20,PricingFeedB,2025-01-06
PRC0001583,51098510786,WAC,5.2025,104.05,2025-12-29,2026-05-20,PricingFeedB,2026-06-30
PRC0001584,36527120523,Contract Rate,19.7296,1716.48,2026-03-05,2027-10-03,PricingFeedB,2025-03-07
PRC0001585,36582971350,MAC,1.8955,92.88,2025-09-09,2027-01-21,PricingFeedB,2026-06-25
PRC0001586,78375177340,NADAC,5.4697,525.09,2023-02-08,2024-09-18,PricingFeedA,2025-11-28
PRC0001587,48836820566,NADAC,85.3402,6827.22,2026-04-12,2028-01-27,PricingFeedB,2025-07-01
PRC0001588,37928998179,UNKNOWN_METHOD,0.982,38.3,2025-12-28,2027-09-22,PricingFeedB,2026-07-09
PRC0001589,60844107060,Contract Rate,42.1541,716.62,2025-07-01,2026-11-28,PricingFeedA,2025-04-30
PRC0001590,37928998179,AWP,2.2148,90.81,2023-12-21,2024-03-27,PricingFeedB,2026-07-08
PRC0001591,48520467193,MAC,7.6271,511.02,2025-01-20,2026-05-25,PricingFeedB,2026-06-11
PRC0001592,40504965642,AWP,21.5944,1576.39,2025-02-17,2025-07-08,PricingFeedA,2026-05-26
PRC0001593,67124608759,Contract Rate,5.447,157.96,2023-02-13,2024-05-28,PricingFeedB,2025-02-20
PRC0001594,90728447630,WAC,22.4681,2156.94,2026-05-14,2026-10-09,PricingFeedA,2025-04-18
PRC0001595,93234720318,NADAC,11.8187,709.12,2025-06-26,2026-01-02,PricingFeedA,2025-01-03
PRC0001596,50757578276,Contract Rate,6.3915,319.57,2025-12-29,2027-07-25,PricingFeedA,2025-11-10
PRC0001597,15420255680,MAC,6.2001,303.8,2025-06-05,2025-12-10,PricingFeedA,2025-09-04
PRC0001598,17997612230,WAC,0.7922,38.03,2025-08-14,2026-04-28,PricingFeedB,2025-05-19
PRC0001599,38721413264,WAC,1.7228,113.7,2023-09-19,2025-07-24,PricingFeedB,2025-03-04
PRC0001600,80550996369,MAC,2.0423,95.99,2024-11-26,2025-10-19,PricingFeedB,2026-02-20
PRC0001601,14041368848,NADAC,8.5035,263.61,2024-10-14,2025-04-04,PricingFeedA,2025-06-22
PRC0001602,92294919275,MAC,1.0065,49.32,2024-03-27,2024-09-09,PricingFeedB,2025-05-08
PRC0001603,91814375357,NADAC,3.4865,324.24,2026-02-17,2027-01-23,PricingFeedA,2025-02-17
PRC0001604,25094254121,NADAC,9.702,727.65,2024-09-26,2025-08-20,PricingFeedA,2025-07-01
PRC0001605,69398255036,AWP,5.9914,407.42,2023-07-21,2023-11-10,PricingFeedA,2025-03-12
PRC0001606,40071538725,Contract Rate,3.7243,327.74,2025-10-28,2026-10-21,PricingFeedA,2026-03-19
PRC0001607,76548454081,Contract Rate,3.7909,367.72,2024-10-30,2026-01-07,PricingFeedA,2025-04-10
PRC0001608,94092112525,Contract Rate,4.855,155.36,2025-08-12,2026-06-26,PricingFeedB,2025-11-01
PRC0001609,77497673240,MAC,16.9541,661.21,2023-03-07,2024-10-10,PricingFeedB,2025-05-29
PRC0001610,52583690494,AWP,5.5386,221.54,2025-01-30,2026-12-28,PricingFeedB,2026-07-08
PRC0001611,56084952427,WAC,2.2684,188.28,2026-05-17,2026-08-28,PricingFeedB,2026-06-03
PRC0001612,32792508824,Contract Rate,18.1159,615.94,2023-03-28,2024-06-11,PricingFeedB,2025-10-06
PRC0001613,70317814977,NADAC,100.8896,5448.04,2024-06-19,2025-09-27,PricingFeedB,2025-09-02
PRC0001614,96493569992,NADAC,3.0246,293.39,2023-08-09,2024-05-27,PricingFeedA,2025-06-20
PRC0001615,25717847814,MAC,3.2947,243.81,2025-01-03,2026-07-27,PricingFeedA,2025-11-04
PRC0001616,40895504647,NADAC,37.0594,1000.6,2025-09-21,2026-01-12,PricingFeedA,2025-12-26
PRC0001617,56735853544,WAC,14.5716,262.29,2024-10-18,2026-03-12,PricingFeedB,2025-04-30
PRC0001618,71431521823,NADAC,4.6163,410.85,2024-10-26,2025-08-03,PricingFeedA,2026-02-24
PRC0001619,38443858993,MAC,5.3223,250.15,2025-04-25,2026-12-14,PricingFeedA,2025-06-13
PRC0001620,59049568585,NADAC,7.3474,492.28,2024-10-26,2026-06-22,PricingFeedA,2026-02-15
PRC0001621,44211207023,WAC,18.3702,440.88,2024-05-02,2026-04-21,PricingFeedA,2025-09-11
PRC0001622,82475457780,NADAC,26.5194,1856.36,2023-11-22,2025-01-02,PricingFeedB,2025-06-20
PRC0001623,81214270455,MAC,32.0292,2498.28,2023-03-17,2024-02-10,PricingFeedA,2025-08-16
PRC0001624,99282121398,Contract Rate,21.964,263.57,2026-02-19,2027-06-29,PricingFeedB,2025-02-13
PRC0001625,65494134693,NADAC,2.8817,158.49,2024-10-08,2025-03-06,PricingFeedB,2025-10-12
PRC0001626,87180850251,NADAC,8.2049,631.78,2026-04-17,2026-11-27,PricingFeedA,2025-10-15
PRC0001627,98611238535,WAC,5.5979,313.48,2024-08-10,2025-01-01,PricingFeedA,2025-06-11
PRC0001628,47041166680,MAC,15.4243,971.73,2024-04-02,2025-12-20,PricingFeedB,2026-01-31
PRC0001629,91227369073,Contract Rate,3.4192,136.77,2025-06-05,2026-09-25,PricingFeedB,2026-01-18
PRC0001630,70613545988,Contract Rate,11.0387,849.98,2025-10-28,2026-11-19,PricingFeedA,2026-07-19
PRC0001631,20964366855,MAC,2.5855,217.18,2023-08-16,2024-04-24,PricingFeedB,2026-01-29
PRC0001632,47253753474,MAC,87.8102,2107.44,2024-09-04,2025-12-31,PricingFeedA,2025-04-09
PRC0001633,74909178953,MAC,5.2527,472.74,2025-08-11,2026-07-19,PricingFeedB,2026-06-15
PRC0001634,26452654738,NADAC,6.0605,599.99,2023-01-28,2023-12-19,PricingFeedA,2025-01-18
PRC0001635,31723369638,MAC,29.2979,937.53,2025-10-22,2027-02-24,PricingFeedB,2025-01-05
PRC0001636,26703687825,AWP,11.3042,836.51,2023-02-13,2023-06-05,PricingFeedA,2025-03-31
PRC0001637,48104454958,WAC,2.8184,191.65,2024-07-19,2025-09-22,PricingFeedB,2025-05-05
PRC0001638,78929224734,WAC,15.7868,1294.52,2025-11-07,2026-05-11,PricingFeedA,2025-01-13
PRC0001639,98921439381,MAC,20.4501,1083.86,2025-07-08,2027-04-08,PricingFeedA,2025-09-14
PRC0001640,71263822745,Contract Rate,5.3096,440.7,2025-09-24,2027-02-07,PricingFeedA,2025-10-20
PRC0001641,83727139018,WAC,5.8472,409.3,2023-10-06,2024-07-02,PricingFeedB,2025-06-15
PRC0001642,98558768029,MAC,1.2357,35.84,2025-09-28,2026-01-12,PricingFeedB,2025-05-20
PRC0001643,20096181552,WAC,5.5444,404.74,2026-02-16,2026-05-30,PricingFeedA,2025-01-29
PRC0001644,26411345874,MAC,10.374,1016.65,2026-05-25,2026-10-05,PricingFeedA,2025-08-20
PRC0001645,54705453523,MAC,17.9824,521.49,2024-10-10,2025-09-16,PricingFeedB,2025-07-29
PRC0001646,43111470329,MAC,32.9512,1351.0,2024-10-18,2025-12-18,PricingFeedB,2026-04-01
PRC0001647,93026770242,AWP,7.0199,589.67,2024-03-15,2025-05-21,PricingFeedB,2025-08-12
PRC0001648,92131319328,NADAC,4.7122,207.34,2025-09-08,2027-02-23,PricingFeedB,2026-02-04
PRC0001649,39455777027,NADAC,1.7042,93.73,2025-07-11,2026-02-16,PricingFeedA,2025-12-01
PRC0001650,55066490222,NADAC,11.3668,443.31,2024-11-25,2026-11-09,PricingFeedB,2025-06-24
PRC0001651,72982905964,WAC,11.0161,627.92,2026-05-13,2027-09-23,PricingFeedA,2025-05-27
PRC0001652,42790921133,MAC,13.152,184.13,2024-09-13,2025-01-20,PricingFeedA,2026-04-28
PRC0001653,22313207361,AWP,10.3069,979.16,2025-04-08,2026-11-10,PricingFeedB,2025-06-25
PRC0001654,67426983874,AWP,5.5136,314.28,2025-06-06,2026-06-24,PricingFeedB,2025-12-16
PRC0001655,22620625618,AWP,25.2932,278.23,2023-01-06,2024-10-17,PricingFeedA,2025-12-26
PRC0001656,74385175975,MAC,16.6897,901.24,2023-08-13,2025-07-24,PricingFeedA,2025-04-22
PRC0001657,18501762876,MAC,38.0891,1637.83,2023-03-12,2024-05-23,PricingFeedA,2026-06-29
PRC0001658,91638946513,MAC,12.9959,740.77,2025-01-19,2025-04-29,PricingFeedB,2026-07-11
PRC0001659,57820791671,WAC,4.1415,405.87,2023-01-20,2023-12-26,PricingFeedA,2026-07-15
PRC0001660,69323752585,AWP,10.6208,212.42,2023-05-15,2024-04-19,PricingFeedA,2026-04-20
PRC0001661,58257248865,AWP,4.9127,103.17,2024-06-18,2025-06-11,PricingFeedA,2025-04-29
PRC0001662,63116718685,Contract Rate,9.6019,96.02,2025-09-30,2026-09-06,PricingFeedB,2025-02-02
PRC0001663,40773504873,WAC,18.4995,943.47,2024-07-09,2025-09-08,PricingFeedA,2025-05-22
PRC0001664,87180850251,NADAC,3.1838,143.27,2025-03-17,2025-07-13,PricingFeedA,2025-02-01
PRC0001665,56356748535,Contract Rate,5.4142,400.65,2023-08-18,2025-03-15,PricingFeedB,2025-04-17
PRC0001666,81165324434,AWP,8.1586,530.31,2026-03-25,2026-12-04,PricingFeedA,2025-06-03
PRC0001667,50461794847,NADAC,7.1587,429.52,2024-12-21,2025-08-12,PricingFeedB,2026-05-27
PRC0001668,29976903633,MAC,4.9004,102.91,2025-10-18,2027-04-01,PricingFeedB,2026-04-08
PRC0001669,52583690494,Contract Rate,17.611,616.38,2025-05-11,2025-09-12,PricingFeedA,2025-04-29
PRC0001670,80701649845,Contract Rate,3.2156,202.58,2026-01-11,2027-04-13,PricingFeedB,2025-08-31
PRC0001671,24931475984,MAC,2.2603,201.17,2024-02-15,2025-01-05,PricingFeedB,2026-07-04
PRC0001672,19962310632,NADAC,6.0023,294.11,2025-02-15,2026-04-19,PricingFeedB,2026-04-19
PRC0001673,61916924081,AWP,4.7685,100.14,2025-08-24,2026-12-26,PricingFeedA,2025-01-23
PRC0001674,73825238231,Contract Rate,9.2025,174.85,2024-05-10,2024-10-12,PricingFeedB,2025-03-02
PRC0001675,88056214772,Contract Rate,11.6553,1060.63,2025-10-21,2027-04-25,PricingFeedB,2025-08-19
PRC0001676,90800728349,AWP,6.9551,619.0,2025-08-02,2027-01-11,PricingFeedB,2026-06-17
PRC0001677,12131959374,Contract Rate,35.1392,808.2,2025-12-05,2026-08-26,PricingFeedB,2025-04-07
PRC0001678,24721435259,NADAC,12.1836,389.88,2025-02-06,2025-10-16,PricingFeedA,2025-01-18
PRC0001679,84334385421,AWP,1.7176,79.01,2026-01-06,2026-12-09,PricingFeedB,2025-11-04
PRC0001680,90653588422,MAC,35.0929,3298.73,2025-09-19,2026-10-05,PricingFeedB,2025-10-08
PRC0001681,61137801874,WAC,20.3981,1162.69,2024-07-14,2024-10-12,PricingFeedB,2025-05-08
PRC0001682,15420255680,Contract Rate,2.087,33.39,2025-06-17,2026-01-28,PricingFeedB,2026-08-11
PRC0001683,33745564480,MAC,2.049,120.89,2025-03-13,2025-06-26,PricingFeedA,2025-11-08
PRC0001684,26331939675,MAC,15.9992,719.96,2026-01-25,2027-05-31,PricingFeedB,2026-04-29
PRC0001685,54154506357,WAC,22.1894,887.58,2025-06-03,2027-04-17,PricingFeedA,2025-07-15
PRC0001686,52862954898,MAC,27.4328,1152.18,2024-08-31,2025-09-06,PricingFeedA,2025-06-24
PRC0001687,36017326675,MAC,7.254,645.61,2024-05-07,2025-06-30,PricingFeedB,2025-07-06
PRC0001688,76841912411,WAC,1.9484,97.42,2023-12-12,2025-02-16,PricingFeedA,2026-07-15
PRC0001689,17813492685,WAC,7.7533,752.07,2025-01-13,2026-06-07,PricingFeedB,2025-07-17
PRC0001690,62176247065,WAC,6.4387,521.53,2023-07-28,2025-02-18,PricingFeedA,2026-03-01
PRC0001691,47515972719,MAC,5.042,438.65,2026-02-06,2026-09-21,PricingFeedB,2026-02-03
PRC0001692,24721435259,Contract Rate,1.8143,67.13,2023-05-29,2025-03-27,PricingFeedA,2025-10-18
PRC0001693,54893863057,Contract Rate,6.664,513.13,2024-05-08,2025-06-27,PricingFeedB,2025-11-22
PRC0001694,32444678260,AWP,0.8364,18.4,2023-08-28,2024-04-26,PricingFeedA,2025-04-14
PRC0001695,21421615389,AWP,0.4698,7.99,2023-11-09,2024-06-03,PricingFeedA,2025-04-01
PRC0001696,89572512973,NADAC,18.0928,1230.31,2026-03-20,2026-09-09,PricingFeedB,2025-04-25
PRC0001697,67543708985,Contract Rate,8.022,144.4,2025-10-07,2027-03-31,PricingFeedA,2025-07-17
PRC0001698,30303185760,NADAC,14.0157,770.86,2025-05-11,2027-01-10,PricingFeedB,2025-07-17
PRC0001699,82100899412,MAC,6.8988,179.37,2025-03-07,2025-10-24,PricingFeedB,2026-04-15
PRC0001700,19150183984,WAC,7.5592,740.8,2025-05-12,2027-02-11,PricingFeedA,2026-03-03
PRC0001701,76841912411,Contract Rate,10.7815,808.61,2024-05-31,2026-04-26,PricingFeedB,2025-03-18
PRC0001702,31923278318,WAC,24.027,1513.7,2024-06-19,2025-07-05,PricingFeedB,2025-05-10
PRC0001703,36582971350,AWP,14.3624,502.68,2025-04-15,2026-11-04,PricingFeedB,2025-09-07
PRC0001704,35021253272,NADAC,15.8383,633.53,2023-09-08,2024-01-17,PricingFeedA,2025-03-29
PRC0001705,97829657184,NADAC,8.2871,638.11,2026-02-06,2028-01-07,PricingFeedA,2025-11-06
PRC0001706,33948932149,WAC,14.6052,920.13,2026-05-07,2027-11-05,PricingFeedA,2026-08-09
PRC0001707,68749757957,WAC,7.0251,231.83,2023-11-22,2025-04-17,PricingFeedA,2025-03-26
PRC0001708,63039619641,WAC,23.7056,284.47,2024-11-06,2025-05-06,PricingFeedA,2026-02-05
PRC0001709,95762624064,Contract Rate,1.5996,76.78,2024-01-09,2025-04-06,PricingFeedA,2025-10-02
PRC0001710,42969761175,MAC,3.0337,78.88,2026-05-12,2027-08-03,PricingFeedB,2026-01-17
PRC0001711,21642883934,WAC,17.568,1177.06,2025-12-16,2027-05-04,PricingFeedB,2025-04-16
PRC0001712,17204851877,AWP,4.4662,267.97,2024-02-12,2024-08-01,PricingFeedB,2026-06-16
PRC0001713,53358319960,WAC,3.6408,327.67,2023-10-05,2024-10-13,PricingFeedB,2025-09-19
PRC0001714,40427686976,NADAC,10.7089,813.88,2024-05-06,2025-08-21,PricingFeedA,2025-12-21
PRC0001715,84702528484,NADAC,59.5407,2203.01,2024-09-25,2026-01-28,PricingFeedB,2026-07-01
PRC0001716,69323752585,AWP,11.4703,779.98,2023-12-09,2025-06-07,PricingFeedA,2025-08-19
PRC0001717,22934703171,Contract Rate,4.0948,139.22,2024-07-28,2025-08-09,PricingFeedA,2025-10-04
PRC0001718,65882951085,WAC,37.8802,795.48,2023-12-22,2024-05-26,PricingFeedA,2026-04-18
PRC0001719,28226964458,WAC,1.754,21.05,2023-08-01,2024-08-21,PricingFeedA,2026-08-09
PRC0001720,61820941754,AWP,7.5845,447.49,2025-10-31,2027-10-16,PricingFeedA,2025-09-04
PRC0001721,38443858993,NADAC,3.8004,353.44,2023-11-13,2024-10-15,PricingFeedB,2025-10-30
PRC0001722,24897240235,Contract Rate,7.1509,479.11,2025-01-18,2025-08-06,PricingFeedA,2026-07-07
PRC0001723,19606146745,MAC,38.0047,3230.4,2025-07-07,2026-08-01,PricingFeedA,2026-06-16
PRC0001724,94312952831,WAC,4.6101,442.57,2025-01-19,2026-01-12,PricingFeedB,2026-01-03
PRC0001725,82391488851,WAC,2.9412,282.36,2025-07-23,2026-06-25,PricingFeedB,2026-03-29
PRC0001726,19270364213,Contract Rate,2.5624,243.43,2024-06-21,2025-02-09,PricingFeedB,2025-02-21
PRC0001727,76071831723,MAC,7.1198,420.07,2023-09-08,2025-04-24,PricingFeedA,2025-04-03
PRC0001728,14974572541,WAC,6.6824,447.72,2026-03-20,2027-07-04,PricingFeedA,2026-08-08
PRC0001729,47494236310,NADAC,6.1947,582.3,2026-04-02,2027-03-02,PricingFeedB,2026-02-02
PRC0001730,76013679988,Contract Rate,6.7669,385.71,2025-11-30,2026-04-30,PricingFeedA,2025-12-01
PRC0001731,47220155350,WAC,25.7828,2139.97,2025-10-17,2026-01-26,PricingFeedA,2026-05-17
PRC0001732,93949757344,AWP,3.9288,306.45,2024-07-10,2024-12-17,PricingFeedA,2026-07-12
PRC0001733,82475457780,AWP,27.7469,1637.07,2023-02-07,2024-02-05,PricingFeedA,2025-08-05
PRC0001734,14627431869,NADAC,-6.6374,-504.44,2025-04-16,2026-09-07,PricingFeedB,2026-03-07
PRC0001735,41935957662,WAC,0.9976,76.82,2024-05-23,2025-09-23,PricingFeedB,2026-01-24
PRC0001736,40504965642,Contract Rate,47.3669,2036.78,2024-04-05,2025-09-05,PricingFeedA,2026-07-11
PRC0001737,29398974548,NADAC,4.8602,58.32,2026-04-20,2028-01-25,PricingFeedA,2025-05-20
PRC0001738,39455777027,Contract Rate,16.7638,1072.88,2026-01-25,2027-09-09,PricingFeedA,2025-06-04
PRC0001739,43392739451,NADAC,5.782,121.42,2025-11-10,2027-03-12,PricingFeedB,2025-12-29
PRC0001740,46919436288,MAC,6.32,164.32,2023-03-08,2024-02-14,PricingFeedB,2025-12-10
PRC0001741,24069146482,Contract Rate,15.442,308.84,2023-12-09,2024-11-10,PricingFeedA,2026-06-03
PRC0001742,96012885450,WAC,29.3097,1055.15,2025-10-03,2026-05-28,PricingFeedB,2025-09-22
PRC0001743,33848103692,MAC,5.144,380.66,2025-01-09,2025-04-18,PricingFeedB,2025-01-16
PRC0001744,74192691278,NADAC,5.7118,519.77,2023-09-24,2025-05-30,PricingFeedA,2025-11-26
PRC0001745,13608623051,WAC,3.0348,273.13,2023-08-09,2024-10-24,PricingFeedB,2025-01-10
PRC0001746,55504611813,NADAC,4.5164,85.81,2025-01-20,2026-07-12,PricingFeedA,2025-02-10
PRC0001747,32305341731,WAC,11.1553,792.03,2024-03-20,2025-07-04,PricingFeedA,2025-04-19
PRC0001748,73978849161,MAC,11.5585,751.3,2023-07-23,2024-12-02,PricingFeedB,2026-07-22
PRC0001749,81641422556,AWP,34.1516,853.79,2023-10-19,2025-03-20,PricingFeedA,2026-06-02
PRC0001750,70410757439,Contract Rate,15.5174,713.8,2024-09-05,2025-03-17,PricingFeedA,2026-06-27
PRC0001751,40538581357,Contract Rate,6.4644,245.65,2025-12-09,2026-03-29,PricingFeedB,2025-05-05
PRC0001752,25866246025,AWP,1.5091,90.55,2024-02-15,2025-03-23,PricingFeedB,2026-05-07
PRC0001753,20641978938,MAC,6.9273,547.26,2025-04-08,2026-09-22,PricingFeedB,2025-08-11
PRC0001754,77447650355,MAC,9.6741,377.29,2024-10-28,2026-09-20,PricingFeedA,2025-11-20
PRC0001755,29337582731,AWP,4.678,126.31,2024-09-16,2025-12-15,PricingFeedA,2025-06-27
PRC0001756,92809819256,WAC,7.1442,521.53,2026-03-28,2028-02-20,PricingFeedB,2025-04-05
PRC0001757,62579571575,AWP,11.0487,795.51,2023-06-25,2025-03-27,PricingFeedB,2025-06-04
PRC0001758,42368965233,NADAC,1.9053,49.54,2026-01-03,2026-10-29,PricingFeedB,2025-09-03
PRC0001759,92294919275,WAC,81.4784,2607.31,2023-09-03,2025-01-06,PricingFeedA,2026-07-21
PRC0001760,43392739451,MAC,41.8152,1087.2,2024-07-04,2025-10-01,PricingFeedA,2026-05-03
PRC0001761,71138176370,AWP,33.3102,499.65,2024-01-10,2024-04-17,PricingFeedA,2026-04-27
PRC0001762,44872908135,WAC,20.0164,520.43,2025-08-27,2026-12-04,PricingFeedA,2025-02-10
PRC0001763,98361822465,WAC,33.174,2886.14,2024-06-10,2025-04-03,PricingFeedB,2025-02-14
PRC0001764,35955476733,AWP,8.5431,350.27,2025-07-22,2026-04-09,PricingFeedB,2025-07-21
PRC0001765,36001690590,AWP,2.112,31.68,2023-08-04,2024-06-07,PricingFeedB,2025-12-20
PRC0001766,96381286924,AWP,4.4655,66.98,2023-05-26,2024-05-26,PricingFeedB,2026-02-15
PRC0001767,24931475984,NADAC,,201.2,2024-03-14,2024-07-09,PricingFeedA,2026-05-31
PRC0001768,32031366424,WAC,28.225,2116.88,2025-03-27,2025-08-16,PricingFeedA,2025-10-10
PRC0001769,40538581357,WAC,1.4483,20.28,2023-10-01,2025-09-16,PricingFeedB,2026-06-29
PRC0001770,58801526081,MAC,7.5048,577.87,2026-01-22,2027-05-15,PricingFeedA,2026-05-28
PRC0001771,42627468935,AWP,13.7663,660.78,2023-11-04,2025-03-22,PricingFeedA,2025-03-12
PRC0001772,70317814977,WAC,7.2812,524.25,2023-12-19,2024-07-29,PricingFeedA,2026-05-08
PRC0001773,76229411744,NADAC,5.4496,256.13,2025-12-12,2026-09-10,PricingFeedA,2026-05-12
PRC0001774,39273980031,NADAC,5.8539,497.58,2026-01-23,2026-06-17,PricingFeedB,2025-01-11
PRC0001775,17997612230,Contract Rate,4.8649,82.7,2024-04-10,2025-02-21,PricingFeedA,2025-09-28
PRC0001776,99024156725,UNKNOWN_METHOD,8.3645,301.12,2025-09-06,2027-04-03,PricingFeedA,2026-06-08
PRC0001777,99024156725,NADAC,2.7662,179.8,2023-08-20,2024-07-16,PricingFeedB,2026-01-30
PRC0001778,25866246025,NADAC,4.3381,290.65,2024-10-02,2026-03-25,PricingFeedA,2025-06-27
PRC0001779,77096329537,MAC,0.2889,13.87,2023-09-27,2024-01-05,PricingFeedA,2025-11-14
PRC0001780,54472137420,AWP,14.2769,585.35,2023-03-12,2025-02-16,PricingFeedB,2026-05-30
PRC0001781,15420255680,NADAC,28.5564,2313.07,2023-12-21,2025-01-06,PricingFeedB,2025-04-28
PRC0001782,73812149827,WAC,1.9495,46.79,2024-12-06,2026-01-19,PricingFeedB,2025-04-03
PRC0001783,92294919275,NADAC,4.5817,50.4,2023-08-23,2024-10-04,PricingFeedA,2026-03-09
PRC0001784,99511771384,AWP,15.2712,549.76,2025-07-27,2026-06-26,PricingFeedB,2025-05-19
PRC0001785,94714373929,MAC,27.7077,581.86,2023-04-08,2024-12-30,PricingFeedA,2025-03-02
PRC0001786,37104711512,MAC,35.2814,1869.91,2023-12-31,2024-08-14,PricingFeedA,2025-04-04
PRC0001787,39273980031,AWP,39.0429,3240.56,2024-02-11,2024-11-09,PricingFeedB,2026-01-12
PRC0001788,94835111213,AWP,6.0676,84.95,2023-11-19,2025-10-18,PricingFeedA,2025-06-12
PRC0001789,52259816026,MAC,4.7011,220.95,2023-11-22,2025-04-17,PricingFeedB,2025-02-10
PRC0001790,18083108393,Contract Rate,2.5552,76.66,2024-02-07,2025-12-05,PricingFeedB,2025-01-06
PRC0001791,85922868666,NADAC,7.1656,365.45,2025-02-16,2027-01-30,PricingFeedA,2026-04-13
PRC0001792,47340976831,NADAC,12.4142,1204.18,2025-10-29,2026-05-30,PricingFeedB,2026-08-14
PRC0001793,91814375357,WAC,15.7167,251.47,2025-04-29,2026-01-17,PricingFeedB,2025-12-30
PRC0001794,52855896229,AWP,7.3732,530.87,2023-01-23,2024-01-22,PricingFeedB,2026-06-27
PRC0001795,10394138129,WAC,5.6596,503.7,2025-02-25,2026-12-30,PricingFeedA,2025-02-19
PRC0001796,40081577678,WAC,3.2112,128.45,2026-01-26,2027-06-29,PricingFeedA,2026-06-08
PRC0001797,58378729732,NADAC,22.3389,1049.93,2024-02-26,2024-06-06,PricingFeedB,2026-05-26
PRC0001798,40604293652,WAC,4.4931,301.04,2025-09-22,2026-08-16,PricingFeedA,2025-10-11
PRC0001799,24212233551,MAC,3.6848,224.77,2023-01-28,2024-02-18,PricingFeedB,2025-09-30
PRC0001800,28309735158,WAC,6.191,198.11,2023-07-20,2024-02-25,PricingFeedA,2026-02-19
PRC0001801,94421963775,NADAC,1.7581,22.86,2025-11-13,2027-09-28,PricingFeedB,2026-08-06
PRC0001802,20379513865,NADAC,1.672,110.35,2025-05-29,2026-05-18,PricingFeedA,2026-02-02
PRC0001803,59783584950,AWP,4.4716,357.73,2023-06-26,2023-11-28,PricingFeedB,2025-06-17
PRC0001804,67259185565,NADAC,22.8277,684.83,2024-03-16,2025-08-29,PricingFeedA,2026-06-22
PRC0001805,43412851646,AWP,4.1832,96.21,2025-05-30,2026-02-01,PricingFeedB,2025-06-18
PRC0001806,73727371375,NADAC,2.5202,171.37,2025-01-02,2025-09-11,PricingFeedA,2025-10-15
PRC0001807,86890799081,AWP,3.7586,71.41,2025-09-27,2026-05-25,PricingFeedB,2026-03-28
PRC0001808,38443858993,NADAC,16.5058,478.67,2024-12-22,2026-07-19,PricingFeedB,2026-05-07
PRC0001809,31106224472,NADAC,3.8994,144.28,2023-04-24,2024-03-11,PricingFeedA,2026-06-15
PRC0001810,27539452320,NADAC,8.9864,413.37,2023-01-31,2023-05-16,PricingFeedA,2025-10-18
PRC0001811,52259816026,MAC,11.6463,1048.17,2024-04-13,2025-01-17,PricingFeedA,2025-05-10
PRC0001812,97361501089,AWP,16.5437,1571.65,2024-04-25,2025-09-02,PricingFeedB,2026-06-26
PRC0001813,24945550574,MAC,1.0272,101.69,2024-10-14,2026-07-02,PricingFeedA,2025-04-10
PRC0001814,56529194411,Contract Rate,19.4997,1735.47,2024-09-02,2025-04-08,PricingFeedB,2026-05-06
PRC0001815,37928998179,AWP,6.6337,417.92,2025-05-23,2026-12-04,PricingFeedA,2025-10-06
PRC0001816,14420419723,NADAC,8.3156,415.78,2026-03-16,2027-12-24,PricingFeedA,2026-04-28
PRC0001817,62299475227,AWP,3.1907,105.29,2025-02-08,2026-01-18,PricingFeedB,2026-04-23
PRC0001818,18032796468,Contract Rate,20.4621,450.17,2023-03-05,2024-01-03,PricingFeedB,2026-02-08
PRC0001819,13912543726,Contract Rate,2.048,22.53,2024-09-23,2025-05-12,PricingFeedA,2025-07-03
PRC0001820,52855896229,Contract Rate,10.4107,166.57,2025-07-15,2026-03-21,PricingFeedA,2026-03-02
PRC0001821,27306842138,NADAC,5.7058,336.64,2024-10-10,2026-05-06,PricingFeedA,2025-07-10
PRC0001822,77497673240,Contract Rate,12.3286,135.61,2024-04-11,2024-11-25,PricingFeedB,2026-08-01
PRC0001823,36582971350,Contract Rate,6.0046,132.1,2025-01-31,2026-08-17,PricingFeedB,2026-07-10
PRC0001824,97142643090,MAC,29.7174,2020.78,2026-02-03,2028-01-09,PricingFeedB,2026-03-24
PRC0001825,74618978456,WAC,6.2487,193.71,2025-09-11,2026-02-01,PricingFeedB,2025-09-25
PRC0001826,93839707777,MAC,26.6858,1414.35,2024-01-15,2024-12-07,PricingFeedA,2025-05-15
PRC0001827,87431285235,AWP,13.0683,130.68,2024-08-10,2025-12-29,PricingFeedB,2025-08-18
PRC0001828,10849291063,AWP,3.7027,144.41,2026-04-05,2027-11-17,PricingFeedB,2025-10-12
PRC0001829,22965734777,MAC,23.1909,2226.33,2023-01-10,2024-04-30,PricingFeedB,2025-05-06
PRC0001830,29268903018,Contract Rate,13.5603,555.97,2025-04-18,2026-06-05,PricingFeedB,2026-03-13
PRC0001831,13165383624,NADAC,1.303,78.18,2023-12-24,2025-09-27,PricingFeedA,2026-07-12
PRC0001832,59002120957,MAC,-1.9835,-101.16,2023-12-02,2025-03-21,PricingFeedB,2025-04-18
PRC0001833,17278457796,Contract Rate,2.3201,69.6,2025-03-11,2026-06-11,PricingFeedA,2025-05-08
PRC0001834,98610652597,WAC,7.7919,451.93,2024-12-14,2026-11-26,PricingFeedB,2025-03-25
PRC0001835,27517427451,MAC,5.8801,435.13,2025-05-02,2025-08-02,PricingFeedA,2025-10-06
PRC0001836,56163729792,NADAC,5.4044,389.12,2024-01-23,2025-12-21,PricingFeedA,2026-05-27
PRC0001837,86832223497,WAC,31.6063,632.13,2023-04-05,2024-10-23,PricingFeedA,2025-09-29
PRC0001838,38750191648,MAC,7.1823,366.3,2025-12-18,2027-01-11,PricingFeedA,2026-01-15
PRC0001839,20858309589,Contract Rate,12.9035,296.78,2024-03-22,2024-10-17,PricingFeedA,2026-04-24
PRC0001840,50593972260,WAC,20.0086,1960.84,2023-10-31,2024-06-11,PricingFeedB,2025-09-10
PRC0001841,22965734777,WAC,11.4522,538.25,2026-05-21,2027-06-24,PricingFeedB,2025-12-05
PRC0001842,22620625618,AWP,11.3352,804.8,2024-07-17,2026-01-09,PricingFeedB,2025-12-30
PRC0001843,85086957723,NADAC,12.6058,731.14,2025-07-03,2027-05-13,PricingFeedB,2025-06-05
PRC0001844,29398974548,NADAC,3.4801,93.96,2025-07-25,2027-01-31,PricingFeedB,2026-01-19
PRC0001845,38655593381,Contract Rate,33.1309,2915.52,2023-10-14,2025-03-04,PricingFeedB,2025-11-10
PRC0001846,34198319284,NADAC,78.6902,4485.34,2025-09-12,2026-06-24,PricingFeedB,2025-05-08
PRC0001847,53358319960,AWP,5.3256,383.44,2025-03-27,2026-03-20,PricingFeedA,2026-06-26
PRC0001848,14030276734,WAC,11.8613,379.56,2024-07-23,2025-09-18,PricingFeedB,2025-05-06
PRC0001849,76401628732,MAC,15.2205,1506.83,2026-03-24,2027-09-05,PricingFeedA,2025-11-11
PRC0001850,38481272433,MAC,19.2555,442.88,2024-10-21,2025-08-09,PricingFeedB,2026-07-05
PRC0001851,46005730687,NADAC,8.9871,143.79,2026-05-23,2027-02-27,PricingFeedB,2026-01-05
PRC0001852,92790872997,AWP,20.3512,1648.45,2024-03-05,2025-02-10,PricingFeedB,2025-04-27
PRC0001853,68995759668,WAC,5.3224,271.44,2025-09-29,2027-03-08,PricingFeedA,2025-09-09
PRC0001854,47041166680,WAC,25.4639,2470.0,2024-06-07,2026-01-16,PricingFeedB,2026-04-18
PRC0001855,85864453239,Contract Rate,13.7229,837.1,2024-07-16,2025-03-19,PricingFeedA,2026-07-24
PRC0001856,38649367251,WAC,7.9066,395.33,2023-09-27,2024-07-20,PricingFeedA,2025-02-04
PRC0001857,14954435394,MAC,14.3212,1317.55,2023-11-20,2025-08-02,PricingFeedB,2026-01-22
PRC0001858,40071538725,Contract Rate,58.142,3023.38,2024-08-20,2026-01-20,PricingFeedB,2026-05-21
PRC0001859,45750813449,AWP,44.7862,1030.08,2025-11-28,2027-06-20,PricingFeedB,2025-04-06
PRC0001860,13254104910,WAC,2.8609,168.79,2025-05-19,2025-10-02,PricingFeedA,2025-04-27
PRC0001861,51792496033,MAC,4.2124,299.08,2023-08-07,2024-06-15,PricingFeedB,2026-04-06
PRC0001862,99165884188,Contract Rate,3.7574,41.33,2024-01-13,2024-09-29,PricingFeedA,2025-05-14
PRC0001863,39764892488,MAC,14.0583,168.7,2024-12-29,2025-10-04,PricingFeedA,2026-02-01
PRC0001864,81214270455,WAC,23.7344,688.3,2026-04-24,2026-08-13,PricingFeedA,2026-04-18
PRC0001865,87245844734,NADAC,4.6202,392.72,2025-01-20,2026-01-02,PricingFeedA,2025-03-30
PRC0001866,76216784973,AWP,41.1756,4035.21,2023-03-12,2023-11-19,PricingFeedB,2026-03-20
PRC0001867,11616709896,AWP,4.3256,220.61,2025-12-05,2027-01-03,PricingFeedA,2026-01-06
PRC0001868,74794323539,Contract Rate,5.4955,126.4,2025-10-05,2027-05-16,PricingFeedA,2025-08-20
PRC0001869,44198336110,AWP,,484.33,2025-04-16,2025-09-12,PricingFeedA,2025-07-19
PRC0001870,77205261342,Contract Rate,22.8027,1778.61,2025-06-14,2026-03-19,PricingFeedB,2025-09-14
PRC0001871,31553546728,WAC,7.0926,226.96,2023-06-06,2024-02-02,PricingFeedB,2026-07-14
PRC0001872,45750813449,WAC,12.5969,277.13,2024-03-29,2025-09-13,PricingFeedA,2026-04-06
PRC0001873,76013679988,MAC,2.7201,179.53,2024-12-16,2025-12-23,PricingFeedB,2026-05-11
PRC0001874,22951612888,Contract Rate,2.849,65.53,2024-06-18,2024-11-15,PricingFeedA,2025-06-14
PRC0001875,36527120523,WAC,6.4911,564.73,2024-09-18,2026-06-06,PricingFeedB,2026-06-29
PRC0001876,13254104910,AWP,5.1263,394.73,2023-03-24,2024-01-24,PricingFeedB,2026-05-01
PRC0001877,14752304010,Contract Rate,7.7613,682.99,2026-03-29,2026-12-27,PricingFeedB,2025-06-13
PRC0001878,85340859181,Contract Rate,15.0591,843.31,2023-01-01,2023-07-07,PricingFeedB,2025-07-01
PRC0001879,56529194411,AWP,23.4756,1361.58,2024-01-25,2025-11-16,PricingFeedB,2025-02-10
PRC0001880,44682779034,AWP,-1.879,-112.74,2024-08-13,2025-08-04,PricingFeedB,2025-09-19
PRC0001881,58670846921,MAC,2.5486,89.2,2024-12-26,2025-08-25,PricingFeedB,2025-02-03
PRC0001882,33848103692,UNKNOWN_METHOD,8.9625,770.77,2026-03-03,2027-04-20,PricingFeedA,2026-06-02
PRC0001883,39273980031,NADAC,28.2189,2596.14,2025-02-16,2026-05-28,PricingFeedA,2025-04-16
PRC0001884,87647246210,NADAC,2.5922,168.49,2023-04-17,2023-10-02,PricingFeedA,2026-07-29
PRC0001885,40504965642,AWP,4.8822,244.11,2023-12-11,2024-10-02,PricingFeedA,2025-11-18
PRC0001886,21243727554,MAC,6.7236,443.76,2024-04-12,2025-06-19,PricingFeedA,2025-08-13
PRC0001887,97829657184,WAC,10.8641,1021.23,2023-10-07,2025-05-08,PricingFeedB,2025-08-29
PRC0001888,29976903633,Contract Rate,13.0104,156.12,2026-05-31,2028-04-27,PricingFeedA,2025-07-22
PRC0001889,26940396868,WAC,11.9018,416.56,2024-03-16,2026-01-22,PricingFeedA,2025-09-05
PRC0001890,43701205518,MAC,8.2688,496.13,2023-02-25,2023-10-09,PricingFeedB,2025-06-04
PRC0001891,29976903633,Contract Rate,5.2074,385.35,2025-10-04,2026-10-25,PricingFeedA,2025-11-20
PRC0001892,84680513981,AWP,71.2796,784.08,2024-10-13,2026-03-12,PricingFeedB,2025-09-10
PRC0001893,20698353031,MAC,0.7063,30.37,2026-01-21,2026-12-27,PricingFeedA,2026-05-06
PRC0001894,32786886812,Contract Rate,2.8865,190.51,2023-09-09,2024-04-08,PricingFeedB,2025-05-01
PRC0001895,36163874460,AWP,33.1707,1426.34,2026-04-18,2027-02-18,PricingFeedB,2025-03-15
PRC0001896,63166657868,AWP,2.6683,45.36,2024-12-17,2025-12-26,PricingFeedA,2026-04-06
PRC0001897,98921439381,MAC,3.6044,309.98,2023-09-07,2023-12-22,PricingFeedB,2025-11-30
PRC0001898,40504965642,Contract Rate,1.8941,81.45,2024-01-16,2024-07-25,PricingFeedB,2025-01-12
PRC0001899,62842687164,NADAC,30.853,1542.65,2023-05-19,2025-04-02,PricingFeedA,2026-01-21
PRC0001900,66961165235,MAC,2.6048,65.12,2023-01-12,2023-05-14,PricingFeedB,2025-11-04
PRC0001901,80550996369,NADAC,2.6638,205.11,2026-03-26,2026-11-01,PricingFeedA,2025-03-13
PRC0001902,72171503347,WAC,13.1436,289.16,2023-09-30,2024-11-23,PricingFeedA,2025-01-03
PRC0001903,50389239682,NADAC,14.3315,1275.5,2023-11-08,2025-05-31,PricingFeedA,2025-08-02
PRC0001904,40427686976,NADAC,17.3916,1373.94,2024-12-28,2026-04-20,PricingFeedA,2025-05-24
PRC0001905,52862954898,NADAC,1.6746,162.44,2023-10-05,2024-09-06,PricingFeedA,2026-06-12
PRC0001906,42883174115,MAC,7.7852,482.68,2025-02-06,2026-03-24,PricingFeedB,2026-04-19
PRC0001907,38721413264,NADAC,14.0798,281.6,2023-08-28,2023-12-15,PricingFeedA,2025-04-08
PRC0001908,62299475227,Contract Rate,11.4329,171.49,2023-04-15,2023-08-14,PricingFeedB,2026-06-30
PRC0001909,64943476728,NADAC,14.4077,893.28,2026-04-17,2027-03-19,PricingFeedB,2025-10-12
PRC0001910,59211433737,AWP,2.8193,149.42,2025-06-03,2027-03-01,PricingFeedA,2026-05-07
PRC0001911,67080423748,MAC,11.595,417.42,2024-08-17,2025-01-17,PricingFeedA,2025-08-02
PRC0001912,23338670584,WAC,28.8462,403.85,2023-10-13,2025-04-14,PricingFeedB,2025-04-12
PRC0001913,92387647216,Contract Rate,3.4207,270.24,2023-03-05,2024-06-25,PricingFeedA,2025-11-09
PRC0001914,85528237583,Contract Rate,12.8011,243.22,2024-01-14,2025-03-11,PricingFeedB,2025-06-03
PRC0001915,17132186749,MAC,4.2763,192.43,2023-01-31,2023-06-24,PricingFeedA,2026-04-29
PRC0001916,94254883996,AWP,1.9845,160.74,2025-03-30,2026-07-26,PricingFeedA,2026-06-02
PRC0001917,36001690590,WAC,2.0502,184.52,2025-07-19,2025-10-19,PricingFeedB,2025-04-08
PRC0001918,98795104473,AWP,12.2593,257.45,2024-02-28,2025-03-28,PricingFeedB,2026-01-29
PRC0001919,93026770242,WAC,7.1193,220.7,2026-04-29,2026-08-23,PricingFeedA,2025-10-19
PRC0001920,62948592547,AWP,1.1718,24.61,2024-11-26,2025-05-28,PricingFeedB,2025-04-19
PRC0001921,56529194411,Contract Rate,4.916,309.71,2023-08-22,2023-11-23,PricingFeedB,2026-01-10
PRC0001922,38862821761,NADAC,3.3103,86.07,2023-05-21,2024-10-30,PricingFeedB,2025-09-12
PRC0001923,81673281655,NADAC,2.7025,37.84,2025-02-16,2025-11-08,PricingFeedB,2026-01-05
PRC0001924,70317814977,MAC,5.928,65.21,2023-06-02,2023-11-20,PricingFeedA,2025-05-12
PRC0001925,29268903018,Contract Rate,7.8016,312.06,2024-01-19,2025-01-26,PricingFeedA,2025-06-08
PRC0001926,41322801585,MAC,5.5266,469.76,2025-10-14,2027-06-23,PricingFeedA,2025-09-18
PRC0001927,36099200846,Contract Rate,2.1073,170.69,2023-08-12,2024-03-23,PricingFeedB,2025-09-23
PRC0001928,51057281520,WAC,13.5965,734.21,2023-11-11,2024-10-09,PricingFeedA,2026-08-07
PRC0001929,96682671088,NADAC,24.3945,902.6,2026-03-13,2028-02-13,PricingFeedA,2025-01-17
PRC0001930,17278457796,NADAC,8.486,712.82,2024-09-05,2026-04-24,PricingFeedB,2025-01-13
PRC0001931,30668351321,WAC,-61.543,-4800.35,2024-02-02,2025-06-13,PricingFeedA,2025-03-11
PRC0001932,46822109163,MAC,9.8901,98.9,2024-12-03,2025-12-15,PricingFeedA,2025-04-06
PRC0001933,40026109670,AWP,4.9325,340.34,2024-03-18,2025-01-04,PricingFeedA,2025-08-03
PRC0001934,82440106680,AWP,8.767,859.17,2024-05-21,2025-05-24,PricingFeedB,2026-02-24
PRC0001935,74039272223,WAC,19.7295,729.99,2024-04-14,2025-02-18,PricingFeedB,2025-01-31
PRC0001936,38130142714,AWP,5.4825,235.75,2024-11-26,2026-02-03,PricingFeedA,2026-03-01
PRC0001937,68762387095,AWP,6.0169,523.47,2023-09-24,2025-04-02,PricingFeedA,2026-03-27
PRC0001938,26059713727,WAC,0.8296,79.64,2026-03-10,2026-10-24,PricingFeedA,2026-07-23
PRC0001939,12871210416,Contract Rate,5.3627,101.89,2024-05-26,2024-12-29,PricingFeedA,2025-08-20
PRC0001940,59760482618,NADAC,8.112,129.79,2024-09-06,2025-12-18,PricingFeedB,2026-07-28
PRC0001941,97224337179,MAC,4.5549,350.73,2025-08-31,2026-07-20,PricingFeedB,2025-06-24
PRC0001942,40604293652,AWP,2.6699,96.12,2024-06-28,2026-01-14,PricingFeedA,2025-12-21
PRC0001943,20309347358,AWP,10.8635,206.41,2023-04-17,2024-01-03,PricingFeedA,2025-03-27
PRC0001944,78632194752,WAC,5.7316,555.97,2025-05-06,2025-09-07,PricingFeedA,2025-12-26
PRC0001945,57576578668,MAC,7.036,182.94,2026-01-08,2026-11-18,PricingFeedA,2025-07-28
PRC0001946,98617171442,MAC,1.5133,22.7,2023-03-09,2024-12-26,PricingFeedB,2026-03-22
PRC0001947,97763307131,AWP,25.0388,575.89,2023-02-21,2023-08-20,PricingFeedA,2026-06-08
PRC0001948,89305404592,NADAC,3.7078,51.91,2024-10-04,2025-02-19,PricingFeedB,2025-09-09
PRC0001949,37452117788,NADAC,7.061,197.71,2025-03-08,2025-07-15,PricingFeedB,2025-12-28
PRC0001950,38481272433,WAC,18.9284,984.28,2025-02-05,2026-04-04,PricingFeedB,2025-10-29
PRC0001951,21365601254,Contract Rate,4.1183,226.51,2024-04-04,2024-09-23,PricingFeedA,2026-05-08
PRC0001952,49910536098,AWP,16.9078,997.56,2025-12-28,2026-05-14,PricingFeedA,2025-02-26
PRC0001953,84080407924,MAC,13.2215,1137.05,2024-01-31,2025-09-25,PricingFeedB,2025-01-31
PRC0001954,96443863653,AWP,1.3138,105.1,2024-12-17,2025-08-24,PricingFeedB,2025-07-15
PRC0001955,65244152274,AWP,8.0756,177.66,2023-02-14,2023-06-09,PricingFeedB,2025-03-19
PRC0001956,11492597998,MAC,21.7793,631.6,2024-05-07,2025-10-02,PricingFeedB,2026-03-16
PRC0001957,86106901629,Contract Rate,2.241,47.06,2023-11-04,2025-06-03,PricingFeedB,2025-06-22
PRC0001958,68732282181,NADAC,8.5575,684.6,2024-02-23,2025-03-11,PricingFeedA,2025-12-17
PRC0001959,58914968790,NADAC,1.7433,87.17,2025-10-25,2026-01-28,PricingFeedB,2025-08-23
PRC0001960,84335217948,NADAC,21.8954,2058.17,2024-12-07,2026-07-03,PricingFeedB,2025-12-09
PRC0001961,82124250653,Contract Rate,2.7487,192.41,2025-03-06,2026-06-06,PricingFeedA,2026-03-20
PRC0001962,81641422556,NADAC,0.7893,63.93,2023-07-24,2024-03-02,PricingFeedA,2026-07-29
PRC0001963,49343244684,WAC,5.1777,170.86,2026-02-07,2026-08-13,PricingFeedB,2025-01-27
PRC0001964,62299475227,MAC,41.2019,3914.18,2026-02-16,2027-11-13,PricingFeedB,2026-05-30
PRC0001965,44363144090,WAC,6.3759,121.14,2023-07-25,2024-09-23,PricingFeedA,2025-05-14
PRC0001966,32345951358,WAC,5.1905,72.67,2025-08-04,2026-11-08,PricingFeedA,2025-03-25
PRC0001967,37570262831,WAC,0.6961,68.91,2023-04-29,2025-01-03,PricingFeedB,2026-02-03
PRC0001968,98755861361,MAC,3.3097,244.92,2024-11-20,2026-10-30,PricingFeedA,2026-03-09
PRC0001969,93139577848,AWP,2.5853,28.44,2025-03-06,2026-06-24,PricingFeedB,2025-09-26
PRC0001970,44198336110,AWP,2.8748,69.0,2025-06-18,2026-08-07,PricingFeedB,2026-06-29
PRC0001971,22934703171,MAC,3.6429,87.43,2024-03-14,2026-02-12,PricingFeedA,2026-01-12
PRC0001972,65593261567,NADAC,7.1459,643.13,2024-12-23,2025-07-16,PricingFeedB,2025-08-04
PRC0001973,72171503347,NADAC,4.0788,97.89,2023-03-05,2024-02-17,PricingFeedB,2025-06-30
PRC0001974,54395112517,Contract Rate,14.399,1353.51,2025-08-07,2026-12-20,PricingFeedB,2026-01-29
PRC0001975,42506952673,AWP,16.6818,1284.5,2024-04-28,2025-04-24,PricingFeedA,2025-01-29
PRC0001976,38112790984,Contract Rate,8.7349,829.82,2024-05-19,2025-10-21,PricingFeedA,2025-04-02
PRC0001977,38443858993,AWP,6.3936,70.33,2025-03-03,2025-09-24,PricingFeedB,2026-05-04
PRC0001978,29471563846,AWP,5.7501,546.26,2023-08-29,2024-03-07,PricingFeedB,2025-05-04
PRC0001979,81165324434,MAC,2.353,63.53,2023-01-02,2024-11-19,PricingFeedA,2026-05-07
PRC0001980,69179660314,WAC,5.016,285.91,2023-04-11,2024-11-01,PricingFeedB,2026-07-28
PRC0001981,69347757174,Contract Rate,3.3413,220.53,2024-10-29,2025-06-20,PricingFeedA,2026-01-20
PRC0001982,26703687825,WAC,29.0284,1683.65,2024-06-14,2026-06-01,PricingFeedB,2025-02-14
PRC0001983,70317814977,WAC,3.0645,144.03,2024-07-29,2025-11-25,PricingFeedA,2025-06-06
PRC0001984,92375297554,WAC,18.2544,1259.55,2023-05-07,2024-01-15,PricingFeedA,2025-07-02
PRC0001985,74359942977,WAC,7.9716,135.52,2024-02-22,2024-05-29,PricingFeedB,2025-09-20
PRC0001986,62002428715,UNKNOWN_METHOD,18.4893,887.49,2026-05-13,2027-05-03,PricingFeedA,2025-04-17
PRC0001987,64532981981,Contract Rate,3.3399,146.96,2025-12-07,2027-11-17,PricingFeedB,2026-05-28
PRC0001988,63011707032,MAC,6.2839,559.27,2024-12-26,2026-04-01,PricingFeedB,2025-06-08
PRC0001989,13608623051,NADAC,7.7871,420.5,2024-04-16,2025-12-13,PricingFeedB,2025-03-24
PRC0001990,57323670373,NADAC,10.209,336.9,2023-08-03,2023-11-10,PricingFeedB,2026-06-07
PRC0001991,80251520484,NADAC,9.7208,155.53,2023-03-20,2025-02-26,PricingFeedB,2026-05-09
PRC0001992,77447650355,Contract Rate,5.0786,492.62,2023-04-27,2024-03-04,PricingFeedA,2026-01-20
PRC0001993,93961156923,MAC,8.4613,685.37,2025-03-09,2025-07-02,PricingFeedA,2025-07-28
PRC0001994,72171503347,WAC,8.7889,738.27,2025-03-30,2026-09-03,PricingFeedA,2025-12-07
PRC0001995,32903672787,NADAC,48.1332,914.53,2026-03-12,2027-09-15,PricingFeedA,2025-12-04
PRC0001996,51792496033,Contract Rate,77.1305,6324.7,2024-12-25,2026-01-08,PricingFeedB,2025-01-14
PRC0001997,76216784973,WAC,4.5189,176.24,2024-02-17,2024-09-05,PricingFeedA,2026-06-06
PRC0001998,71138176370,NADAC,12.4198,285.66,2024-07-28,2025-09-07,PricingFeedB,2025-03-10
PRC0001999,98697873751,AWP,1.7157,159.56,2025-01-08,2026-11-24,PricingFeedB,2025-06-08
PRC0002000,54395112517,AWP,20.6785,1530.21,2026-02-08,2027-06-13,PricingFeedA,2025-03-23
PRC0002001,40965220919,Contract Rate,1.6468,64.23,2025-04-29,2026-01-29,PricingFeedA,2026-03-23
PRC0002002,11713731824,NADAC,5.3316,122.63,2025-09-17,2027-04-19,PricingFeedB,2026-01-09
PRC0002003,40085120419,Contract Rate,13.1051,222.79,2025-08-01,2026-03-18,PricingFeedA,2025-12-06
PRC0002004,86713966277,NADAC,91.7215,5044.68,2023-09-15,2025-02-21,PricingFeedB,2025-11-25
PRC0002005,19962310632,NADAC,9.6724,580.34,2024-05-07,2025-10-14,PricingFeedB,2026-04-09
PRC0002006,38862821761,WAC,18.8799,415.36,2025-05-13,2025-12-11,PricingFeedB,2025-09-28
PRC0002007,90100233162,NADAC,2.0339,63.05,2026-01-30,2027-03-20,PricingFeedB,2025-10-30
PRC0002008,40972267118,AWP,20.7073,1987.9,2025-11-13,2026-07-08,PricingFeedA,2026-02-01
PRC0002009,34198319284,MAC,7.2583,246.78,2024-04-08,2024-11-14,PricingFeedA,2025-01-29
PRC0002010,37423653148,MAC,4.3813,188.4,2023-01-08,2024-09-14,PricingFeedA,2025-10-31
PRC0002011,66961165235,MAC,9.9713,548.42,2024-07-30,2025-08-08,PricingFeedB,2025-07-13
PRC0002012,74737938088,WAC,9.5602,401.53,2024-10-27,2026-07-08,PricingFeedA,2025-02-18
PRC0002013,31106224472,Contract Rate,16.1004,370.31,2026-02-26,2026-07-24,PricingFeedB,2025-08-14
PRC0002014,44770351942,NADAC,11.0068,539.33,2023-02-02,2024-10-15,PricingFeedB,2026-05-11
PRC0002015,99282121398,MAC,20.1506,1551.6,2024-08-11,2026-04-04,PricingFeedA,2026-04-01
PRC0002016,77497673240,MAC,74.8737,6289.39,2023-12-16,2024-12-11,PricingFeedA,2026-01-28
PRC0002017,44983140537,Contract Rate,2.4739,230.07,2024-05-04,2025-09-17,PricingFeedA,2026-05-09
PRC0002018,92373928763,AWP,8.2394,329.58,2024-08-09,2025-04-15,PricingFeedA,2026-04-26
PRC0002019,44905932967,Contract Rate,1.0818,36.78,2024-05-26,2024-11-20,PricingFeedA,2026-04-15
PRC0002020,12371232115,MAC,18.063,957.34,2023-12-23,2025-07-25,PricingFeedA,2026-04-05
PRC0002021,80745561821,MAC,7.1403,592.64,2026-03-09,2026-06-17,PricingFeedB,2025-01-05
PRC0002022,52954526623,AWP,5.2972,418.48,2025-03-03,2026-05-17,PricingFeedA,2026-02-19
PRC0002023,96886169095,WAC,7.1785,402.0,2025-09-23,2026-06-23,PricingFeedB,2026-08-07
PRC0002024,98361822465,MAC,64.3441,707.79,2025-04-08,2026-03-10,PricingFeedA,2026-04-03
PRC0002025,24897240235,AWP,8.5218,161.91,2024-10-31,2025-12-04,PricingFeedB,2026-02-05
PRC0002026,28309735158,MAC,20.6894,1675.84,2024-06-07,2025-04-10,PricingFeedB,2026-01-12
PRC0002027,33202515562,MAC,11.3843,1092.89,2026-02-14,2027-05-22,PricingFeedB,2025-12-10
PRC0002028,66887309527,Contract Rate,7.1605,544.2,2025-04-14,2026-04-10,PricingFeedB,2025-05-09
PRC0002029,55296874591,AWP,4.4104,119.08,2024-11-23,2026-02-15,PricingFeedA,2026-07-11
PRC0002030,19307837771,WAC,22.3657,715.7,2023-10-02,2025-01-06,PricingFeedA,2025-06-17
PRC0002031,13658312760,MAC,1.0252,92.27,2023-11-29,2025-08-12,PricingFeedB,2025-02-13
PRC0002032,69710507219,Contract Rate,11.4599,813.65,2025-12-21,2026-10-06,PricingFeedA,2025-12-16
PRC0002033,13254104910,Contract Rate,4.04,185.84,2025-04-10,2025-08-24,PricingFeedA,2025-07-30
PRC0002034,77205261342,Contract Rate,4.0025,132.08,2025-11-02,2026-12-08,PricingFeedB,2026-03-08
PRC0002035,20269556375,NADAC,31.2839,1188.79,2025-07-03,2027-05-22,PricingFeedA,2026-06-13
PRC0002036,73179592267,MAC,2.7473,241.76,2024-09-17,2025-02-23,PricingFeedB,2025-03-18
PRC0002037,89918102779,MAC,19.157,325.67,2025-04-08,2027-01-21,PricingFeedB,2025-01-26
PRC0002038,49834139728,WAC,9.207,331.45,2025-07-09,2027-02-02,PricingFeedB,2026-05-31
PRC0002039,53358319960,AWP,4.6383,338.6,2025-12-10,2027-03-28,PricingFeedA,2025-03-19
PRC0002040,92832990195,WAC,4.5937,156.19,2024-07-09,2026-02-22,PricingFeedB,2025-10-14
PRC0002041,91233214850,AWP,9.9244,208.41,2025-06-23,2025-11-23,PricingFeedB,2026-03-23
PRC0002042,94306492934,WAC,44.5856,4369.39,2025-07-08,2026-01-13,PricingFeedB,2025-06-02
PRC0002043,67413273786,Contract Rate,7.046,514.36,2025-08-22,2027-06-11,PricingFeedB,2026-04-03
PRC0002044,42969761175,WAC,34.0586,1294.23,2024-06-17,2025-05-31,PricingFeedB,2025-11-07
PRC0002045,40802338292,AWP,11.3198,848.99,2024-08-12,2025-08-05,PricingFeedA,2025-02-06
PRC0002046,26884937862,Contract Rate,3.925,51.02,2025-06-07,2025-10-25,PricingFeedA,2026-05-24
PRC0002047,73548373375,MAC,27.2183,2367.99,2023-10-16,2025-01-15,PricingFeedA,2025-12-30
PRC0002048,84335217948,MAC,1.2985,29.87,2025-05-09,2026-10-17,PricingFeedA,2025-12-30
PRC0002049,82100899412,MAC,2.5174,188.8,2024-11-28,2025-08-07,PricingFeedA,2025-04-07
PRC0002050,47499455138,NADAC,2.6945,91.61,2025-05-29,2026-09-03,PricingFeedA,2025-12-05
PRC0002051,91304485350,Contract Rate,113.9621,10712.44,2025-08-30,2026-10-09,PricingFeedB,2026-06-21
PRC0002052,47040255743,Contract Rate,9.8768,256.8,2023-06-05,2024-11-04,PricingFeedA,2025-11-30
PRC0002053,22522938085,Contract Rate,14.8944,148.94,2025-06-13,2025-12-06,PricingFeedB,2025-06-26
PRC0002054,87647246210,NADAC,3.027,96.86,2026-01-28,2027-03-17,PricingFeedA,2025-05-20
PRC0002055,18032796468,NADAC,12.7675,1225.68,2023-12-31,2025-03-22,PricingFeedB,2025-12-02
PRC0002056,60247897621,NADAC,4.719,462.46,2026-02-16,2027-03-03,PricingFeedA,2026-01-15
PRC0002057,71431521823,NADAC,4.7982,62.38,2026-01-17,2026-08-10,PricingFeedA,2025-07-06
PRC0002058,21424930580,AWP,8.09,598.66,2023-01-07,2024-12-01,PricingFeedA,2026-03-19
PRC0002059,36017326675,Contract Rate,10.3919,540.38,2023-08-11,2025-05-30,PricingFeedA,2025-01-04
PRC0002060,17888408220,WAC,0.6549,55.01,2025-11-02,2026-04-17,PricingFeedB,2026-01-18
PRC0002061,93669729418,WAC,4.3266,186.04,2026-05-25,2027-10-10,PricingFeedA,2026-05-27
PRC0002062,17493123839,Contract Rate,2.1068,96.91,2025-12-23,2026-07-03,PricingFeedA,2025-02-17
PRC0002063,92233526721,MAC,7.1153,348.65,2023-07-13,2024-04-09,PricingFeedB,2025-03-26
PRC0002064,55066490222,NADAC,5.3119,302.78,2023-10-10,2024-11-28,PricingFeedA,2025-05-07
PRC0002065,11492597998,MAC,8.4466,194.27,2023-03-09,2023-12-27,PricingFeedA,2025-08-08
PRC0002066,52550652494,NADAC,9.5106,133.15,2025-01-14,2025-12-24,PricingFeedB,2026-04-07
PRC0002067,70400541549,AWP,10.9552,635.4,2026-03-05,2027-07-18,PricingFeedB,2025-07-21
PRC0002068,94599568355,AWP,21.1893,1123.03,2023-12-12,2024-07-06,PricingFeedA,2026-03-25
PRC0002069,13525402450,Contract Rate,,4121.53,2024-09-06,2024-12-21,PricingFeedA,2025-03-15
PRC0002070,40802338292,NADAC,56.622,1019.2,2026-03-29,2026-07-23,PricingFeedA,2025-07-26
PRC0002071,19771699369,NADAC,12.6103,441.36,2026-05-11,2027-02-08,PricingFeedA,2026-01-05
PRC0002072,44579406461,Contract Rate,31.7858,699.29,2023-06-30,2024-08-25,PricingFeedB,2026-05-31
PRC0002073,84031314513,MAC,11.5717,254.58,2024-05-16,2024-11-28,PricingFeedA,2026-03-19
PRC0002074,74794323539,NADAC,10.5352,969.24,2023-09-11,2024-09-15,PricingFeedA,2025-12-30
PRC0002075,37535827761,MAC,12.0365,601.83,2024-05-07,2025-11-14,PricingFeedB,2026-03-03
PRC0002076,61966238250,WAC,5.1232,215.17,2024-08-02,2026-02-19,PricingFeedA,2026-07-05
PRC0002077,12871210416,Contract Rate,3.269,107.88,2024-06-29,2024-12-19,PricingFeedB,2025-07-26
PRC0002078,20269556375,Contract Rate,3.2532,55.3,2025-12-15,2027-10-02,PricingFeedA,2025-05-15
PRC0002079,99309147368,WAC,6.5256,489.42,2024-05-07,2025-08-11,PricingFeedB,2025-05-30
PRC0002080,89305404592,WAC,2.2313,178.5,2024-04-24,2025-12-17,PricingFeedB,2025-01-11
PRC0002081,74966631014,NADAC,1.6238,22.73,2025-03-29,2026-12-21,PricingFeedA,2025-07-28
PRC0002082,38481272433,AWP,6.8631,247.07,2025-04-13,2026-10-11,PricingFeedA,2025-03-19
PRC0002083,23819199572,Contract Rate,16.3589,278.1,2023-01-03,2024-11-07,PricingFeedB,2025-11-19
PRC0002084,95095862344,AWP,4.1728,354.69,2023-01-16,2024-04-07,PricingFeedB,2026-05-10
PRC0002085,15426453054,AWP,2.6857,228.28,2023-07-05,2025-03-29,PricingFeedB,2026-03-29
PRC0002086,62840208185,Contract Rate,4.7318,52.05,2023-10-17,2025-02-12,PricingFeedB,2026-08-07
PRC0002087,46822109163,Contract Rate,56.8734,1478.71,2025-10-26,2026-08-31,PricingFeedB,2025-11-17
PRC0002088,65812527931,MAC,9.4295,282.89,2023-06-24,2023-12-20,PricingFeedA,2026-05-08
PRC0002089,99885674336,MAC,5.8911,247.43,2025-11-18,2027-01-08,PricingFeedA,2025-05-08
PRC0002090,31674507922,Contract Rate,1.3596,129.16,2023-06-21,2024-12-10,PricingFeedB,2025-01-22
PRC0002091,95141181032,MAC,6.7648,317.95,2023-01-15,2023-07-16,PricingFeedA,2025-06-26
PRC0002092,18466794989,Contract Rate,24.781,1734.67,2023-03-12,2023-07-21,PricingFeedB,2025-05-09
PRC0002093,52440734534,Contract Rate,3.4816,344.68,2023-12-24,2025-05-12,PricingFeedA,2025-04-06
PRC0002094,18077751316,Contract Rate,23.8636,286.36,2026-05-15,2027-07-14,PricingFeedB,2025-01-04
PRC0002095,94092112525,Contract Rate,1.9404,38.81,2025-03-18,2026-02-05,PricingFeedA,2026-02-25
PRC0002096,73179592267,WAC,1.9682,116.12,2023-02-25,2024-06-30,PricingFeedA,2025-03-28
PRC0002097,37423653148,NADAC,16.5996,265.59,2024-09-18,2025-04-09,PricingFeedA,2025-07-09
PRC0002098,27838113191,AWP,3.1384,156.92,2024-07-05,2026-06-24,PricingFeedA,2025-07-18
PRC0002099,13954840715,AWP,9.0706,653.08,2024-02-06,2025-07-15,PricingFeedB,2025-12-09
PRC0002100,54472137420,NADAC,6.2371,542.63,2024-08-01,2025-02-25,PricingFeedB,2025-08-28
PRC0002101,52087160927,MAC,8.6866,512.51,2024-05-10,2025-10-25,PricingFeedB,2025-08-05
PRC0002102,66286287567,AWP,43.6206,2399.13,2023-01-23,2024-10-15,PricingFeedA,2025-10-22
PRC0002103,24212233551,MAC,31.031,2637.63,2023-06-13,2024-12-01,PricingFeedA,2025-01-08
PRC0002104,82132353032,AWP,1.8094,141.13,2025-08-22,2027-02-05,PricingFeedB,2025-02-16
PRC0002105,95701180452,AWP,32.518,1853.53,2024-08-09,2026-07-29,PricingFeedA,2026-04-06
PRC0002106,94254883996,Contract Rate,11.141,668.46,2025-06-27,2026-06-14,PricingFeedA,2025-07-02
PRC0002107,26948834812,WAC,6.1887,74.26,2023-12-04,2025-08-31,PricingFeedB,2025-08-12
PRC0002108,10849291063,Contract Rate,1.7924,163.11,2025-09-27,2025-12-30,PricingFeedB,2025-05-17
PRC0002109,96257168998,Contract Rate,21.2048,1823.61,2024-08-19,2026-03-15,PricingFeedB,2025-07-10
PRC0002110,11417343618,WAC,10.4413,104.41,2024-10-10,2025-03-12,PricingFeedB,2025-04-10
PRC0002111,70149202243,AWP,94.025,6487.73,2024-05-22,2026-02-11,PricingFeedA,2025-09-02
PRC0002112,21128586347,NADAC,5.0603,480.73,2025-09-10,2026-05-17,PricingFeedA,2025-12-06
PRC0002113,82124250653,AWP,28.0284,2074.1,2023-04-01,2024-11-21,PricingFeedB,2026-03-18
PRC0002114,74039272223,MAC,5.5402,315.79,2023-06-09,2024-09-15,PricingFeedB,2025-06-05
PRC0002115,12391577414,MAC,-25.4765,-636.91,2024-05-11,2025-01-31,PricingFeedB,2026-07-23
PRC0002116,68335772779,WAC,50.7582,1218.2,2024-07-21,2024-12-02,PricingFeedB,2026-08-08
PRC0002117,92274531886,MAC,10.9026,697.77,2025-01-28,2026-08-03,PricingFeedB,2025-01-01
PRC0002118,69179660314,MAC,22.353,1184.71,2025-01-02,2025-08-27,PricingFeedB,2025-12-20
PRC0002119,50593972260,NADAC,17.0383,766.72,2026-01-17,2027-03-20,PricingFeedB,2025-03-02
PRC0002120,86002397952,WAC,11.0758,919.29,2023-01-25,2023-12-14,PricingFeedA,2026-07-01
PRC0002121,17493123839,Contract Rate,4.2039,151.34,2023-03-13,2024-08-12,PricingFeedA,2025-03-29
PRC0002122,22522938085,WAC,8.8075,863.13,2024-07-21,2025-04-11,PricingFeedB,2025-12-28
PRC0002123,12131959374,AWP,4.7314,250.76,2026-04-23,2027-10-20,PricingFeedA,2025-09-26
PRC0002124,90409204356,MAC,3.0371,173.11,2023-05-05,2024-04-18,PricingFeedA,2025-11-23
PRC0002125,79563396334,NADAC,12.9412,1151.77,2026-02-28,2027-09-18,PricingFeedA,2025-06-26
PRC0002126,51167339278,AWP,5.1521,303.97,2025-05-28,2025-10-12,PricingFeedA,2025-06-25
PRC0002127,53358319960,MAC,15.309,688.9,2024-02-14,2025-12-16,PricingFeedA,2025-10-16
PRC0002128,77633965520,Contract Rate,3.5348,279.25,2023-02-14,2023-06-15,PricingFeedB,2025-03-20
PRC0002129,25975107640,MAC,2.6853,153.06,2023-11-08,2024-09-07,PricingFeedB,2025-09-30
PRC0002130,67213385883,AWP,8.0477,796.72,2024-06-25,2025-03-08,PricingFeedA,2025-01-05
PRC0002131,51203246489,MAC,15.1592,318.34,2024-08-09,2025-08-09,PricingFeedB,2026-04-18
PRC0002132,82475457780,WAC,8.7424,489.57,2025-03-24,2026-01-21,PricingFeedB,2025-10-20
PRC0002133,88689159412,WAC,1.5282,102.39,2024-06-13,2024-12-15,PricingFeedA,2025-08-25
PRC0002134,74737938088,Contract Rate,2.5135,160.86,2025-07-16,2026-09-14,PricingFeedA,2026-02-16
PRC0002135,33502745180,MAC,11.7699,753.27,2025-05-10,2025-12-22,PricingFeedB,2026-03-19
PRC0002136,77464349998,WAC,10.8177,335.35,2024-10-27,2025-06-15,PricingFeedA,2026-07-24
PRC0002137,26884937862,AWP,36.6508,1319.43,2026-05-30,2027-06-17,PricingFeedA,2026-07-12
PRC0002138,96688385328,AWP,2.2391,42.54,2025-12-21,2027-12-03,PricingFeedB,2026-07-30
PRC0002139,66849248677,MAC,1.1322,107.56,2025-10-28,2027-06-18,PricingFeedA,2025-09-11
PRC0002140,20269556375,AWP,52.7953,1267.09,2024-06-05,2026-03-01,PricingFeedA,2025-10-30
PRC0002141,63498422023,WAC,18.2188,1384.63,2023-03-30,2025-02-22,PricingFeedA,2025-06-21
PRC0002142,52862954898,MAC,17.8478,785.3,2025-02-28,2025-11-03,PricingFeedB,2026-08-06
PRC0002143,57036754977,Contract Rate,29.5487,1713.82,2024-09-27,2025-02-28,PricingFeedB,2026-04-14
PRC0002144,33745564480,AWP,1.5341,107.39,2026-04-06,2026-12-04,PricingFeedA,2026-07-17
PRC0002145,86802579865,Contract Rate,4.299,94.58,2026-05-04,2027-06-13,PricingFeedB,2025-01-19
PRC0002146,48045569225,MAC,,271.12,2024-09-01,2026-04-07,PricingFeedA,2025-05-28
PRC0002147,37355642412,MAC,9.0111,207.26,2024-07-10,2026-02-02,PricingFeedA,2026-04-12
PRC0002148,58257248865,Contract Rate,20.7861,1725.25,2024-04-25,2025-08-19,PricingFeedA,2026-01-11
PRC0002149,20269556375,Contract Rate,39.7391,1271.65,2026-03-25,2026-09-20,PricingFeedB,2026-02-03
PRC0002150,96381286924,MAC,2.8707,97.6,2023-05-10,2023-09-01,PricingFeedA,2025-01-22
PRC0002151,86832223497,WAC,8.6991,426.26,2024-12-25,2026-02-01,PricingFeedB,2025-08-10
PRC0002152,14954435394,MAC,,244.14,2024-05-12,2025-03-23,PricingFeedB,2026-06-18
PRC0002153,52855896229,MAC,18.344,1412.49,2025-06-22,2027-02-09,PricingFeedA,2026-06-17
PRC0002154,10424211436,AWP,7.3607,169.3,2023-05-14,2023-09-10,PricingFeedB,2026-03-23
PRC0002155,77574673580,WAC,2.6636,226.41,2025-01-05,2025-11-18,PricingFeedB,2025-04-07
PRC0002156,32305341731,MAC,6.3172,606.45,2024-02-23,2025-12-27,PricingFeedA,2025-06-27
PRC0002157,45970496271,MAC,4.2037,395.15,2024-05-30,2025-09-28,PricingFeedA,2025-04-04
PRC0002158,58257248865,AWP,22.6295,1991.4,2024-02-20,2024-07-25,PricingFeedA,2025-01-11
PRC0002159,70221820796,AWP,6.2322,598.29,2023-10-27,2025-10-05,PricingFeedB,2025-03-13
PRC0002160,92859713640,AWP,7.7402,572.77,2024-10-17,2025-02-12,PricingFeedB,2026-05-29
PRC0002161,43412851646,Contract Rate,3.7646,214.58,2023-12-22,2025-12-08,PricingFeedB,2026-06-29
PRC0002162,42368965233,MAC,9.6354,896.09,2025-09-20,2027-05-06,PricingFeedB,2025-12-28
PRC0002163,93381483220,WAC,7.4022,310.89,2026-01-03,2026-11-05,PricingFeedA,2025-08-28
PRC0002164,99024156725,MAC,11.7343,1126.49,2024-04-06,2025-12-28,PricingFeedB,2025-04-16
PRC0002165,82718305778,NADAC,134.7815,10647.74,2023-05-31,2025-05-04,PricingFeedA,2025-03-09
PRC0002166,23338670584,AWP,1.271,87.7,2026-05-17,2027-02-01,PricingFeedB,2025-12-11
PRC0002167,32792508824,Contract Rate,10.9478,810.14,2024-11-06,2025-04-28,PricingFeedB,2025-11-07
PRC0002168,54493906935,AWP,5.2229,365.6,2024-04-15,2024-11-16,PricingFeedA,2025-11-28
PRC0002169,45654776470,NADAC,36.6761,1173.64,2024-07-22,2025-02-06,PricingFeedB,2025-02-05
PRC0002170,87088473643,WAC,10.1427,476.71,2025-09-05,2026-03-24,PricingFeedB,2025-10-31
PRC0002171,57675334230,AWP,10.5144,578.29,2023-02-02,2024-05-28,PricingFeedB,2026-08-13
PRC0002172,93961156923,NADAC,3.4846,101.05,2023-10-08,2024-06-11,PricingFeedB,2025-01-17
PRC0002173,83727139018,NADAC,21.025,672.8,2024-11-09,2026-03-15,PricingFeedB,2026-02-09
PRC0002174,45073829754,MAC,23.5649,1083.99,2024-05-06,2025-05-09,PricingFeedB,2026-01-05
PRC0002175,87009353291,AWP,12.7123,305.1,2023-11-11,2025-08-09,PricingFeedA,2026-02-17
PRC0002176,99282121398,NADAC,10.3779,778.34,2025-09-13,2027-08-23,PricingFeedB,2025-06-28
PRC0002177,37423653148,Contract Rate,13.4791,916.58,2024-02-05,2024-08-11,PricingFeedA,2025-08-12
PRC0002178,89292409434,NADAC,23.105,554.52,2023-12-30,2024-09-12,PricingFeedB,2026-02-06
PRC0002179,93139577848,MAC,6.205,328.87,2023-03-21,2024-01-01,PricingFeedB,2025-05-25
PRC0002180,60986106546,AWP,5.746,293.05,2025-10-15,2026-06-13,PricingFeedA,2025-10-15
PRC0002181,81641422556,NADAC,11.0274,143.36,2024-02-29,2024-10-29,PricingFeedB,2025-05-02
PRC0002182,94306492934,WAC,1.9705,149.76,2023-04-22,2024-11-04,PricingFeedB,2025-04-08
PRC0002183,46822109163,WAC,6.6399,345.27,2024-07-11,2025-04-12,PricingFeedA,2025-04-14
PRC0002184,93500208178,AWP,18.5585,1132.07,2024-11-14,2026-03-17,PricingFeedB,2025-06-11
PRC0002185,85163650917,WAC,126.884,2030.14,2024-01-30,2025-05-04,PricingFeedA,2026-08-13
PRC0002186,90122185551,Contract Rate,7.8616,731.13,2023-03-05,2023-08-08,PricingFeedB,2025-11-16
PRC0002187,20096181552,AWP,13.5344,852.67,2024-04-12,2024-11-02,PricingFeedA,2025-07-01
PRC0002188,45469791921,Contract Rate,15.2888,749.15,2023-04-27,2023-08-15,PricingFeedB,2026-07-17
PRC0002189,78627670934,WAC,6.0121,541.09,2025-07-14,2027-03-28,PricingFeedB,2026-01-25
PRC0002190,52155953617,WAC,6.7273,390.18,2023-09-23,2024-04-29,PricingFeedA,2026-07-17
PRC0002191,92608453526,NADAC,2.9431,61.81,2025-09-12,2027-04-19,PricingFeedA,2025-08-22
PRC0002192,12234647192,WAC,18.613,1023.71,2024-04-28,2025-10-18,PricingFeedB,2025-09-25
PRC0002193,63498422023,NADAC,1.7764,46.19,2023-01-05,2024-09-07,PricingFeedB,2026-07-10
PRC0002194,44905932967,WAC,17.0631,1450.36,2025-10-29,2026-05-14,PricingFeedB,2025-01-13
PRC0002195,15831916793,AWP,1.7195,68.78,2025-12-23,2026-09-17,PricingFeedB,2026-01-17
PRC0002196,82822319745,Contract Rate,7.9105,490.45,2025-01-21,2026-12-23,PricingFeedA,2025-02-17
PRC0002197,82100899412,MAC,4.3987,101.17,2023-06-02,2025-03-16,PricingFeedB,2026-08-01
PRC0002198,33848103692,AWP,8.3983,428.31,2026-01-06,2026-12-07,PricingFeedA,2025-04-29
PRC0002199,74192691278,Contract Rate,10.1174,627.28,2025-09-24,2026-04-24,PricingFeedA,2025-08-17
PRC0002200,20972530362,MAC,4.2572,306.52,2024-05-07,2025-04-10,PricingFeedA,2025-11-20
PRC0002201,64075701520,NADAC,4.5135,216.65,2023-09-13,2024-11-17,PricingFeedB,2025-07-17
PRC0002202,47041166680,Contract Rate,19.0957,1508.56,2023-01-18,2024-03-18,PricingFeedA,2025-06-19
PRC0002203,42790921133,NADAC,11.3291,713.73,2026-01-06,2026-04-19,PricingFeedB,2025-02-10
PRC0002204,48967225613,WAC,19.3912,213.3,2026-01-30,2026-12-04,PricingFeedA,2026-01-31
PRC0002205,25717847814,Contract Rate,5.0909,427.64,2025-07-18,2026-10-29,PricingFeedA,2026-01-09
PRC0002206,53358319960,MAC,4.3655,266.3,2024-01-27,2024-07-05,PricingFeedB,2026-03-08
PRC0002207,81569427757,NADAC,1.1083,93.1,2023-03-02,2024-01-25,PricingFeedA,2025-04-18
PRC0002208,13622989050,NADAC,3.7089,333.8,2023-09-11,2024-01-31,PricingFeedB,2026-05-13
PRC0002209,59783584950,AWP,9.222,820.76,2024-05-30,2024-11-23,PricingFeedB,2025-02-19
PRC0002210,39023637631,WAC,175.3599,1753.6,2025-04-19,2026-01-12,PricingFeedA,2025-08-25
PRC0002211,78528685790,MAC,5.2892,518.34,2023-04-18,2023-08-09,PricingFeedA,2025-02-09
PRC0002212,77633965520,Contract Rate,6.4479,309.5,2024-11-11,2026-06-14,PricingFeedB,2026-02-27
PRC0002213,54395112517,MAC,1.1296,30.5,2023-02-15,2024-05-23,PricingFeedA,2026-02-09
PRC0002214,36582971350,Contract Rate,33.4756,803.41,2023-03-20,2023-09-20,PricingFeedB,2026-02-14
PRC0002215,19771699369,MAC,33.8397,2977.89,2023-11-09,2025-08-24,PricingFeedB,2025-07-24
PRC0002216,17445348253,MAC,11.086,121.95,2024-09-11,2025-03-11,PricingFeedA,2026-02-15
PRC0002217,37173563991,NADAC,12.731,432.85,2025-01-08,2026-04-15,PricingFeedB,2026-05-04
PRC0002218,92373928763,AWP,15.2612,1419.29,2023-08-27,2024-10-02,PricingFeedB,2026-07-01
PRC0002219,97224337179,WAC,29.9285,1376.71,2025-01-10,2026-02-12,PricingFeedB,2025-12-29
PRC0002220,85086957723,Contract Rate,2.8863,173.18,2025-05-21,2025-08-30,PricingFeedA,2026-02-12
PRC0002221,41577281759,NADAC,40.5138,2876.48,2025-06-26,2026-12-30,PricingFeedB,2025-08-06
PRC0002222,63997639617,AWP,6.784,278.14,2026-01-31,2027-06-24,PricingFeedA,2025-04-29
PRC0002223,49343244684,MAC,23.7116,1446.41,2025-08-30,2026-08-30,PricingFeedA,2025-03-18
PRC0002224,52039804315,NADAC,-3.2435,-246.51,2023-08-22,2024-08-18,PricingFeedA,2026-06-01
PRC0002225,81267869985,NADAC,5.6728,357.39,2024-05-03,2025-10-10,PricingFeedA,2025-04-23
PRC0002226,95415942442,AWP,2.214,108.49,2024-01-31,2025-10-08,PricingFeedB,2025-08-03
PRC0002227,26718530956,AWP,1.3647,15.01,2025-12-06,2027-09-26,PricingFeedB,2025-05-06
PRC0002228,13367227159,AWP,16.6415,1481.09,2026-03-29,2027-05-11,PricingFeedA,2025-08-08
PRC0002229,75769382415,Contract Rate,2.8706,68.89,2024-11-22,2025-02-28,PricingFeedA,2025-12-24
PRC0002230,77633965520,AWP,19.2111,768.44,2025-09-08,2027-07-14,PricingFeedB,2025-04-12
PRC0002231,57576578668,NADAC,40.4008,3272.46,2024-05-18,2025-03-08,PricingFeedA,2026-01-26
PRC0002232,86433937624,WAC,45.3841,1815.36,2024-03-04,2025-10-05,PricingFeedA,2025-08-22
PRC0002233,54705453523,AWP,1.9,176.7,2023-12-08,2025-02-05,PricingFeedB,2025-10-16
PRC0002234,91304485350,NADAC,11.6267,883.63,2023-06-03,2024-04-03,PricingFeedB,2025-11-29
PRC0002235,64540939887,Contract Rate,51.97,3066.23,2023-05-21,2024-02-26,PricingFeedB,2025-07-14
PRC0002236,33502745180,Contract Rate,7.7528,612.47,2026-05-09,2027-11-26,PricingFeedB,2025-12-29
PRC0002237,95394474535,WAC,14.1744,240.96,2023-06-10,2025-03-12,PricingFeedB,2025-10-30
PRC0002238,20775807220,AWP,4.2411,296.88,2024-03-28,2025-11-11,PricingFeedB,2025-04-06
PRC0002239,44872908135,NADAC,1.7653,40.6,2023-05-20,2024-02-01,PricingFeedB,2025-11-15
PRC0002240,22593438668,NADAC,5.9282,580.96,2025-10-16,2027-05-15,PricingFeedB,2025-05-28
PRC0002241,64943476728,WAC,60.5228,3328.75,2025-09-07,2027-03-04,PricingFeedB,2025-03-29
PRC0002242,17493123839,WAC,8.1755,343.37,2024-11-05,2026-06-13,PricingFeedA,2025-07-04
PRC0002243,40943424631,MAC,49.9433,4295.12,2023-01-01,2023-10-02,PricingFeedA,2025-08-20
PRC0002244,31169773873,AWP,3.8537,134.88,2026-04-18,2028-03-23,PricingFeedA,2025-03-11
PRC0002245,49110425221,WAC,4.0922,151.41,2025-01-16,2025-05-10,PricingFeedB,2025-02-20
PRC0002246,72171503347,MAC,3.0836,274.44,2023-12-12,2024-07-31,PricingFeedB,2025-10-25
PRC0002247,47499455138,MAC,3.1002,111.61,2023-10-01,2024-11-01,PricingFeedA,2026-04-17
PRC0002248,77783196614,WAC,1.1185,19.01,2024-02-06,2024-12-01,PricingFeedA,2026-02-23
PRC0002249,65812527931,Contract Rate,6.5516,471.72,2026-04-28,2027-12-13,PricingFeedB,2025-03-24
PRC0002250,43701205518,Contract Rate,2.7835,161.44,2024-10-27,2026-06-03,PricingFeedB,2025-11-23
PRC0002251,48836820566,Contract Rate,,254.65,2024-10-24,2026-03-06,PricingFeedB,2025-04-16
PRC0002252,33167573583,AWP,2.4949,179.63,2025-12-15,2027-04-28,PricingFeedA,2025-02-06
PRC0002253,84702528484,Contract Rate,18.3386,1742.17,2023-11-04,2025-06-02,PricingFeedA,2026-02-25
PRC0002254,87507818254,NADAC,3.0302,154.54,2024-04-06,2024-10-14,PricingFeedB,2025-01-04
PRC0002255,86680432854,AWP,30.7241,1413.31,2024-11-06,2026-10-01,PricingFeedA,2025-11-29
PRC0002256,89918102779,NADAC,6.3222,404.62,2023-12-22,2024-10-18,PricingFeedB,2026-01-25
PRC0002257,81987321337,AWP,12.9079,1226.25,2026-05-26,2027-03-23,PricingFeedA,2026-02-10
PRC0002258,38384498011,MAC,1.7953,52.06,2025-07-11,2025-12-21,PricingFeedA,2025-07-29
PRC0002259,84080407924,WAC,41.1164,1685.77,2024-08-18,2025-03-28,PricingFeedA,2025-03-26
PRC0002260,33167573583,AWP,5.0947,61.14,2024-09-29,2026-01-13,PricingFeedA,2025-02-14
PRC0002261,76115147727,AWP,1.3345,105.43,2025-07-02,2026-03-30,PricingFeedA,2025-08-01
PRC0002262,63039619641,MAC,5.2354,303.65,2024-08-10,2025-01-07,PricingFeedB,2025-07-24
PRC0002263,10772533217,NADAC,3.7176,211.9,2023-02-20,2023-09-19,PricingFeedA,2025-06-18
PRC0002264,80033254784,WAC,4.3515,243.68,2024-10-24,2026-01-17,PricingFeedA,2025-10-22
PRC0002265,71609142040,MAC,5.8566,538.81,2025-12-12,2027-08-11,PricingFeedA,2026-07-23
PRC0002266,89111529797,Contract Rate,10.7049,117.75,2026-05-29,2027-03-15,PricingFeedA,2026-03-23
PRC0002267,46826465747,Contract Rate,4.5229,293.99,2025-05-31,2026-07-20,PricingFeedA,2025-04-10
PRC0002268,42506952673,AWP,2.7631,46.97,2024-07-11,2025-01-06,PricingFeedB,2025-01-20
PRC0002269,87009353291,MAC,29.1172,1863.5,2023-02-05,2024-02-23,PricingFeedB,2025-01-22
PRC0002270,58140162291,Contract Rate,16.8877,607.96,2026-02-19,2027-05-24,PricingFeedB,2025-04-06
PRC0002271,11107186150,MAC,8.4229,244.26,2026-01-10,2027-05-04,PricingFeedA,2025-08-16
PRC0002272,87647246210,Contract Rate,12.6132,693.73,2023-04-03,2024-11-10,PricingFeedB,2025-11-11
PRC0002273,47499455138,AWP,7.3419,726.85,2025-01-20,2025-09-17,PricingFeedB,2025-06-16
PRC0002274,28309735158,Contract Rate,0.8043,20.11,2026-03-06,2027-05-08,PricingFeedA,2025-08-16
PRC0002275,94487791738,AWP,5.768,155.74,2024-07-23,2026-02-07,PricingFeedB,2025-02-17
PRC0002276,40842594127,AWP,3.0578,168.18,2025-05-24,2026-11-27,PricingFeedB,2025-12-10
PRC0002277,35251160755,MAC,12.3945,694.09,2024-02-11,2025-06-20,PricingFeedA,2026-03-19
PRC0002278,81673281655,AWP,9.691,552.39,2025-06-17,2027-05-23,PricingFeedA,2026-02-16
PRC0002279,27078116314,AWP,18.848,1507.84,2025-12-21,2027-10-05,PricingFeedA,2025-07-12
PRC0002280,28309735158,AWP,5.3388,485.83,2023-12-13,2024-05-23,PricingFeedB,2026-03-15
PRC0002281,25717847814,WAC,4.5824,87.07,2024-12-15,2026-01-06,PricingFeedB,2025-08-27
PRC0002282,18032796468,NADAC,9.9057,316.98,2023-12-29,2025-06-27,PricingFeedA,2025-11-04
PRC0002283,86832223497,Contract Rate,5.0835,447.35,2024-02-07,2025-08-02,PricingFeedB,2026-03-28
PRC0002284,60856152434,WAC,5.081,279.46,2024-11-11,2025-03-26,PricingFeedA,2026-02-17
PRC0002285,68995759668,Contract Rate,5.8741,305.45,2025-05-25,2025-12-18,PricingFeedB,2025-07-03
PRC0002286,44363144090,WAC,8.3045,656.06,2023-03-20,2024-01-29,PricingFeedB,2026-05-29
PRC0002287,56531179876,Contract Rate,2.3572,214.51,2024-01-21,2025-06-15,PricingFeedB,2026-07-28
PRC0002288,93474724778,NADAC,11.1775,335.32,2025-12-28,2027-03-22,PricingFeedA,2025-07-27
PRC0002289,60055684146,NADAC,3.3651,205.27,2023-08-13,2023-12-30,PricingFeedA,2025-03-23
PRC0002290,88689159412,Contract Rate,8.3671,778.14,2025-03-31,2025-09-18,PricingFeedB,2025-12-04
PRC0002291,94144432921,Contract Rate,52.2964,575.26,2025-03-13,2025-08-19,PricingFeedA,2026-07-06
PRC0002292,73434787752,Contract Rate,17.8739,214.49,2023-04-03,2024-01-11,PricingFeedB,2025-09-05
PRC0002293,22522938085,AWP,16.688,600.77,2024-11-06,2026-02-25,PricingFeedA,2026-01-23
PRC0002294,17127788461,Contract Rate,1.6182,40.46,2023-11-05,2024-04-25,PricingFeedB,2026-01-07
PRC0002295,62299475227,MAC,4.1545,62.32,2025-12-01,2026-08-11,PricingFeedB,2025-06-04
PRC0002296,38837974554,AWP,8.4751,152.55,2024-02-06,2024-10-27,PricingFeedB,2025-09-15
PRC0002297,52258384311,Contract Rate,8.1142,446.28,2024-02-14,2025-01-16,PricingFeedA,2026-05-08
PRC0002298,71237921960,NADAC,1.7395,24.35,2023-02-17,2025-01-16,PricingFeedA,2025-11-26
PRC0002299,10394138129,WAC,2.3988,33.58,2024-12-13,2025-08-07,PricingFeedA,2025-03-10
PRC0002300,33202515562,WAC,2.5524,158.25,2025-12-01,2027-05-26,PricingFeedB,2025-04-29
PRC0002301,77633965520,AWP,14.5808,1385.18,2023-07-19,2024-04-15,PricingFeedA,2025-05-27
PRC0002302,83727139018,AWP,16.9687,1357.5,2024-03-26,2026-01-09,PricingFeedB,2025-02-10
PRC0002303,66586455165,Contract Rate,2.5897,95.82,2024-10-08,2026-05-12,PricingFeedB,2026-07-28
PRC0002304,73978849161,Contract Rate,8.3929,763.75,2023-10-09,2025-08-22,PricingFeedA,2025-02-24
PRC0002305,38655593381,AWP,,422.45,2024-05-11,2025-07-10,PricingFeedB,2026-04-26
PRC0002306,75031842748,AWP,11.0981,932.24,2025-12-17,2027-02-01,PricingFeedA,2025-07-13
PRC0002307,97242993023,NADAC,10.7405,676.65,2024-03-19,2025-06-25,PricingFeedA,2025-05-02
PRC0002308,24514910454,MAC,-2.0738,-62.21,2023-06-18,2023-11-21,PricingFeedB,2026-05-10
PRC0002309,98611238535,AWP,5.3941,474.68,2023-03-27,2024-05-07,PricingFeedA,2025-10-04
PRC0002310,22438118591,WAC,2.6444,240.64,2024-04-26,2024-12-20,PricingFeedB,2026-03-06
PRC0002311,79740234754,NADAC,4.3089,357.64,2024-07-07,2025-11-28,PricingFeedB,2025-02-12
PRC0002312,94421963775,WAC,4.2922,137.35,2025-01-26,2025-05-22,PricingFeedB,2025-06-28
PRC0002313,30668351321,WAC,8.4084,369.97,2026-02-27,2027-05-11,PricingFeedA,2025-07-08
PRC0002314,64302947246,MAC,7.0635,600.4,2025-06-18,2025-11-23,PricingFeedB,2025-07-22
PRC0002315,26670320788,AWP,11.6055,116.05,2025-01-07,2025-07-11,PricingFeedA,2025-05-10
PRC0002316,31620645567,NADAC,1.5491,142.52,2023-09-26,2024-05-06,PricingFeedA,2025-01-07
PRC0002317,16987352560,AWP,10.7294,879.81,2024-09-02,2025-08-08,PricingFeedA,2026-02-07
PRC0002318,46113156038,Contract Rate,11.7307,258.08,2024-04-01,2025-03-04,PricingFeedB,2026-03-11
PRC0002319,20972530362,MAC,7.1535,515.05,2025-02-20,2025-12-13,PricingFeedA,2025-01-21
PRC0002320,94835111213,NADAC,6.6204,284.68,2026-01-07,2027-03-02,PricingFeedB,2025-11-27
PRC0002321,66961165235,NADAC,4.404,70.46,2024-09-02,2026-03-27,PricingFeedA,2026-03-17
PRC0002322,20858309589,AWP,2.4055,64.95,2024-07-30,2025-11-13,PricingFeedB,2026-05-07
PRC0002323,18501762876,MAC,2.0206,141.44,2026-01-14,2027-07-06,PricingFeedA,2025-12-04
PRC0002324,76229411744,Contract Rate,4.424,172.54,2024-04-15,2026-03-12,PricingFeedA,2025-05-03
PRC0002325,80822802269,Contract Rate,45.5337,2868.62,2026-01-01,2027-02-08,PricingFeedB,2025-05-18
PRC0002326,57892185137,MAC,5.6112,258.12,2023-07-29,2025-04-14,PricingFeedA,2025-08-18
PRC0002327,43240994052,MAC,1.8587,161.71,2024-03-18,2025-05-17,PricingFeedB,2025-10-24
PRC0002328,40071538725,MAC,2.6853,32.22,2023-11-16,2024-12-11,PricingFeedA,2026-04-11
PRC0002329,64075701520,AWP,2.5595,112.62,2025-12-08,2027-04-23,PricingFeedA,2025-10-30
PRC0002330,29471563846,AWP,2.7134,81.4,2023-07-01,2025-04-27,PricingFeedA,2025-11-02
PRC0002331,94599568355,WAC,57.5733,2763.52,2026-01-18,2026-06-06,PricingFeedB,2025-06-23
PRC0002332,88056214772,WAC,2.3236,113.86,2025-11-16,2027-04-19,PricingFeedA,2026-02-01
PRC0002333,78234779957,MAC,25.8191,1058.58,2024-07-17,2025-07-20,PricingFeedB,2026-05-14
PRC0002334,38862821761,AWP,20.6446,1981.88,2023-05-29,2023-12-05,PricingFeedA,2025-12-24
PRC0002335,28309735158,AWP,5.2947,307.09,2025-06-28,2026-06-21,PricingFeedA,2026-06-15
PRC0002336,13230284057,Contract Rate,,196.38,2023-07-30,2024-06-27,PricingFeedA,2025-10-12
PRC0002337,71492399930,MAC,10.1052,545.68,2024-02-14,2024-07-06,PricingFeedA,2025-04-19
PRC0002338,75313622617,AWP,304.6463,15841.61,2025-03-25,2025-11-19,PricingFeedB,2026-06-30
PRC0002339,18554568464,WAC,60.8259,5474.33,2024-06-07,2025-06-19,PricingFeedB,2026-06-11
PRC0002340,73548373375,NADAC,13.0705,1228.63,2023-06-17,2024-12-18,PricingFeedA,2025-01-13
PRC0002341,40972267118,MAC,49.7373,2984.24,2024-08-10,2025-06-12,PricingFeedB,2026-03-21
PRC0002342,82475457780,WAC,96.4285,5303.57,2025-12-12,2026-11-16,PricingFeedA,2026-03-09
PRC0002343,35847675077,WAC,6.5641,603.9,2023-07-05,2024-03-01,PricingFeedB,2026-03-10
PRC0002344,96688385328,WAC,10.1583,528.23,2024-09-17,2026-05-02,PricingFeedB,2025-02-27
PRC0002345,31054839415,WAC,13.4962,485.86,2024-02-29,2025-08-08,PricingFeedA,2025-12-26
PRC0002346,40895504647,WAC,52.1037,1146.28,2024-11-22,2025-08-02,PricingFeedB,2025-02-11
PRC0002347,31107191665,MAC,11.9467,1003.52,2023-03-26,2023-12-23,PricingFeedB,2025-08-12
PRC0002348,16987352560,WAC,3.8212,343.91,2023-10-20,2025-01-25,PricingFeedA,2026-04-17
PRC0002349,60986106546,AWP,1.9181,105.5,2024-11-16,2025-10-02,PricingFeedB,2026-07-05
PRC0002350,17493123839,NADAC,3.2729,307.65,2024-12-08,2026-07-09,PricingFeedB,2026-08-10
PRC0002351,92131319328,Contract Rate,19.2201,1345.41,2024-05-16,2025-10-02,PricingFeedB,2025-02-13
PRC0002352,19270364213,AWP,10.3106,474.29,2023-05-09,2025-03-02,PricingFeedB,2025-07-03
PRC0002353,79740234754,AWP,11.2125,997.91,2025-01-05,2025-09-30,PricingFeedB,2025-11-19
PRC0002354,90409204356,NADAC,6.2651,281.93,2026-01-18,2027-10-13,PricingFeedB,2025-07-25
PRC0002355,50461794847,AWP,7.5218,285.83,2023-02-02,2023-08-20,PricingFeedB,2025-09-11
PRC0002356,59049568585,NADAC,3.2359,139.14,2024-11-08,2025-03-28,PricingFeedB,2025-01-03
PRC0002357,29398974548,AWP,0.8679,21.7,2026-04-27,2027-01-26,PricingFeedA,2026-07-09
PRC0002358,90409204356,WAC,13.8038,1049.09,2023-11-11,2024-07-06,PricingFeedA,2026-06-11
PRC0002359,94312952831,AWP,9.7466,428.85,2023-11-01,2025-04-22,PricingFeedB,2025-09-12
PRC0002360,47220155350,AWP,4.7702,138.34,2023-03-31,2025-03-13,PricingFeedA,2025-03-08
PRC0002361,47734931755,MAC,17.7195,194.91,2024-01-14,2025-11-29,PricingFeedB,2025-09-05
PRC0002362,20662343885,MAC,,344.39,2023-04-07,2024-12-31,PricingFeedA,2026-05-01
PRC0002363,63011707032,WAC,7.3776,309.86,2025-09-16,2026-11-09,PricingFeedB,2026-06-15
PRC0002364,80158561493,WAC,2.8253,214.72,2023-07-30,2024-04-29,PricingFeedB,2026-05-27
PRC0002365,26948834812,Contract Rate,19.2238,1903.16,2024-11-22,2025-04-23,PricingFeedA,2025-06-01
PRC0002366,59136731178,AWP,3.3483,147.33,2025-04-13,2026-10-06,PricingFeedA,2025-02-16
PRC0002367,56529194411,NADAC,13.5208,1149.27,2025-09-09,2027-01-04,PricingFeedA,2026-03-19
PRC0002368,40773504873,MAC,15.8022,1137.76,2024-01-11,2025-01-18,PricingFeedA,2025-10-01
PRC0002369,18554568464,Contract Rate,2.0361,181.21,2023-07-07,2024-06-07,PricingFeedB,2026-06-07
PRC0002370,61137801874,Contract Rate,2.6938,83.51,2024-09-05,2025-05-11,PricingFeedA,2026-05-05
PRC0002371,15501225748,NADAC,24.1146,2290.89,2026-03-04,2027-02-24,PricingFeedB,2026-03-04
PRC0002372,89864963195,Contract Rate,,829.27,2026-03-12,2027-05-16,PricingFeedA,2025-06-13
PRC0002373,59772579378,WAC,1.9587,152.78,2024-06-29,2025-08-01,PricingFeedB,2025-09-01
PRC0002374,54493906935,Contract Rate,4.8521,92.19,2025-11-27,2026-06-29,PricingFeedB,2025-02-08
PRC0002375,98323115551,Contract Rate,8.8488,610.57,2023-10-10,2025-04-11,PricingFeedB,2026-04-18
PRC0002376,14382432019,WAC,2.0392,28.55,2023-06-05,2024-11-27,PricingFeedB,2025-11-04
PRC0002377,81165324434,MAC,5.7769,329.28,2025-12-17,2026-06-27,PricingFeedB,2025-01-05
PRC0002378,44211207023,NADAC,1.228,117.89,2025-08-18,2025-12-05,PricingFeedB,2026-02-26
PRC0002379,86106901629,MAC,15.1121,680.04,2023-12-04,2025-08-17,PricingFeedA,2025-02-05
PRC0002380,47326286219,WAC,5.0351,407.84,2026-03-01,2027-09-22,PricingFeedA,2025-12-22
PRC0002381,76582366385,Contract Rate,20.6327,1011.0,2023-11-09,2025-05-05,PricingFeedB,2025-10-11
PRC0002382,61137801874,WAC,20.1567,1713.32,2025-01-18,2026-08-11,PricingFeedA,2025-05-18
PRC0002383,21243727554,WAC,23.4431,773.62,2025-03-22,2026-06-18,PricingFeedB,2026-05-08
PRC0002384,77447650355,NADAC,3.0315,160.67,2024-01-12,2024-09-09,PricingFeedB,2026-01-11
PRC0002385,87787823612,WAC,20.5589,1891.42,2025-05-24,2025-12-29,PricingFeedA,2026-07-26
PRC0002386,25092429310,MAC,16.1922,1133.45,2025-10-24,2027-08-08,PricingFeedB,2026-04-08
PRC0002387,69240639616,MAC,2.3959,88.65,2024-07-03,2024-11-22,PricingFeedA,2026-07-04
PRC0002388,78831371488,WAC,2.7611,184.99,2025-10-10,2026-04-10,PricingFeedA,2026-03-16
PRC0002389,96338320268,NADAC,5.3317,218.6,2025-11-20,2027-06-10,PricingFeedA,2025-12-15
PRC0002390,36527120523,AWP,4.5998,156.39,2024-10-17,2025-12-04,PricingFeedB,2025-01-05
PRC0002391,93733534314,WAC,5.9984,65.98,2023-05-30,2024-01-16,PricingFeedA,2025-07-04
PRC0002392,17493123839,WAC,4.7679,109.66,2023-03-20,2024-08-01,PricingFeedB,2026-07-14
PRC0002393,78173474180,Contract Rate,1.6232,45.45,2025-05-12,2026-12-28,PricingFeedA,2026-03-13
PRC0002394,68129441146,NADAC,5.4947,522.0,2025-04-12,2026-05-24,PricingFeedA,2025-11-21
PRC0002395,29976903633,AWP,11.7895,1037.48,2024-11-12,2026-08-30,PricingFeedA,2025-01-29
PRC0002396,31553546728,NADAC,3.8084,308.48,2025-08-25,2027-05-19,PricingFeedA,2025-05-20
PRC0002397,18083108393,MAC,7.1962,424.58,2024-12-26,2026-05-14,PricingFeedB,2025-03-05
PRC0002398,40071538725,MAC,6.7224,107.56,2023-07-28,2024-09-16,PricingFeedA,2025-08-18
PRC0002399,68912388929,WAC,7.0436,140.87,2024-06-17,2025-01-13,PricingFeedB,2025-11-07
PRC0002400,63039619641,WAC,8.1138,705.9,2026-02-01,2026-07-08,PricingFeedB,2025-01-14
PRC0002401,97142643090,AWP,1.7769,56.86,2025-03-14,2026-10-17,PricingFeedB,2026-08-09
PRC0002402,52550652494,Contract Rate,1.0715,37.5,2026-02-21,2027-04-05,PricingFeedB,2025-09-10
PRC0002403,86876532778,MAC,37.204,818.49,2023-10-02,2025-05-15,PricingFeedB,2026-05-19
PRC0002404,92233526721,Contract Rate,4.3982,153.94,2023-07-05,2024-06-09,PricingFeedA,2025-03-25
PRC0002405,17278457796,Contract Rate,4.089,359.83,2025-07-28,2026-08-07,PricingFeedA,2025-09-05
PRC0002406,22577849327,Contract Rate,10.4547,993.2,2025-10-20,2027-07-22,PricingFeedB,2026-04-02
PRC0002407,23817377057,WAC,5.8384,578.0,2026-02-25,2027-05-22,PricingFeedB,2025-01-02
PRC0002408,69179660314,AWP,3.0369,188.29,2024-06-07,2024-11-25,PricingFeedA,2026-06-19
PRC0002409,41577281759,Contract Rate,15.2226,289.23,2025-05-08,2025-08-14,PricingFeedB,2025-06-01
PRC0002410,25951181670,MAC,8.664,121.3,2025-09-21,2026-11-02,PricingFeedA,2026-07-11
PRC0002411,68749757957,WAC,1.2637,66.98,2025-09-20,2027-07-17,PricingFeedB,2025-02-17
PRC0002412,60323145092,MAC,14.9334,1269.34,2026-04-18,2028-02-28,PricingFeedB,2025-12-30
PRC0002413,27078116314,NADAC,8.6383,820.64,2024-07-22,2026-02-16,PricingFeedA,2025-05-26
PRC0002414,88995939535,Contract Rate,13.9981,139.98,2023-09-27,2025-09-12,PricingFeedB,2026-04-16
PRC0002415,67086806285,NADAC,23.7332,1637.59,2023-03-05,2024-12-05,PricingFeedA,2025-08-04
PRC0002416,91771545572,Contract Rate,15.7442,1416.98,2025-10-19,2026-06-29,PricingFeedB,2025-05-20
PRC0002417,54472137420,MAC,,1025.38,2023-01-27,2024-07-09,PricingFeedA,2025-02-14
PRC0002418,90653588422,WAC,4.7256,316.62,2023-10-22,2024-08-04,PricingFeedA,2025-06-18
PRC0002419,68995759668,NADAC,6.0596,393.87,2026-02-18,2027-04-25,PricingFeedA,2025-08-27
PRC0002420,51917506910,AWP,8.1684,310.4,2024-12-20,2026-06-03,PricingFeedB,2025-04-14
PRC0002421,84538386197,WAC,7.0672,466.44,2024-09-29,2025-06-30,PricingFeedB,2025-07-04
PRC0002422,80033254784,Contract Rate,9.7553,712.14,2026-02-15,2027-03-06,PricingFeedA,2026-03-15
PRC0002423,64075701520,AWP,1.6571,39.77,2023-10-08,2024-08-10,PricingFeedA,2026-06-19
PRC0002424,49300844372,Contract Rate,4.8136,115.53,2025-06-03,2025-11-26,PricingFeedA,2025-05-01
PRC0002425,35257352788,WAC,4.5383,249.61,2023-04-20,2023-08-13,PricingFeedA,2025-06-07
PRC0002426,96619649142,WAC,13.616,762.5,2024-12-29,2025-07-18,PricingFeedB,2025-06-30
PRC0002427,21137610492,Contract Rate,19.2143,614.86,2024-07-01,2025-07-27,PricingFeedA,2026-06-18
PRC0002428,51498372568,MAC,11.3528,669.82,2023-06-19,2024-04-05,PricingFeedA,2025-10-07
PRC0002429,42374213026,WAC,37.3929,897.43,2025-11-24,2027-04-16,PricingFeedB,2025-07-27
PRC0002430,26911839819,MAC,18.9696,588.06,2025-12-09,2026-07-28,PricingFeedB,2026-06-22
PRC0002431,61687887076,Contract Rate,7.0961,113.54,2025-09-27,2027-05-08,PricingFeedA,2026-06-19
PRC0002432,24069146482,WAC,6.7167,644.8,2023-02-17,2024-03-21,PricingFeedB,2026-05-15
PRC0002433,37535827761,AWP,36.1924,1809.62,2026-04-08,2027-01-20,PricingFeedB,2026-03-23
PRC0002434,19599866643,AWP,10.2747,421.26,2024-07-24,2025-04-23,PricingFeedB,2026-07-09
PRC0002435,58349694065,WAC,7.3906,716.89,2023-10-22,2024-11-21,PricingFeedB,2025-08-10
PRC0002436,28226964458,AWP,4.502,198.09,2025-04-09,2025-09-05,PricingFeedB,2025-12-30
PRC0002437,19998557234,MAC,8.2316,502.13,2024-09-03,2026-02-10,PricingFeedB,2025-04-12
PRC0002438,21365601254,Contract Rate,8.1208,446.64,2025-06-26,2026-07-29,PricingFeedB,2025-03-09
PRC0002439,19962310632,MAC,15.708,534.07,2025-09-04,2026-06-29,PricingFeedA,2026-05-24
PRC0002440,41577609162,AWP,12.0022,180.03,2024-08-11,2026-07-05,PricingFeedB,2025-09-23
PRC0002441,58670846921,AWP,11.8274,473.1,2023-07-01,2023-11-14,PricingFeedA,2025-12-13
PRC0002442,84702528484,UNKNOWN_METHOD,30.426,1490.87,2023-06-17,2024-07-24,PricingFeedB,2025-05-31
PRC0002443,96257168998,WAC,4.9718,392.77,2025-07-22,2026-10-06,PricingFeedB,2026-05-18
PRC0002444,67141494586,NADAC,3.2336,51.74,2025-05-28,2026-08-29,PricingFeedA,2026-03-14
PRC0002445,19962310632,NADAC,1.6451,69.09,2023-02-08,2024-05-20,PricingFeedB,2025-02-28
PRC0002446,48104454958,NADAC,1.852,24.08,2025-03-27,2026-10-20,PricingFeedA,2025-10-11
PRC0002447,48045569225,AWP,22.7199,2022.07,2024-12-23,2025-11-27,PricingFeedB,2025-02-03
PRC0002448,44531515535,AWP,3.2176,305.67,2025-03-28,2026-11-10,PricingFeedA,2025-03-01
PRC0002449,48104454958,MAC,11.1319,144.71,2025-11-12,2026-02-21,PricingFeedB,2025-01-23
PRC0002450,42994769258,WAC,18.6401,484.64,2025-08-08,2026-05-30,PricingFeedB,2025-07-15
PRC0002451,88687101335,Contract Rate,10.5937,762.75,2024-05-04,2024-09-17,PricingFeedA,2025-07-08
PRC0002452,54705453523,NADAC,9.4988,275.47,2025-06-10,2026-07-22,PricingFeedB,2025-09-15
PRC0002453,81987321337,MAC,7.0531,458.45,2024-09-09,2026-06-06,PricingFeedB,2026-07-07
PRC0002454,84047590849,NADAC,11.0525,618.94,2024-11-10,2026-08-30,PricingFeedA,2025-09-17
PRC0002455,87471341583,MAC,5.9336,183.94,2025-10-29,2027-10-09,PricingFeedB,2025-12-28
PRC0002456,92188700925,UNKNOWN_METHOD,11.3092,576.77,2025-05-11,2026-03-04,PricingFeedB,2026-07-08
PRC0002457,74359942977,Contract Rate,6.1172,159.05,2024-01-31,2025-05-01,PricingFeedB,2025-08-21
PRC0002458,67141494586,NADAC,16.9889,645.58,2024-01-03,2024-05-06,PricingFeedB,2025-10-11
PRC0002459,15420255680,NADAC,4.1574,83.15,2023-02-04,2023-07-21,PricingFeedB,2025-04-17
PRC0002460,75769382415,MAC,4.4481,298.02,2023-05-13,2025-04-19,PricingFeedB,2026-05-06
PRC0002461,43283388696,NADAC,6.4837,389.02,2025-01-07,2026-02-21,PricingFeedA,2025-07-15
PRC0002462,71609142040,WAC,1.483,134.95,2025-03-16,2026-06-26,PricingFeedA,2026-02-08
PRC0002463,57323670373,WAC,8.4505,253.51,2025-05-27,2027-03-26,PricingFeedB,2025-11-07
PRC0002464,18104794374,AWP,10.5928,942.76,2023-02-26,2024-08-18,PricingFeedA,2026-01-13
PRC0002465,94714373929,MAC,6.099,79.29,2024-12-19,2026-05-31,PricingFeedA,2025-04-08
PRC0002466,67115974246,NADAC,1.3023,123.72,2023-01-25,2023-10-05,PricingFeedB,2025-10-03
PRC0002467,68882694549,MAC,16.3141,1517.21,2023-07-04,2025-05-25,PricingFeedB,2025-06-30
PRC0002468,19989783912,AWP,1.9928,23.91,2023-04-24,2025-01-27,PricingFeedB,2026-04-17
PRC0002469,14954435394,Contract Rate,5.139,436.81,2024-10-08,2025-08-11,PricingFeedA,2025-01-29
PRC0002470,42627468935,WAC,8.2098,90.31,2025-12-02,2026-08-22,PricingFeedB,2025-07-01
PRC0002471,63166657868,Contract Rate,17.5291,1454.92,2023-12-21,2024-08-03,PricingFeedB,2025-11-13
PRC0002472,65244152274,Contract Rate,6.5618,367.46,2025-12-28,2027-04-15,PricingFeedA,2025-05-12
PRC0002473,71237921960,NADAC,3.6549,175.44,2024-12-13,2025-06-13,PricingFeedA,2026-06-23
PRC0002474,63116718685,AWP,33.6765,909.27,2025-10-13,2026-03-31,PricingFeedA,2025-03-12
PRC0002475,56084952427,Contract Rate,5.1086,219.67,2025-02-15,2026-06-29,PricingFeedA,2025-12-24
PRC0002476,86169955947,MAC,26.7739,2597.07,2023-03-13,2024-11-10,PricingFeedA,2026-01-29
PRC0002477,63166657868,MAC,0.8399,27.72,2025-08-12,2026-04-05,PricingFeedB,2026-02-19
PRC0002478,80701649845,AWP,15.049,436.42,2023-05-09,2023-10-08,PricingFeedB,2025-08-11
PRC0002479,57373424595,NADAC,7.4718,537.97,2025-12-15,2027-10-11,PricingFeedB,2025-01-03
PRC0002480,92373928763,Contract Rate,22.0508,617.42,2025-03-29,2025-07-20,PricingFeedB,2025-02-25
PRC0002481,87094117577,Contract Rate,12.0123,624.64,2023-11-05,2024-07-06,PricingFeedA,2025-04-11
PRC0002482,96682671088,Contract Rate,13.1534,1078.58,2026-05-27,2027-04-30,PricingFeedA,2025-04-30
PRC0002483,47585215820,Contract Rate,4.1841,154.81,2024-10-15,2025-09-02,PricingFeedA,2026-03-07
PRC0002484,39455777027,MAC,1.3429,42.97,2023-03-04,2024-08-07,PricingFeedA,2025-09-01
PRC0002485,30668351321,NADAC,2.3937,86.17,2025-07-29,2026-06-04,PricingFeedB,2026-02-16
PRC0002486,60441392789,AWP,2.8181,205.72,2024-06-24,2024-11-20,PricingFeedB,2026-06-15
PRC0002487,77447650355,Contract Rate,12.2206,403.28,2023-05-19,2025-04-29,PricingFeedB,2025-05-31
PRC0002488,25866246025,NADAC,4.7135,174.4,2026-05-16,2027-11-13,PricingFeedA,2025-12-02
PRC0002489,15134521550,MAC,6.1801,512.95,2024-05-28,2024-08-29,PricingFeedA,2025-01-31
PRC0002490,98323115551,NADAC,7.0659,127.19,2024-08-25,2025-01-02,PricingFeedA,2026-04-05
PRC0002491,49110425221,MAC,19.8412,1250.0,2024-06-19,2025-10-09,PricingFeedA,2026-02-06
PRC0002492,56889248717,AWP,30.987,960.6,2023-10-13,2025-05-22,PricingFeedA,2025-03-11
PRC0002493,85528237583,MAC,1.6694,40.07,2024-05-03,2026-03-23,PricingFeedB,2025-02-18
PRC0002494,87507818254,AWP,22.2718,334.08,2024-06-26,2025-06-07,PricingFeedB,2025-07-28
PRC0002495,45073829754,NADAC,4.3462,212.96,2025-12-08,2027-05-05,PricingFeedB,2025-10-05
PRC0002496,60036280484,NADAC,9.5316,495.64,2023-06-04,2025-01-08,PricingFeedB,2025-01-18
PRC0002497,21365601254,NADAC,9.8663,947.16,2025-08-30,2027-06-03,PricingFeedB,2026-02-08
PRC0002498,67141494586,Contract Rate,3.949,197.45,2024-11-15,2026-01-26,PricingFeedB,2025-04-03
PRC0002499,58378729732,MAC,3.1409,125.64,2026-03-24,2026-07-01,PricingFeedB,2025-04-11
PRC0002500,96688385328,AWP,2.5047,75.14,2024-02-14,2025-06-17,PricingFeedA,2026-01-06
PRC0002501,76071831723,Contract Rate,14.8327,1245.95,2023-08-03,2024-10-23,PricingFeedA,2025-09-24
PRC0002502,81681687310,MAC,4.435,168.53,2023-07-28,2024-01-01,PricingFeedA,2025-09-02
PRC0002503,70613545988,WAC,1.8585,120.8,2025-12-04,2027-01-19,PricingFeedA,2025-09-24
PRC0002504,91141529464,AWP,3.7599,199.27,2026-05-04,2027-08-20,PricingFeedA,2025-05-01
PRC0002505,54493906935,AWP,2.4503,63.71,2026-02-20,2026-06-14,PricingFeedA,2025-08-17
PRC0002506,89918102779,MAC,6.47,381.73,2026-03-24,2027-04-16,PricingFeedB,2025-03-14
PRC0002507,79775467157,WAC,36.7,477.1,2024-03-14,2025-03-12,PricingFeedB,2025-03-07
PRC0002508,90877535977,AWP,5.7297,177.62,2024-12-09,2026-06-02,PricingFeedB,2025-12-14
PRC0002509,56889248717,AWP,13.0593,639.91,2026-05-27,2026-11-13,PricingFeedB,2025-04-03
PRC0002510,21137610492,NADAC,25.4064,330.28,2024-08-31,2025-10-02,PricingFeedA,2026-01-15
PRC0002511,92294919275,Contract Rate,2.3376,212.72,2023-12-09,2024-07-15,PricingFeedA,2026-04-08
PRC0002512,67086806285,WAC,3.0762,70.75,2025-10-16,2027-05-11,PricingFeedB,2025-09-02
PRC0002513,64075701520,Contract Rate,22.1946,2175.07,2023-04-05,2023-11-29,PricingFeedB,2025-02-28
PRC0002514,37120476461,AWP,5.7074,91.32,2026-03-22,2026-08-23,PricingFeedA,2026-01-28
PRC0002515,87009353291,NADAC,8.2142,525.71,2024-12-19,2026-12-04,PricingFeedB,2025-02-05
PRC0002516,95305350218,AWP,2.1538,189.53,2025-07-11,2026-05-21,PricingFeedB,2025-11-07
PRC0002517,21424930580,MAC,2.0939,205.2,2025-10-10,2027-06-05,PricingFeedB,2025-12-29
PRC0002518,29976903633,Contract Rate,64.0616,2049.97,2025-05-26,2025-11-01,PricingFeedB,2026-04-22
PRC0002519,19150183984,NADAC,6.371,312.18,2026-02-03,2026-05-29,PricingFeedA,2025-07-13
PRC0002520,96593890261,NADAC,8.3929,679.82,2025-10-17,2026-11-29,PricingFeedA,2025-09-20
PRC0002521,74039272223,MAC,21.297,1746.35,2023-05-10,2024-04-29,PricingFeedA,2026-01-08
PRC0002522,74909178953,MAC,1.3697,56.16,2024-07-26,2026-06-01,PricingFeedA,2025-05-23
PRC0002523,54154506357,AWP,12.8204,999.99,2023-04-02,2023-11-23,PricingFeedA,2025-05-08
PRC0002524,86002397952,Contract Rate,6.9372,319.11,2026-02-14,2026-11-18,PricingFeedA,2025-10-11
PRC0002525,65004145763,AWP,3.3139,235.29,2024-02-01,2025-06-21,PricingFeedA,2025-03-11
PRC0002526,35251160755,WAC,11.1807,883.28,2025-02-02,2026-08-01,PricingFeedB,2025-09-09
PRC0002527,66586455165,WAC,30.748,2152.36,2025-01-25,2025-10-01,PricingFeedA,2025-01-04
PRC0002528,65494134693,NADAC,48.8572,3517.72,2026-06-01,2027-05-31,PricingFeedB,2025-03-21
PRC0002529,40423439442,MAC,9.248,869.31,2024-01-27,2025-06-15,PricingFeedB,2025-05-29
PRC0002530,36285274953,NADAC,57.9377,1332.57,2025-11-15,2027-02-19,PricingFeedB,2026-05-04
PRC0002531,93474724778,NADAC,15.5235,993.5,2023-07-13,2023-11-11,PricingFeedB,2025-06-13
PRC0002532,74192691278,MAC,15.6966,1208.64,2024-09-13,2025-01-15,PricingFeedB,2025-11-12
PRC0002533,77574673580,NADAC,5.6022,173.67,2025-03-27,2027-03-10,PricingFeedB,2025-03-23
PRC0002534,72982905964,NADAC,8.4527,524.07,2023-08-11,2024-01-27,PricingFeedA,2025-06-09
PRC0002535,91719445219,NADAC,2.0432,124.64,2025-09-17,2027-08-22,PricingFeedB,2025-06-19
PRC0002536,98610652597,MAC,32.2113,1610.57,2023-11-04,2025-02-08,PricingFeedA,2025-04-03
PRC0002537,41322801585,Contract Rate,3.515,144.12,2023-04-05,2025-01-18,PricingFeedB,2025-03-11
PRC0002538,82440106680,MAC,12.9033,593.55,2024-02-22,2025-09-30,PricingFeedA,2025-05-18
PRC0002539,69207755847,WAC,4.2507,267.79,2024-08-30,2025-01-21,PricingFeedA,2026-03-25
PRC0002540,94324240174,WAC,91.6364,7514.18,2026-02-17,2027-10-03,PricingFeedB,2025-04-23
PRC0002541,62995547857,MAC,7.0242,533.84,2024-02-12,2024-12-28,PricingFeedB,2025-12-02
PRC0002542,34666508457,WAC,1.8167,158.05,2025-10-28,2026-07-25,PricingFeedA,2025-12-10
PRC0002543,84538386197,Contract Rate,4.2503,59.5,2024-03-29,2025-07-02,PricingFeedB,2026-05-15
PRC0002544,15035164887,Contract Rate,2.2471,159.54,2025-08-27,2027-02-05,PricingFeedA,2025-09-17
PRC0002545,27539452320,AWP,28.2066,282.07,2024-11-13,2026-01-28,PricingFeedA,2025-11-16
PRC0002546,67115974246,WAC,8.4679,457.27,2023-09-23,2025-02-03,PricingFeedA,2026-07-28
PRC0002547,77633965520,WAC,1.0228,48.07,2025-02-14,2025-11-07,PricingFeedA,2025-05-21
PRC0002548,91356729487,MAC,15.7094,769.76,2025-05-18,2026-09-20,PricingFeedB,2025-01-02
PRC0002549,76324394748,AWP,29.1316,932.21,2024-08-24,2025-09-20,PricingFeedB,2025-04-16
PRC0002550,76440908482,WAC,12.2776,1006.76,2025-05-29,2025-10-24,PricingFeedB,2026-03-18
PRC0002551,13608623051,AWP,20.1952,1252.1,2023-11-15,2025-05-10,PricingFeedB,2026-05-14
PRC0002552,52259816026,NADAC,14.9082,238.53,2023-03-19,2024-10-22,PricingFeedA,2025-12-24
PRC0002553,54528514686,AWP,4.7928,196.5,2024-01-11,2025-01-26,PricingFeedB,2025-10-02
PRC0002554,85163650917,WAC,17.9397,609.95,2023-08-28,2024-10-17,PricingFeedB,2026-05-16
PRC0002555,17813492685,AWP,28.4753,1082.06,2026-05-27,2027-10-03,PricingFeedB,2025-07-27
PRC0002556,13912543726,WAC,1.2696,95.22,2024-02-19,2025-09-15,PricingFeedB,2025-01-08
PRC0002557,71609142040,AWP,4.9659,292.99,2023-02-09,2024-03-22,PricingFeedB,2025-11-14
PRC0002558,29268903018,WAC,4.51,333.74,2025-05-08,2026-07-01,PricingFeedA,2025-02-05
PRC0002559,21904569624,WAC,5.8349,443.45,2026-02-09,2027-11-14,PricingFeedA,2025-02-22
PRC0002560,76013679988,WAC,24.002,240.02,2023-02-22,2024-06-17,PricingFeedB,2026-08-12
PRC0002561,38327505360,WAC,15.0494,466.53,2025-08-30,2026-04-06,PricingFeedA,2025-08-31
PRC0002562,80550996369,NADAC,20.0154,1821.4,2025-07-02,2026-06-09,PricingFeedA,2026-07-17
PRC0002563,70400541549,WAC,6.0008,474.06,2023-10-16,2025-04-24,PricingFeedA,2026-04-16
PRC0002564,69179660314,Contract Rate,30.8702,2593.1,2026-03-26,2027-09-08,PricingFeedA,2026-07-03
PRC0002565,26703687825,MAC,17.0945,1606.88,2023-07-12,2023-10-11,PricingFeedB,2026-07-18
PRC0002566,45479462789,MAC,13.2343,251.45,2025-03-02,2025-08-16,PricingFeedA,2026-03-14
PRC0002567,25871240147,AWP,4.3341,273.05,2025-04-22,2026-02-23,PricingFeedA,2025-11-04
PRC0002568,92373928763,WAC,5.6047,353.1,2025-07-26,2026-05-08,PricingFeedA,2025-08-11
PRC0002569,43111470329,AWP,,727.32,2026-01-06,2027-04-26,PricingFeedA,2025-06-01
PRC0002570,76071831723,Contract Rate,13.9468,976.28,2023-06-26,2023-11-14,PricingFeedB,2025-12-17
PRC0002571,24721435259,NADAC,2.224,200.16,2023-02-08,2024-04-24,PricingFeedB,2026-02-27
PRC0002572,51730490271,WAC,17.7925,266.89,2024-10-21,2025-09-13,PricingFeedA,2025-02-17
PRC0002573,43371264292,WAC,2.0658,41.32,2024-12-18,2025-06-05,PricingFeedA,2026-03-07
PRC0002574,49834139728,Contract Rate,2.0765,139.13,2026-04-20,2027-06-03,PricingFeedA,2025-02-07
PRC0002575,55068365571,AWP,2.1267,138.24,2023-08-25,2025-07-31,PricingFeedA,2026-06-07
PRC0002576,44605799615,MAC,4.5427,367.96,2025-01-28,2026-01-01,PricingFeedA,2026-08-11
PRC0002577,21882365240,AWP,21.8253,1571.42,2023-12-06,2024-05-31,PricingFeedB,2025-08-08
PRC0002578,68673966287,MAC,15.0136,1171.06,2024-11-30,2025-07-13,PricingFeedB,2025-10-01
PRC0002579,89111529797,AWP,20.6469,2044.04,2023-05-25,2023-09-07,PricingFeedA,2025-01-26
PRC0002580,13658312760,NADAC,5.7143,457.14,2023-07-13,2024-09-11,PricingFeedB,2025-05-04
PRC0002581,63166657868,WAC,6.2305,155.76,2023-08-31,2023-12-24,PricingFeedB,2026-06-23
PRC0002582,47131206943,NADAC,3.3817,331.41,2025-08-26,2026-07-31,PricingFeedB,2026-07-02
PRC0002583,96381286924,Contract Rate,15.1818,1169.0,2023-06-04,2023-09-12,PricingFeedA,2025-12-11
PRC0002584,16987352560,Contract Rate,3.1514,100.84,2024-07-15,2025-09-12,PricingFeedA,2025-04-15
PRC0002585,19352931491,Contract Rate,,132.71,2026-05-17,2026-10-27,PricingFeedB,2025-06-21
PRC0002586,64647425595,NADAC,5.5614,428.23,2025-09-18,2026-05-09,PricingFeedA,2025-03-05
PRC0002587,25964239840,NADAC,-9.1656,-779.08,2025-06-10,2026-01-20,PricingFeedB,2026-07-29
PRC0002588,44770351942,MAC,11.1905,772.14,2023-06-06,2024-12-21,PricingFeedB,2025-03-19
PRC0002589,13912543726,WAC,13.9281,598.91,2023-11-26,2024-05-23,PricingFeedB,2025-10-29
PRC0002590,85417501813,NADAC,6.1419,307.09,2025-03-18,2025-09-16,PricingFeedA,2026-06-18
PRC0002591,81866879412,WAC,22.1292,1549.04,2024-11-18,2025-04-04,PricingFeedA,2026-05-07
PRC0002592,70400541549,NADAC,12.547,777.91,2024-08-30,2025-01-10,PricingFeedA,2025-09-03
PRC0002593,74737938088,NADAC,8.5636,565.2,2026-05-30,2028-02-06,PricingFeedA,2025-06-16
PRC0002594,58914968790,NADAC,13.4059,938.41,2025-10-25,2026-02-16,PricingFeedA,2025-11-01
PRC0002595,10849291063,Contract Rate,4.303,266.79,2023-05-25,2024-04-25,PricingFeedA,2025-03-30
PRC0002596,44770351942,AWP,25.5385,664.0,2024-12-10,2026-10-30,PricingFeedA,2026-07-11
PRC0002597,81181689872,WAC,25.5617,1635.95,2024-01-29,2025-03-24,PricingFeedA,2025-05-08
PRC0002598,52833519370,Contract Rate,6.0018,156.05,2024-09-23,2026-06-10,PricingFeedA,2026-04-18
PRC0002599,82097839974,Contract Rate,44.3527,1463.64,2025-12-22,2027-01-18,PricingFeedA,2025-12-14
PRC0002600,40812726846,AWP,1.7706,90.3,2024-03-10,2025-03-07,PricingFeedB,2026-04-10
PRC0002601,94250599448,WAC,9.6535,559.9,2023-04-03,2024-07-11,PricingFeedB,2026-07-09
PRC0002602,83727139018,NADAC,7.3079,431.17,2024-08-17,2026-01-24,PricingFeedB,2025-01-09
PRC0002603,56735853544,NADAC,6.5334,392.0,2023-01-01,2023-10-10,PricingFeedA,2025-08-16
PRC0002604,52954526623,AWP,3.447,124.09,2025-11-10,2027-09-23,PricingFeedB,2026-02-10
PRC0002605,95759671235,WAC,9.3438,317.69,2023-02-17,2023-12-17,PricingFeedA,2026-04-27
PRC0002606,97242993023,AWP,19.4544,1089.45,2026-04-08,2026-09-02,PricingFeedA,2026-06-29
PRC0002607,43412851646,WAC,8.2833,670.95,2024-02-17,2024-12-16,PricingFeedA,2025-08-05
PRC0002608,98244356040,Contract Rate,49.4559,3264.09,2024-06-22,2024-11-02,PricingFeedA,2026-07-28
PRC0002609,86445320315,NADAC,8.1805,678.98,2023-07-19,2024-12-25,PricingFeedB,2026-06-20
PRC0002610,76229411744,NADAC,9.2216,507.19,2024-01-02,2024-09-07,PricingFeedB,2026-05-12
PRC0002611,96685314635,WAC,3.2721,291.22,2025-07-01,2026-12-08,PricingFeedB,2026-06-14
PRC0002612,43598598268,WAC,4.3299,394.02,2023-06-19,2025-02-24,PricingFeedB,2025-09-09
PRC0002613,51269588679,WAC,16.6741,1283.91,2025-09-24,2026-09-24,PricingFeedB,2025-02-07
PRC0002614,29696691682,WAC,3.258,68.42,2023-01-30,2023-09-27,PricingFeedB,2025-05-04
PRC0002615,36001690590,NADAC,-16.6178,-963.83,2023-03-27,2024-08-08,PricingFeedA,2025-07-03
PRC0002616,94312952831,AWP,4.8263,308.88,2025-09-07,2026-09-17,PricingFeedA,2025-08-01
PRC0002617,13889195769,MAC,9.8878,148.32,2024-01-04,2024-09-20,PricingFeedB,2025-10-06
PRC0002618,19998557234,NADAC,46.6277,4476.26,2024-08-22,2025-07-05,PricingFeedA,2026-02-08
PRC0002619,51730490271,NADAC,11.4836,826.82,2024-04-29,2025-06-26,PricingFeedB,2025-06-16
PRC0002620,95701180452,NADAC,1.7079,104.18,2026-02-26,2026-09-09,PricingFeedB,2025-11-13
PRC0002621,49501356011,Contract Rate,79.5988,795.99,2023-08-25,2024-06-28,PricingFeedA,2026-05-03
PRC0002622,69398255036,WAC,7.0449,429.74,2023-12-29,2025-08-09,PricingFeedA,2026-08-03
PRC0002623,99873357727,AWP,4.6826,398.02,2024-04-06,2025-06-14,PricingFeedA,2025-05-29
PRC0002624,27838113191,WAC,5.7544,258.95,2024-12-26,2026-01-21,PricingFeedB,2025-12-30
PRC0002625,99706788130,AWP,6.0977,390.25,2026-03-17,2027-10-30,PricingFeedB,2025-10-01
PRC0002626,64302947246,MAC,5.4995,153.99,2026-05-20,2028-04-23,PricingFeedB,2025-01-04
PRC0002627,66849248677,WAC,15.7327,707.97,2026-03-16,2027-04-22,PricingFeedA,2025-05-22
PRC0002628,46911488159,MAC,10.6008,413.43,2023-11-29,2024-04-27,PricingFeedB,2026-05-27
PRC0002629,94403244960,NADAC,1.5917,101.87,2024-09-19,2025-05-10,PricingFeedB,2025-01-28
PRC0002630,20964366855,WAC,29.181,1634.14,2023-03-07,2024-10-29,PricingFeedB,2025-09-02
PRC0002631,85528237583,NADAC,5.4044,248.6,2025-08-24,2027-01-10,PricingFeedB,2025-02-27
PRC0002632,90800728349,NADAC,0.6561,36.74,2023-10-19,2024-10-22,PricingFeedA,2026-04-05
PRC0002633,59772579378,Contract Rate,5.8473,321.6,2023-07-02,2024-11-13,PricingFeedA,2026-04-09
PRC0002634,31923278318,Contract Rate,9.4058,865.33,2023-12-08,2025-10-20,PricingFeedB,2025-06-13
PRC0002635,84047590849,Contract Rate,12.9128,529.42,2024-09-22,2026-01-02,PricingFeedB,2026-08-05
PRC0002636,82718305778,Contract Rate,2.7748,122.09,2026-01-12,2026-06-19,PricingFeedA,2025-05-09
PRC0002637,91227369073,WAC,15.3562,276.41,2025-06-03,2027-04-15,PricingFeedB,2026-05-22
PRC0002638,33202515562,NADAC,15.4496,1359.56,2023-09-06,2025-07-03,PricingFeedA,2025-06-13
PRC0002639,10207597398,NADAC,3.6077,288.62,2023-06-06,2024-09-21,PricingFeedA,2025-12-03
PRC0002640,91227369073,AWP,4.4307,425.35,2024-05-05,2026-02-25,PricingFeedB,2025-10-10
PRC0002641,95759671235,NADAC,12.062,832.28,2026-04-01,2026-11-16,PricingFeedA,2025-09-09
PRC0002642,35847675077,NADAC,4.5961,436.63,2025-08-23,2027-04-26,PricingFeedB,2025-06-27
PRC0002643,34027958339,MAC,9.1078,355.2,2024-04-14,2025-11-02,PricingFeedA,2026-03-21
PRC0002644,74737938088,AWP,3.0075,285.71,2025-08-15,2027-04-07,PricingFeedA,2025-10-31
PRC0002645,20698353031,AWP,25.1295,804.14,2024-01-09,2024-06-12,PricingFeedA,2025-12-03
PRC0002646,43701205518,MAC,12.4628,535.9,2023-01-14,2023-05-03,PricingFeedB,2026-02-20
PRC0002647,39556565835,WAC,7.9195,419.73,2024-04-02,2025-02-26,PricingFeedB,2025-04-27
PRC0002648,57820791671,WAC,4.1929,129.98,2023-01-07,2023-07-12,PricingFeedA,2025-03-25
PRC0002649,93839707777,MAC,13.1768,764.25,2026-05-16,2027-05-31,PricingFeedB,2025-06-12
PRC0002650,67080423748,MAC,19.9332,438.53,2024-03-03,2025-06-16,PricingFeedB,2025-02-28
PRC0002651,52954526623,NADAC,18.8131,1486.23,2026-02-14,2027-09-05,PricingFeedB,2026-01-02
PRC0002652,49834139728,WAC,1.6567,147.45,2025-12-26,2027-06-04,PricingFeedA,2025-04-19
PRC0002653,12131959374,MAC,26.5923,1356.21,2023-01-06,2023-07-04,PricingFeedB,2026-03-23
PRC0002654,94197527115,Contract Rate,7.6031,699.49,2025-05-05,2026-08-29,PricingFeedA,2025-10-23
PRC0002655,92294919275,MAC,2.2461,125.78,2026-03-20,2027-12-07,PricingFeedB,2025-01-04
PRC0002656,95141181032,AWP,11.7507,152.76,2023-05-31,2024-09-08,PricingFeedB,2026-01-25
PRC0002657,47585215820,Contract Rate,5.2603,352.44,2023-04-23,2024-11-19,PricingFeedB,2025-03-12
PRC0002658,29471563846,AWP,8.4872,492.26,2023-12-06,2025-06-20,PricingFeedB,2026-03-09
PRC0002659,47585215820,AWP,3.3504,70.36,2024-07-15,2025-09-06,PricingFeedB,2025-01-08
PRC0002660,98610652597,NADAC,21.8095,261.71,2024-03-01,2025-03-14,PricingFeedA,2025-10-24
PRC0002661,22965734777,AWP,6.1264,447.23,2024-02-22,2024-12-25,PricingFeedA,2025-01-21
PRC0002662,47958975815,AWP,7.5343,557.54,2024-07-03,2024-12-21,PricingFeedA,2025-05-03
PRC0002663,95141181032,AWP,159.7085,7666.01,2025-01-23,2026-01-14,PricingFeedB,2025-11-03
PRC0002664,22313207361,UNKNOWN_METHOD,4.4132,313.34,2026-02-19,2027-12-14,PricingFeedB,2025-12-02
PRC0002665,93243253281,MAC,3.9153,176.19,2024-09-30,2025-06-18,PricingFeedA,2026-03-06
PRC0002666,59760482618,Contract Rate,14.4698,231.52,2024-10-13,2026-05-24,PricingFeedA,2025-11-19
PRC0002667,52800745415,MAC,10.018,120.22,2024-04-13,2025-05-18,PricingFeedA,2025-10-08
PRC0002668,25766628880,NADAC,3.8101,45.72,2025-12-30,2026-06-25,PricingFeedB,2025-01-13
PRC0002669,72171503347,WAC,56.1925,3764.9,2023-02-16,2024-11-17,PricingFeedA,2026-03-17
PRC0002670,67141494586,MAC,23.0316,414.57,2026-04-08,2028-01-30,PricingFeedA,2026-02-16
PRC0002671,31265213479,WAC,1.2174,116.87,2023-02-23,2024-01-02,PricingFeedA,2025-09-05
PRC0002672,17127788461,NADAC,4.4134,406.03,2026-05-29,2027-05-09,PricingFeedA,2026-02-08
PRC0002673,63498422023,WAC,10.0184,520.96,2025-06-25,2026-07-05,PricingFeedA,2025-08-03
PRC0002674,13289945916,Contract Rate,1.2038,50.56,2023-09-29,2025-03-11,PricingFeedA,2026-03-19
PRC0002675,80158561493,AWP,16.0951,1078.37,2026-01-22,2026-06-11,PricingFeedB,2025-04-19
PRC0002676,49343244684,MAC,66.3147,3647.31,2024-03-08,2025-07-22,PricingFeedB,2025-02-10
PRC0002677,44682779034,WAC,4.8716,272.81,2025-06-30,2026-06-27,PricingFeedB,2025-06-17
PRC0002678,92375297554,Contract Rate,13.2119,819.14,2025-04-22,2026-12-28,PricingFeedB,2026-06-27
PRC0002679,96269476252,Contract Rate,1.9721,19.72,2026-02-08,2026-09-22,PricingFeedA,2025-11-28
PRC0002680,37570262831,AWP,3.0675,177.91,2024-12-26,2026-09-11,PricingFeedA,2025-07-12
PRC0002681,13367227159,AWP,9.5894,805.51,2023-06-28,2024-05-18,PricingFeedA,2025-02-18
PRC0002682,40026109670,WAC,3.4788,59.14,2023-01-09,2024-04-21,PricingFeedB,2025-12-26
PRC0002683,49110425221,AWP,1.6551,69.51,2023-06-01,2024-01-11,PricingFeedB,2026-01-16
PRC0002684,51203246489,MAC,8.5704,762.77,2025-04-01,2025-12-21,PricingFeedA,2026-05-06
PRC0002685,99511771384,NADAC,6.0655,588.35,2024-05-14,2025-03-23,PricingFeedB,2025-10-11
PRC0002686,42506952673,Contract Rate,2.7474,208.8,2023-12-08,2024-12-17,PricingFeedB,2025-04-26
PRC0002687,71138176370,NADAC,4.3868,83.35,2024-09-05,2026-07-12,PricingFeedA,2025-09-27
PRC0002688,61453160182,NADAC,6.7097,174.45,2024-10-27,2026-08-19,PricingFeedB,2025-04-09
PRC0002689,23809467884,Contract Rate,9.3937,225.45,2024-09-16,2025-08-12,PricingFeedB,2026-07-26
PRC0002690,79345667836,Contract Rate,3.0787,55.42,2024-03-07,2024-09-13,PricingFeedA,2025-07-22
PRC0002691,46658209727,MAC,7.1169,491.07,2023-08-23,2025-01-28,PricingFeedB,2026-04-04
PRC0002692,84334385421,NADAC,12.8734,579.3,2023-08-23,2024-06-12,PricingFeedB,2025-09-17
PRC0002693,58670846921,Contract Rate,10.677,501.82,2024-11-22,2026-10-08,PricingFeedB,2026-05-04
PRC0002694,62579571575,Contract Rate,19.5315,1250.02,2025-10-09,2026-09-27,PricingFeedA,2025-04-19
PRC0002695,74385175975,Contract Rate,10.0675,372.5,2024-05-12,2025-04-24,PricingFeedA,2026-05-17
PRC0002696,98697873751,WAC,7.4975,314.89,2025-06-02,2027-02-08,PricingFeedB,2026-06-23
PRC0002697,79715188913,WAC,6.3585,184.4,2024-02-12,2024-07-10,PricingFeedB,2025-09-26
PRC0002698,12664783645,WAC,6.3376,386.59,2023-03-19,2024-12-20,PricingFeedB,2025-05-09
PRC0002699,74584984923,AWP,33.1383,662.77,2024-03-12,2026-02-25,PricingFeedA,2026-02-11
PRC0002700,22934703171,Contract Rate,8.4589,778.22,2026-04-28,2027-10-06,PricingFeedA,2026-06-16
PRC0002701,69166455424,Contract Rate,16.3614,490.84,2023-07-19,2024-09-19,PricingFeedB,2025-12-16
PRC0002702,66359510772,AWP,10.6447,149.03,2024-09-21,2025-07-19,PricingFeedB,2025-09-11
PRC0002703,64023311853,MAC,6.1276,263.49,2023-08-01,2025-04-27,PricingFeedA,2025-04-04
PRC0002704,31106224472,AWP,24.9866,2473.67,2024-11-11,2025-10-18,PricingFeedA,2026-07-08
PRC0002705,89013673320,NADAC,3.7604,342.2,2023-08-08,2024-04-17,PricingFeedB,2025-03-22
PRC0002706,46005730687,WAC,16.2711,162.71,2023-04-16,2025-02-26,PricingFeedA,2026-03-19
PRC0002707,40943424631,MAC,20.3838,1447.25,2024-02-23,2026-02-01,PricingFeedB,2025-03-19
PRC0002708,60856152434,NADAC,4.6623,158.52,2024-02-10,2024-07-06,PricingFeedA,2025-08-08
PRC0002709,36069903176,WAC,5.0329,427.8,2025-07-06,2026-05-14,PricingFeedA,2025-06-23
PRC0002710,69179660314,MAC,4.5914,399.45,2026-03-25,2026-08-09,PricingFeedA,2026-05-20
PRC0002711,41274493097,Contract Rate,0.7577,63.65,2023-09-01,2024-10-22,PricingFeedB,2025-07-26
PRC0002712,43873981962,Contract Rate,17.015,1105.98,2025-07-17,2026-11-10,PricingFeedB,2025-09-10
PRC0002713,27990184869,Contract Rate,25.577,792.89,2025-05-30,2027-03-31,PricingFeedA,2025-04-20
PRC0002714,24931475984,NADAC,2.058,102.9,2024-10-19,2025-05-12,PricingFeedA,2025-07-25
PRC0002715,23709808766,AWP,6.653,153.02,2023-01-18,2024-07-31,PricingFeedA,2025-04-23
PRC0002716,25094254121,MAC,3.2804,65.61,2023-12-30,2025-11-07,PricingFeedB,2025-02-12
PRC0002717,54800139458,WAC,8.4302,168.6,2025-05-01,2026-01-02,PricingFeedA,2025-03-26
PRC0002718,78677417938,Contract Rate,2.3828,171.56,2024-04-26,2026-02-18,PricingFeedB,2025-03-18
PRC0002719,63116718685,NADAC,32.5618,1269.91,2025-04-20,2026-01-05,PricingFeedB,2025-07-14
PRC0002720,34666508457,Contract Rate,7.261,602.66,2024-12-04,2026-09-06,PricingFeedB,2025-11-18
PRC0002721,16987352560,Contract Rate,89.6603,7621.13,2023-01-06,2023-09-08,PricingFeedA,2025-01-16
PRC0002722,22187365237,AWP,6.5308,385.32,2024-05-02,2025-10-07,PricingFeedB,2026-07-14
PRC0002723,10849291063,NADAC,3.7547,319.15,2026-05-14,2026-10-26,PricingFeedB,2026-01-04
PRC0002724,63011707032,MAC,31.5978,884.74,2026-01-23,2026-06-06,PricingFeedA,2025-05-20
PRC0002725,21137610492,AWP,3.2634,296.97,2023-01-27,2023-10-16,PricingFeedA,2026-04-02
PRC0002726,20096181552,MAC,16.7658,620.33,2025-05-10,2027-02-05,PricingFeedA,2026-06-18
PRC0002727,56889248717,Contract Rate,18.5653,1596.62,2024-09-01,2025-08-24,PricingFeedB,2026-07-02
PRC0002728,74618978456,Contract Rate,12.6286,353.6,2024-09-20,2025-12-26,PricingFeedA,2025-08-28
PRC0002729,47494236310,Contract Rate,62.1126,4534.22,2026-02-22,2027-11-16,PricingFeedA,2026-05-27
PRC0002730,39238700621,AWP,33.0159,528.25,2024-05-14,2024-12-03,PricingFeedA,2025-01-20
PRC0002731,92274531886,WAC,1.8423,77.38,2023-11-05,2024-03-14,PricingFeedA,2026-02-05
PRC0002732,96005568835,Contract Rate,23.0335,529.77,2025-07-03,2027-05-28,PricingFeedA,2025-10-09
PRC0002733,51792496033,Contract Rate,3.0894,123.58,2024-07-30,2025-05-01,PricingFeedA,2025-10-22
PRC0002734,44770351942,WAC,5.7541,483.34,2023-01-14,2024-03-05,PricingFeedB,2025-06-19
PRC0002735,73046419016,NADAC,6.122,416.3,2024-08-10,2025-07-03,PricingFeedA,2025-03-30
PRC0002736,42576948965,WAC,6.1098,244.39,2023-01-10,2023-05-16,PricingFeedA,2025-12-04
PRC0002737,27838113191,MAC,15.7337,786.69,2024-02-09,2024-06-09,PricingFeedB,2025-05-01
PRC0002738,86832223497,NADAC,57.6697,1095.72,2024-09-15,2025-08-09,PricingFeedA,2025-11-12
PRC0002739,66359510772,WAC,1.8315,153.85,2023-12-17,2025-07-31,PricingFeedA,2025-11-27
PRC0002740,87507818254,AWP,18.9221,1873.29,2024-07-24,2025-11-26,PricingFeedA,2025-04-19
PRC0002741,67560324733,Contract Rate,4.3357,264.48,2024-06-01,2026-02-03,PricingFeedB,2025-09-20
PRC0002742,70221820796,WAC,8.6288,811.11,2023-11-23,2025-07-29,PricingFeedB,2026-07-27
PRC0002743,10207597398,MAC,7.2153,505.07,2023-03-31,2025-03-01,PricingFeedB,2026-01-02
PRC0002744,25866246025,WAC,22.5965,949.05,2023-03-19,2024-06-26,PricingFeedA,2025-12-31
PRC0002745,56735853544,WAC,6.4559,103.29,2023-11-08,2024-11-24,PricingFeedB,2025-09-30
PRC0002746,91227369073,NADAC,17.8588,857.22,2023-03-02,2025-02-11,PricingFeedB,2025-11-03
PRC0002747,54705453523,WAC,16.5162,1189.17,2024-09-01,2025-07-12,PricingFeedA,2026-07-10
PRC0002748,54293312163,AWP,8.863,345.66,2025-02-16,2026-04-05,PricingFeedB,2026-06-06
PRC0002749,86713966277,NADAC,3.2105,51.37,2025-06-13,2026-09-25,PricingFeedB,2025-05-20
PRC0002750,68669877665,AWP,14.9851,329.67,2025-01-09,2026-09-19,PricingFeedB,2025-04-26
PRC0002751,69347757174,MAC,16.8375,387.26,2025-03-03,2025-12-31,PricingFeedA,2026-02-26
PRC0002752,74291518137,NADAC,14.5512,858.52,2023-12-31,2024-10-26,PricingFeedB,2025-09-03
PRC0002753,81866879412,AWP,6.4938,253.26,2026-05-26,2027-01-16,PricingFeedA,2025-08-24
PRC0002754,45395582883,Contract Rate,5.8999,188.8,2025-03-03,2026-03-15,PricingFeedA,2026-05-26
PRC0002755,56735853544,NADAC,7.8002,452.41,2024-04-26,2025-08-16,PricingFeedB,2026-05-20
PRC0002756,64140385391,AWP,5.9896,287.5,2026-05-30,2027-07-18,PricingFeedB,2025-11-20
PRC0002757,82097839974,Contract Rate,7.3062,569.88,2026-02-03,2026-11-03,PricingFeedB,2025-10-15
PRC0002758,31169773873,MAC,1.8905,122.88,2023-06-23,2024-11-11,PricingFeedA,2025-01-07
PRC0002759,43412851646,WAC,11.6126,243.86,2024-07-17,2024-12-16,PricingFeedB,2026-08-15
PRC0002760,68673966287,Contract Rate,2.8731,112.05,2025-03-24,2026-02-14,PricingFeedA,2025-01-16
PRC0002761,99603627774,NADAC,3.9728,341.66,2024-07-17,2025-04-21,PricingFeedA,2025-06-01
PRC0002762,74385175975,NADAC,4.3953,334.04,2024-09-25,2025-08-05,PricingFeedA,2025-08-07
PRC0002763,50757578276,MAC,2.6324,31.59,2025-11-22,2026-07-08,PricingFeedA,2025-06-21
PRC0002764,94306492934,Contract Rate,9.7125,844.99,2025-10-25,2027-05-17,PricingFeedA,2025-05-22
PRC0002765,97242993023,MAC,3.45,307.05,2026-01-13,2027-11-24,PricingFeedB,2026-03-31
PRC0002766,32345951358,WAC,2.2028,50.66,2024-07-24,2025-10-06,PricingFeedA,2025-04-19
PRC0002767,92373928763,MAC,7.2555,529.65,2023-05-12,2025-01-19,PricingFeedB,2026-01-14
PRC0002768,80701649845,NADAC,7.9507,254.42,2025-05-18,2027-05-07,PricingFeedA,2026-06-08
PRC0002769,81866879412,UNKNOWN_METHOD,2.2117,134.91,2023-09-04,2024-06-18,PricingFeedB,2026-04-22
PRC0002770,48887377765,WAC,9.6018,115.22,2024-02-16,2024-09-11,PricingFeedA,2026-04-07
PRC0002771,50757578276,Contract Rate,7.7269,185.45,2025-11-21,2026-02-28,PricingFeedB,2025-03-16
PRC0002772,17001221267,UNKNOWN_METHOD,6.6653,499.9,2026-01-07,2026-09-19,PricingFeedB,2025-11-11
PRC0002773,51850973745,Contract Rate,3.5969,323.72,2024-03-10,2024-11-13,PricingFeedB,2025-07-31
PRC0002774,61687887076,WAC,15.7885,1452.54,2026-04-13,2027-12-23,PricingFeedB,2026-01-01
PRC0002775,94312952831,WAC,2.7085,100.21,2024-01-27,2025-06-27,PricingFeedB,2025-10-21
PRC0002776,62995547857,AWP,39.5148,1303.99,2024-02-07,2025-11-30,PricingFeedB,2025-09-25
PRC0002777,29268903018,NADAC,26.8929,2232.11,2023-04-21,2025-01-23,PricingFeedB,2025-10-31
PRC0002778,64140385391,MAC,0.3811,31.25,2025-08-01,2027-03-10,PricingFeedB,2025-04-29
PRC0002779,17813492685,MAC,1.0033,18.06,2023-03-26,2023-07-25,PricingFeedB,2026-05-27
PRC0002780,38862821761,Contract Rate,81.0726,4458.99,2023-03-28,2023-09-11,PricingFeedA,2025-12-27
PRC0002781,74794323539,MAC,5.208,57.29,2025-04-06,2026-11-24,PricingFeedA,2026-01-19
PRC0002782,73548373375,Contract Rate,37.0913,964.37,2024-09-24,2025-09-01,PricingFeedB,2025-06-17
PRC0002783,90019313030,AWP,7.3358,718.91,2024-10-20,2025-03-06,PricingFeedA,2025-06-16
PRC0002784,81569427757,MAC,6.974,655.56,2023-12-16,2025-03-03,PricingFeedA,2025-08-09
PRC0002785,98611238535,AWP,7.638,122.21,2025-02-02,2025-10-24,PricingFeedA,2025-03-07
PRC0002786,82100899412,AWP,20.6006,1256.64,2023-05-25,2023-10-19,PricingFeedB,2026-05-29
PRC0002787,81276626479,MAC,16.2691,455.53,2026-03-19,2027-02-26,PricingFeedA,2025-06-28
PRC0002788,72708515673,WAC,62.8024,5149.8,2023-07-11,2024-06-12,PricingFeedB,2025-03-17
PRC0002789,81866879412,AWP,6.3656,260.99,2023-06-20,2024-12-04,PricingFeedA,2025-03-24
PRC0002790,22593438668,MAC,64.4529,3158.19,2025-01-06,2026-07-24,PricingFeedA,2025-06-10
PRC0002791,63116718685,MAC,9.0213,198.47,2024-07-29,2025-07-04,PricingFeedA,2026-02-08
PRC0002792,95305350218,MAC,28.8741,1212.71,2024-09-25,2026-09-11,PricingFeedA,2026-05-07
PRC0002793,40972267118,MAC,3.4909,52.36,2023-09-21,2024-07-06,PricingFeedB,2025-09-08
PRC0002794,83727139018,AWP,11.4093,695.97,2023-01-29,2024-09-21,PricingFeedA,2025-03-24
PRC0002795,41322801585,AWP,0.8895,26.68,2023-03-28,2023-08-26,PricingFeedA,2025-10-14
PRC0002796,86713966277,NADAC,3.6125,162.56,2024-06-18,2025-12-26,PricingFeedB,2025-12-03
PRC0002797,79740234754,NADAC,2.3275,111.72,2024-01-29,2025-11-13,PricingFeedB,2025-05-09
PRC0002798,41367605024,MAC,1.1466,34.4,2025-03-24,2026-03-08,PricingFeedA,2025-10-11
PRC0002799,41577281759,WAC,8.4394,312.26,2023-09-16,2025-04-12,PricingFeedB,2026-05-22
PRC0002800,22438118591,MAC,35.681,2426.31,2023-02-09,2023-06-29,PricingFeedB,2026-05-14
PRC0002801,27388983519,Contract Rate,7.2547,594.89,2025-03-27,2026-02-27,PricingFeedB,2025-07-12
PRC0002802,97378960743,NADAC,10.4505,752.44,2026-05-12,2027-12-07,PricingFeedA,2026-05-24
PRC0002803,94403244960,WAC,31.7237,2474.45,2023-07-27,2025-06-25,PricingFeedA,2026-07-28
PRC0002804,68673966287,MAC,6.45,109.65,2026-05-10,2026-10-08,PricingFeedB,2025-06-23
PRC0002805,52259816026,MAC,7.2663,399.65,2025-04-22,2026-03-16,PricingFeedA,2025-07-13
PRC0002806,34198319284,WAC,4.4589,432.51,2026-05-24,2026-09-09,PricingFeedA,2026-05-18
PRC0002807,32305341731,WAC,4.6855,126.51,2026-01-02,2027-03-12,PricingFeedA,2026-04-25
PRC0002808,92375297554,WAC,38.3054,1225.77,2025-06-12,2026-10-23,PricingFeedA,2025-10-29
PRC0002809,14546502462,MAC,2.4542,122.71,2023-01-28,2024-02-12,PricingFeedB,2026-02-02
PRC0002810,57820791671,WAC,22.5386,1803.09,2025-09-24,2026-10-16,PricingFeedA,2025-12-12
PRC0002811,71237921960,NADAC,4.14,269.1,2024-06-12,2024-11-15,PricingFeedA,2026-05-04
PRC0002812,96593890261,AWP,47.6205,3666.78,2023-09-02,2025-03-10,PricingFeedB,2026-07-30
PRC0002813,19307837771,Contract Rate,16.7261,267.62,2025-11-30,2026-09-22,PricingFeedA,2026-06-15
PRC0002814,15426453054,MAC,25.6349,1794.44,2023-03-29,2024-06-23,PricingFeedA,2025-09-12
PRC0002815,44905932967,Contract Rate,2.4242,138.18,2025-01-14,2025-06-01,PricingFeedB,2025-01-26
PRC0002816,63613240630,WAC,1.3925,130.9,2025-01-30,2026-10-30,PricingFeedA,2025-08-01
PRC0002817,80251520484,AWP,7.402,725.4,2024-10-26,2026-05-24,PricingFeedB,2025-03-28
PRC0002818,63613240630,NADAC,,143.93,2023-03-05,2025-02-19,PricingFeedA,2025-03-25
PRC0002819,29696691682,WAC,7.3411,146.82,2025-05-25,2026-05-06,PricingFeedA,2025-10-29
PRC0002820,42627468935,MAC,8.6843,486.32,2023-03-05,2023-07-08,PricingFeedB,2025-07-24
PRC0002821,87424262238,AWP,2.0034,194.33,2025-08-08,2027-04-26,PricingFeedA,2025-12-07
PRC0002822,92139958992,AWP,7.2073,389.19,2026-05-09,2027-11-15,PricingFeedB,2025-02-23
PRC0002823,62842687164,Contract Rate,4.971,139.19,2023-12-26,2025-08-07,PricingFeedB,2026-02-02
PRC0002824,20641978938,Contract Rate,6.4741,213.65,2024-08-06,2025-11-24,PricingFeedB,2026-03-05
PRC0002825,40943424631,NADAC,4.9261,241.38,2026-04-08,2028-01-04,PricingFeedA,2025-03-08
PRC0002826,12082289297,MAC,27.1977,516.76,2025-01-20,2025-09-30,PricingFeedA,2025-06-07
PRC0002827,39455777027,MAC,4.8115,57.74,2025-10-29,2027-06-17,PricingFeedA,2025-05-15
PRC0002828,56531179876,MAC,7.8561,714.91,2025-07-17,2026-11-01,PricingFeedB,2026-08-12
PRC0002829,96005568835,AWP,3.8169,129.77,2023-06-06,2024-12-27,PricingFeedA,2026-07-25
PRC0002830,22187365237,AWP,9.3776,618.92,2023-05-12,2024-10-01,PricingFeedA,2026-03-13
PRC0002831,63764194169,MAC,6.2047,521.19,2023-06-14,2024-02-02,PricingFeedB,2026-05-22
PRC0002832,87431285235,AWP,9.1807,780.36,2024-04-30,2025-10-10,PricingFeedA,2025-08-01
PRC0002833,97829657184,WAC,14.7718,886.31,2025-03-04,2026-08-16,PricingFeedB,2025-08-03
PRC0002834,22287685065,NADAC,5.8534,81.95,2024-11-29,2026-10-03,PricingFeedA,2025-05-25
PRC0002835,87180850251,AWP,21.2565,255.08,2023-03-22,2024-04-01,PricingFeedA,2025-04-17
PRC0002836,21642883934,WAC,2.4404,158.63,2025-05-28,2027-04-05,PricingFeedB,2025-04-18
PRC0002837,33667709457,AWP,5.3032,434.86,2026-03-06,2027-06-15,PricingFeedB,2025-08-31
PRC0002838,84702528484,Contract Rate,19.0478,1428.58,2026-04-16,2026-08-31,PricingFeedA,2025-02-15
PRC0002839,62002626144,Contract Rate,14.3963,820.59,2024-11-26,2025-07-01,PricingFeedA,2025-01-19
PRC0002840,43701205518,NADAC,43.6997,4282.57,2023-04-23,2024-09-07,PricingFeedA,2026-02-06
PRC0002841,48104454958,Contract Rate,34.8949,2547.33,2023-10-24,2025-01-10,PricingFeedA,2025-12-06
PRC0002842,96493569992,Contract Rate,4.6254,240.52,2025-05-23,2027-01-11,PricingFeedA,2026-05-27
PRC0002843,26411345874,MAC,10.0246,631.55,2024-09-05,2025-11-07,PricingFeedB,2026-02-18
PRC0002844,91227369073,MAC,1.9356,94.84,2025-04-27,2027-04-15,PricingFeedA,2025-01-29
PRC0002845,15897986050,WAC,14.9126,835.11,2025-11-23,2027-05-07,PricingFeedA,2026-01-25
PRC0002846,61425622844,AWP,2.0185,117.07,2026-01-27,2027-04-07,PricingFeedB,2026-02-13
PRC0002847,56146827375,MAC,20.2136,1738.37,2023-02-18,2024-08-14,PricingFeedB,2026-06-16
PRC0002848,26703687825,AWP,3.6479,196.99,2023-05-07,2024-07-15,PricingFeedA,2026-02-21
PRC0002849,58801526081,WAC,1.6445,69.07,2023-09-26,2024-03-04,PricingFeedA,2025-02-01
PRC0002850,76954397631,MAC,51.2024,2969.74,2023-08-27,2025-01-07,PricingFeedA,2025-04-12
PRC0002851,75405190344,NADAC,20.7929,249.51,2025-07-31,2026-02-04,PricingFeedA,2026-02-04
PRC0002852,63060557974,Contract Rate,18.2846,786.24,2023-04-14,2024-10-09,PricingFeedB,2026-08-14
PRC0002853,51269588679,MAC,10.1168,333.85,2024-01-02,2024-04-07,PricingFeedB,2026-04-06
PRC0002854,96005568835,AWP,14.2765,1127.84,2023-04-19,2024-04-02,PricingFeedB,2026-07-19
PRC0002855,92139958992,AWP,10.8747,337.12,2024-05-27,2024-09-21,PricingFeedA,2025-07-04
PRC0002856,61023340877,WAC,10.1711,691.63,2025-02-18,2026-11-09,PricingFeedB,2025-07-04
PRC0002857,10731878875,WAC,13.5417,1002.09,2023-10-02,2024-08-24,PricingFeedA,2025-10-06
PRC0002858,99706788130,WAC,10.2941,586.76,2025-09-19,2026-10-02,PricingFeedA,2026-01-30
PRC0002859,53358319960,Contract Rate,1.4411,44.67,2025-09-13,2025-12-20,PricingFeedA,2025-12-26
PRC0002860,98272669316,AWP,2.6276,112.99,2024-10-21,2025-03-17,PricingFeedB,2025-03-24
PRC0002861,36423490868,WAC,5.2887,438.96,2024-04-25,2024-08-15,PricingFeedA,2025-03-14
PRC0002862,37195598538,MAC,7.4587,484.82,2025-11-11,2026-03-18,PricingFeedA,2025-05-25
PRC0002863,96381286924,MAC,1.1912,102.44,2025-09-24,2027-02-25,PricingFeedA,2026-01-22
PRC0002864,35021253272,MAC,2.6516,137.88,2025-11-09,2027-05-12,PricingFeedB,2025-03-20
PRC0002865,67413273786,Contract Rate,22.2031,2020.48,2026-04-06,2027-04-11,PricingFeedA,2025-06-19
PRC0002866,79689644320,WAC,12.3097,726.27,2023-01-06,2024-06-29,PricingFeedB,2025-03-03
PRC0002867,42374213026,AWP,10.4397,375.83,2026-04-14,2026-09-21,PricingFeedB,2026-05-26
PRC0002868,64302947246,NADAC,9.589,546.57,2026-04-07,2027-03-26,PricingFeedB,2026-08-06
PRC0002869,61966238250,NADAC,9.3608,299.55,2023-12-14,2025-06-23,PricingFeedB,2025-06-04
PRC0002870,91636397347,NADAC,25.8653,2534.8,2025-03-25,2025-10-02,PricingFeedA,2026-07-25
PRC0002871,92832990195,MAC,14.4601,867.61,2023-04-12,2023-10-08,PricingFeedB,2026-07-23
PRC0002872,80822802269,MAC,2.7659,259.99,2023-10-24,2025-01-20,PricingFeedB,2026-08-04
PRC0002873,19989783912,AWP,2.8614,125.9,2023-02-07,2024-08-28,PricingFeedB,2025-02-24
PRC0002874,81337865957,Contract Rate,24.9326,2119.27,2026-05-11,2027-07-20,PricingFeedA,2026-03-28
PRC0002875,97361501089,WAC,6.6148,85.99,2025-07-28,2026-10-17,PricingFeedA,2026-01-09
PRC0002876,97361501089,Contract Rate,8.6224,284.54,2024-11-18,2026-02-20,PricingFeedB,2025-08-28
PRC0002877,45869998291,Contract Rate,31.2768,312.77,2024-02-14,2024-10-18,PricingFeedB,2025-10-24
PRC0002878,61516501822,UNKNOWN_METHOD,1.5118,75.59,2023-11-22,2024-11-16,PricingFeedB,2025-07-10
PRC0002879,73078761162,AWP,1.8661,130.63,2024-10-19,2026-08-02,PricingFeedB,2025-10-05
PRC0002880,48632631955,Contract Rate,201.9579,5654.82,2023-04-26,2024-04-12,PricingFeedB,2026-03-14
PRC0002881,19696653191,MAC,10.0297,842.49,2025-07-28,2026-08-15,PricingFeedA,2026-06-06
PRC0002882,43392739451,AWP,,536.92,2025-12-27,2026-08-11,PricingFeedB,2025-05-19
PRC0002883,63116718685,NADAC,2.8407,68.18,2025-12-29,2026-05-27,PricingFeedB,2025-03-17
PRC0002884,56366340544,AWP,5.8966,259.45,2025-06-06,2027-04-22,PricingFeedB,2025-06-02
PRC0002885,99338867913,MAC,11.1701,1005.31,2023-05-07,2024-12-17,PricingFeedA,2025-12-14
PRC0002886,66849248677,Contract Rate,10.2212,541.72,2026-02-06,2027-01-01,PricingFeedA,2025-11-09
PRC0002887,95762624064,MAC,27.0191,1513.07,2026-02-19,2027-10-10,PricingFeedB,2025-08-28
PRC0002888,25717847814,WAC,3.0323,118.26,2025-10-13,2027-04-01,PricingFeedB,2025-03-19
PRC0002889,98076393354,MAC,0.4218,28.26,2026-03-06,2026-07-11,PricingFeedB,2026-01-26
PRC0002890,47253753474,MAC,,111.96,2023-03-13,2024-11-26,PricingFeedB,2025-12-28
PRC0002891,76582366385,MAC,21.428,257.14,2026-04-01,2028-02-24,PricingFeedA,2026-01-21
PRC0002892,43371264292,WAC,15.1214,967.77,2023-04-08,2024-09-26,PricingFeedB,2026-06-13
PRC0002893,45073829754,Contract Rate,5.5686,267.29,2025-05-05,2027-04-24,PricingFeedB,2026-01-20
PRC0002894,82440106680,MAC,5.4334,369.47,2024-08-06,2026-04-05,PricingFeedB,2025-05-13
PRC0002895,64140385391,WAC,2.9998,233.98,2024-11-24,2026-09-23,PricingFeedA,2025-11-07
PRC0002896,84799902623,MAC,34.1302,3037.59,2024-09-03,2026-02-12,PricingFeedA,2025-01-06
PRC0002897,41274493097,NADAC,6.7114,342.28,2024-05-28,2025-12-02,PricingFeedA,2025-06-03
PRC0002898,93139577848,AWP,6.2681,106.56,2024-01-10,2024-11-07,PricingFeedB,2025-11-03
PRC0002899,22965734777,MAC,29.6253,2607.03,2025-01-11,2026-09-04,PricingFeedB,2026-01-12
PRC0002900,13245368747,Contract Rate,2.8155,33.79,2024-02-26,2025-02-16,PricingFeedA,2025-08-31
PRC0002901,23819199572,MAC,2.9066,215.09,2023-08-12,2024-06-08,PricingFeedB,2025-10-26
PRC0002902,37570262831,MAC,7.2776,465.77,2026-04-16,2027-12-09,PricingFeedA,2025-08-09
PRC0002903,84080407924,NADAC,,36.93,2024-08-07,2025-05-10,PricingFeedB,2026-04-17
PRC0002904,73890570297,AWP,2.0547,32.88,2024-12-11,2026-11-28,PricingFeedB,2026-07-03
PRC0002905,63039619641,NADAC,61.6053,4743.61,2023-04-17,2024-08-06,PricingFeedB,2025-08-21
PRC0002906,98921439381,AWP,14.8616,505.29,2025-02-08,2025-10-18,PricingFeedA,2026-05-15
PRC0002907,80226651352,NADAC,1.3868,72.11,2025-04-21,2027-01-07,PricingFeedA,2026-04-12
PRC0002908,56084952427,MAC,58.7755,4937.14,2026-04-18,2028-03-27,PricingFeedB,2026-02-13
PRC0002909,31559714166,Contract Rate,4.8547,116.51,2026-04-29,2026-10-23,PricingFeedB,2026-07-09
PRC0002910,87088473643,Contract Rate,7.5703,476.93,2024-06-18,2026-02-11,PricingFeedA,2025-03-16
PRC0002911,54348747469,MAC,7.594,744.21,2024-05-08,2026-01-03,PricingFeedB,2026-05-07
PRC0002912,73812149827,Contract Rate,1.2116,56.95,2026-02-20,2026-08-16,PricingFeedA,2025-06-20
PRC0002913,78375177340,WAC,18.9653,1725.84,2026-01-03,2027-03-02,PricingFeedB,2026-03-06
PRC0002914,37017591044,MAC,14.7807,768.6,2024-07-09,2025-09-12,PricingFeedA,2025-06-01
PRC0002915,77393477110,AWP,6.3717,452.39,2025-03-10,2026-09-02,PricingFeedA,2025-03-23
PRC0002916,54293312163,MAC,9.4611,444.67,2023-10-08,2025-08-15,PricingFeedB,2025-02-16
PRC0002917,37452117788,Contract Rate,23.339,1423.68,2023-10-11,2025-04-13,PricingFeedA,2025-01-18
PRC0002918,37173563991,WAC,4.8362,62.87,2024-08-10,2026-01-05,PricingFeedA,2025-02-15
PRC0002919,67080423748,MAC,13.195,1227.13,2023-01-23,2024-08-30,PricingFeedA,2026-02-23
PRC0002920,39273980031,Contract Rate,2.5212,244.56,2023-07-08,2024-12-13,PricingFeedB,2026-02-03
PRC0002921,42576948965,NADAC,34.8477,2752.97,2023-08-19,2025-04-16,PricingFeedB,2026-03-19
PRC0002922,63128504045,AWP,13.6555,1051.47,2023-10-09,2025-04-25,PricingFeedA,2025-03-08
PRC0002923,48520467193,MAC,16.1323,725.95,2023-06-08,2024-08-24,PricingFeedB,2026-07-18
PRC0002924,22581320920,AWP,18.2715,548.14,2023-06-24,2025-01-22,PricingFeedA,2026-05-14
PRC0002925,94421963775,AWP,8.4908,254.72,2025-03-12,2027-01-06,PricingFeedA,2026-03-28
PRC0002926,11616709896,Contract Rate,7.021,337.01,2024-01-01,2024-07-25,PricingFeedA,2025-08-18
PRC0002927,69287415359,AWP,6.8908,544.37,2026-05-02,2026-11-23,PricingFeedA,2025-05-05
PRC0002928,97361501089,WAC,59.9278,5393.5,2025-10-09,2027-06-23,PricingFeedB,2025-03-24
PRC0002929,97829657184,NADAC,5.6589,333.88,2025-08-21,2027-01-06,PricingFeedA,2025-12-28
PRC0002930,27388983519,AWP,5.8758,199.78,2023-03-14,2024-01-14,PricingFeedB,2025-10-29
PRC0002931,80152664967,NADAC,23.8853,1457.0,2026-02-23,2026-10-09,PricingFeedB,2025-01-18
PRC0002932,45750813449,Contract Rate,2.5476,229.28,2026-01-18,2026-05-21,PricingFeedA,2025-09-16
PRC0002933,80745561821,NADAC,9.7347,408.86,2024-01-09,2025-06-04,PricingFeedA,2025-09-01
PRC0002934,84031314513,NADAC,9.706,708.54,2023-05-03,2024-05-06,PricingFeedB,2026-05-17
PRC0002935,52039804315,MAC,3.4835,271.71,2024-12-21,2025-04-03,PricingFeedB,2026-06-13
PRC0002936,92414186439,NADAC,33.3428,433.46,2024-08-15,2025-08-24,PricingFeedB,2026-06-21
PRC0002937,52440734534,MAC,1.0026,69.18,2023-09-01,2024-07-22,PricingFeedA,2025-11-04
PRC0002938,15501225748,MAC,7.7775,699.98,2025-01-12,2026-02-12,PricingFeedA,2026-05-29
PRC0002939,24212233551,Contract Rate,2.4061,141.96,2024-03-27,2026-01-18,PricingFeedA,2025-07-11
PRC0002940,60323145092,NADAC,35.0741,2174.59,2026-01-23,2027-01-07,PricingFeedA,2025-02-20
PRC0002941,20309347358,WAC,5.9588,417.12,2024-11-19,2025-02-19,PricingFeedB,2025-02-18
PRC0002942,63166657868,AWP,6.4078,102.52,2026-04-28,2027-05-14,PricingFeedB,2025-04-25
PRC0002943,46005730687,Contract Rate,16.0327,336.69,2024-03-15,2026-02-14,PricingFeedB,2025-07-17
PRC0002944,79480401968,WAC,0.6372,10.83,2023-08-12,2024-02-04,PricingFeedB,2025-08-17
PRC0002945,37677228163,WAC,3.3164,325.01,2025-05-10,2026-10-01,PricingFeedB,2026-04-29
PRC0002946,64322142638,WAC,25.2767,581.36,2024-04-02,2025-04-28,PricingFeedA,2025-12-15
PRC0002947,26940396868,MAC,4.2002,155.41,2025-05-25,2026-09-15,PricingFeedB,2025-06-24
PRC0002948,21421615389,Contract Rate,66.2307,5033.53,2025-02-22,2025-10-04,PricingFeedB,2025-01-11
PRC0002949,44905932967,WAC,4.3986,422.27,2023-05-28,2025-01-25,PricingFeedB,2026-08-13
PRC0002950,70483244548,NADAC,11.5937,139.12,2025-06-25,2027-01-30,PricingFeedA,2025-07-21
PRC0002951,80465954660,Contract Rate,0.4817,23.6,2026-01-14,2027-05-27,PricingFeedB,2026-02-12
PRC0002952,10731878875,Contract Rate,12.4915,562.12,2025-01-08,2025-08-27,PricingFeedA,2025-05-02
PRC0002953,29696691682,Contract Rate,15.689,768.76,2023-03-31,2024-02-05,PricingFeedA,2025-11-15
PRC0002954,80340679445,Contract Rate,5.5137,474.18,2024-02-16,2024-07-26,PricingFeedB,2025-02-06
PRC0002955,35516352970,AWP,11.6429,372.57,2024-10-26,2026-01-01,PricingFeedB,2025-09-10
PRC0002956,59221259051,MAC,8.2952,149.31,2023-12-15,2024-10-08,PricingFeedB,2026-02-23
PRC0002957,39552514457,MAC,-34.4736,-1792.63,2023-07-01,2025-02-15,PricingFeedB,2025-06-22
PRC0002958,77574673580,WAC,5.4451,217.8,2023-08-23,2024-05-25,PricingFeedA,2025-04-29
PRC0002959,35516352970,WAC,5.653,277.0,2025-09-01,2025-12-10,PricingFeedB,2025-09-04
PRC0002960,44531515535,Contract Rate,32.4575,2434.31,2025-08-06,2025-11-15,PricingFeedA,2026-08-08
PRC0002961,11713731824,MAC,19.4369,1710.45,2024-12-21,2026-05-10,PricingFeedA,2026-07-29
PRC0002962,66678730118,WAC,5.721,286.05,2025-02-20,2026-11-20,PricingFeedB,2025-03-29
PRC0002963,42790921133,WAC,27.9515,1257.82,2024-03-26,2024-12-09,PricingFeedA,2026-08-07
PRC0002964,93839707777,MAC,25.345,1850.18,2023-09-20,2024-01-27,PricingFeedA,2025-01-03
PRC0002965,52004247373,MAC,7.3907,473.0,2024-12-01,2026-07-10,PricingFeedB,2025-05-27
PRC0002966,28631979336,MAC,7.3,189.8,2024-04-03,2026-03-12,PricingFeedB,2025-11-02
PRC0002967,18083108393,Contract Rate,2.8453,227.62,2026-05-27,2026-11-07,PricingFeedB,2026-02-26
PRC0002968,28631979336,UNKNOWN_METHOD,20.5107,1230.64,2024-12-15,2026-04-18,PricingFeedB,2026-04-01
PRC0002969,41115163443,Contract Rate,25.937,466.87,2025-05-14,2026-03-09,PricingFeedB,2025-08-12
PRC0002970,41217651162,Contract Rate,6.8459,219.07,2025-03-15,2027-02-21,PricingFeedA,2026-06-27
PRC0002971,61916924081,WAC,56.1377,1122.75,2023-01-27,2024-06-16,PricingFeedB,2026-05-27
PRC0002972,42506952673,AWP,3.4895,334.99,2024-03-26,2025-07-26,PricingFeedB,2025-08-19
PRC0002973,86876532778,NADAC,40.1957,1728.42,2023-02-12,2024-01-14,PricingFeedB,2026-03-09
PRC0002974,62842687164,WAC,19.537,1348.05,2026-05-18,2026-09-12,PricingFeedB,2025-04-05
PRC0002975,18501762876,AWP,14.5261,624.62,2025-03-03,2025-07-02,PricingFeedB,2025-06-22
PRC0002976,85393162035,WAC,7.5841,644.65,2023-02-21,2024-07-25,PricingFeedA,2025-12-21
PRC0002977,55066490222,NADAC,46.364,4126.4,2023-11-21,2024-03-12,PricingFeedA,2025-01-07
PRC0002978,31559714166,Contract Rate,20.8622,1001.39,2026-02-28,2026-06-23,PricingFeedA,2025-08-15
PRC0002979,67141494586,AWP,2.6566,71.73,2024-08-21,2024-12-17,PricingFeedB,2026-03-15
PRC0002980,54493906935,WAC,14.1646,240.8,2023-05-30,2025-01-26,PricingFeedB,2025-12-26
PRC0002981,62579571575,WAC,23.6584,1750.72,2025-05-24,2025-12-22,PricingFeedB,2026-02-08
PRC0002982,81267869985,NADAC,9.8099,892.7,2024-02-17,2024-11-20,PricingFeedA,2026-02-28
PRC0002983,88756957596,WAC,32.0754,1315.09,2025-03-11,2025-11-13,PricingFeedA,2025-11-09
PRC0002984,63116718685,WAC,2.0141,138.97,2025-12-23,2026-04-13,PricingFeedA,2025-01-14
PRC0002985,77393477110,AWP,7.4686,141.9,2026-03-04,2026-09-27,PricingFeedA,2025-11-05
PRC0002986,12371232115,Contract Rate,101.6399,4777.08,2023-05-16,2024-06-11,PricingFeedA,2026-07-11
PRC0002987,74385175975,NADAC,3.024,48.38,2024-09-09,2026-02-21,PricingFeedB,2025-06-11
PRC0002988,33036992193,AWP,23.1492,1597.29,2023-04-16,2024-05-16,PricingFeedA,2025-10-24
PRC0002989,55577596931,AWP,5.65,192.1,2024-07-20,2024-12-25,PricingFeedA,2025-07-28
PRC0002990,64889810674,NADAC,10.9455,820.91,2023-12-10,2024-10-04,PricingFeedB,2025-12-12
PRC0002991,78528685790,Contract Rate,1.8492,125.75,2024-01-09,2024-05-16,PricingFeedB,2025-02-21
PRC0002992,58257248865,WAC,3.9287,353.58,2026-02-07,2027-11-21,PricingFeedB,2025-07-29
PRC0002993,78627670934,AWP,0.7067,68.55,2023-08-26,2025-03-14,PricingFeedA,2025-02-16
PRC0002994,20641978938,Contract Rate,3.7854,193.06,2025-05-17,2026-02-10,PricingFeedA,2025-05-27
PRC0002995,21128586347,NADAC,3.2831,128.04,2025-05-16,2027-02-15,PricingFeedB,2025-12-03
PRC0002996,68669877665,WAC,4.2662,392.49,2023-12-01,2024-05-31,PricingFeedB,2025-07-09
PRC0002997,38649367251,NADAC,11.5891,359.26,2023-03-30,2024-03-12,PricingFeedB,2025-12-13
PRC0002998,29289502522,Contract Rate,1.3879,124.91,2026-01-27,2027-03-08,PricingFeedA,2025-09-18
PRC0002999,48836820566,WAC,33.2865,1264.89,2023-06-24,2025-03-23,PricingFeedB,2025-05-03
PRC0003000,64075701520,NADAC,8.1689,522.81,2023-02-06,2024-12-16,PricingFeedB,2026-07-09
PRC0003001,20972530362,NADAC,3.5198,165.43,2023-10-18,2025-01-24,PricingFeedB,2026-07-04
PRC0003002,22743552549,NADAC,23.8121,2309.77,2026-01-02,2026-10-29,PricingFeedA,2025-08-20
PRC0003003,96886169095,WAC,2.9271,175.63,2024-11-13,2025-03-28,PricingFeedB,2025-07-17
PRC0003004,85528237583,WAC,12.2777,552.5,2025-11-08,2027-07-05,PricingFeedA,2026-05-03
PRC0003005,81987321337,Contract Rate,6.8133,449.68,2023-10-29,2025-03-14,PricingFeedB,2025-03-24
PRC0003006,35251160755,Contract Rate,25.1049,878.67,2023-02-15,2023-05-30,PricingFeedA,2026-01-30
PRC0003007,99918121569,MAC,7.7325,765.52,2023-09-06,2024-07-23,PricingFeedB,2025-03-17
PRC0003008,37535827761,Contract Rate,26.1933,785.8,2023-04-07,2023-08-08,PricingFeedA,2025-01-10
PRC0003009,27054682245,WAC,2.7875,114.29,2023-05-11,2024-12-21,PricingFeedA,2026-06-25
PRC0003010,59049568585,Contract Rate,,951.99,2024-07-10,2025-01-30,PricingFeedB,2026-01-24
PRC0003011,10731878875,WAC,7.1168,533.76,2023-12-02,2024-08-03,PricingFeedA,2026-05-07
PRC0003012,56531179876,WAC,26.1886,602.34,2025-11-09,2026-09-08,PricingFeedA,2026-01-27
PRC0003013,87647246210,AWP,9.8835,761.03,2025-12-07,2027-11-09,PricingFeedA,2026-03-29
PRC0003014,22313207361,AWP,10.0516,582.99,2026-05-27,2028-01-13,PricingFeedB,2025-05-12
PRC0003015,92373928763,AWP,4.6846,295.13,2025-11-17,2027-09-10,PricingFeedB,2025-03-01
PRC0003016,20858309589,WAC,3.0497,173.83,2026-05-12,2027-06-06,PricingFeedB,2026-07-17
PRC0003017,14420419723,NADAC,12.079,1062.95,2023-08-29,2024-12-11,PricingFeedB,2026-01-31
PRC0003018,79563396334,NADAC,17.2188,1377.5,2023-09-05,2025-04-13,PricingFeedA,2025-12-08
PRC0003019,97224337179,NADAC,23.951,1772.37,2025-07-23,2026-11-13,PricingFeedB,2025-06-14
PRC0003020,54493906935,WAC,7.7396,688.82,2025-06-28,2026-12-22,PricingFeedB,2025-12-01
PRC0003021,72171503347,Contract Rate,1.3374,14.71,2024-10-17,2025-06-23,PricingFeedA,2025-03-08
PRC0003022,25245820746,WAC,44.407,3463.75,2023-12-06,2025-02-17,PricingFeedB,2025-07-23
PRC0003023,14904163164,NADAC,12.6256,681.78,2025-06-19,2026-04-22,PricingFeedA,2025-11-30
PRC0003024,44905932967,NADAC,6.8891,523.57,2023-01-08,2024-04-14,PricingFeedB,2026-06-24
PRC0003025,94227785584,Contract Rate,14.042,168.5,2024-09-29,2025-04-18,PricingFeedB,2025-10-04
PRC0003026,47349867456,WAC,5.4181,178.8,2024-07-25,2025-11-03,PricingFeedB,2025-10-04
PRC0003027,82440106680,WAC,4.3025,266.75,2024-02-01,2024-11-07,PricingFeedA,2025-10-07
PRC0003028,23007709819,NADAC,0.6319,17.69,2023-02-05,2024-01-09,PricingFeedA,2025-02-17
PRC0003029,58257248865,MAC,5.8085,278.81,2025-01-16,2025-05-15,PricingFeedB,2025-02-24
PRC0003030,58584770558,WAC,66.8503,3141.96,2026-01-26,2027-06-29,PricingFeedB,2025-08-06
PRC0003031,25766628880,NADAC,16.9257,761.66,2023-09-06,2025-01-21,PricingFeedA,2025-02-27
PRC0003032,47040255743,NADAC,3.4056,200.93,2026-05-07,2027-10-26,PricingFeedA,2025-10-13
PRC0003033,28309735158,WAC,32.8682,1544.81,2023-05-22,2024-08-20,PricingFeedB,2026-04-29
PRC0003034,91227369073,MAC,0.5775,52.55,2024-03-04,2024-09-24,PricingFeedB,2026-04-10
PRC0003035,42374213026,NADAC,4.1822,50.19,2024-02-23,2024-10-04,PricingFeedB,2026-02-13
PRC0003036,46919436288,AWP,3.3249,142.97,2025-07-16,2026-03-16,PricingFeedB,2026-06-02
PRC0003037,20309347358,Contract Rate,2.9517,218.43,2024-03-03,2025-02-11,PricingFeedA,2025-03-21
PRC0003038,92809819256,AWP,12.1863,292.47,2023-09-27,2025-06-02,PricingFeedB,2025-07-07
PRC0003039,92894865154,UNKNOWN_METHOD,17.487,594.56,2024-03-10,2024-11-26,PricingFeedB,2025-05-01
PRC0003040,82124250653,NADAC,6.1837,86.57,2024-10-20,2026-03-08,PricingFeedA,2026-01-11
PRC0003041,91233214850,WAC,2.6443,47.6,2023-12-30,2024-07-11,PricingFeedA,2025-03-13
PRC0003042,22187365237,MAC,39.2312,2550.03,2025-09-25,2026-02-23,PricingFeedB,2025-01-16
PRC0003043,15134521550,NADAC,36.3524,836.11,2024-02-09,2025-09-11,PricingFeedB,2025-03-19
PRC0003044,94306492934,WAC,9.0729,181.46,2023-07-20,2024-02-06,PricingFeedB,2026-05-05
PRC0003045,40972267118,NADAC,4.8849,200.28,2025-08-04,2025-12-29,PricingFeedB,2025-02-11
PRC0003046,59783584950,WAC,8.635,638.99,2025-08-10,2026-12-03,PricingFeedA,2026-01-27
PRC0003047,73362282174,NADAC,19.2734,1329.86,2025-10-29,2027-03-07,PricingFeedA,2025-06-13
PRC0003048,80158561493,Contract Rate,3.8157,141.18,2025-05-14,2025-12-16,PricingFeedA,2026-07-04
PRC0003049,32786886812,NADAC,4.8842,249.09,2026-02-03,2027-03-15,PricingFeedA,2025-01-05
PRC0003050,36423490868,AWP,17.8175,374.17,2026-05-31,2027-07-18,PricingFeedA,2025-03-27
PRC0003051,55406762387,AWP,-8.0576,-306.19,2023-10-18,2024-12-04,PricingFeedB,2025-09-14
PRC0003052,54458104234,NADAC,9.4582,227.0,2026-04-24,2027-09-02,PricingFeedB,2026-04-03
PRC0003053,93381483220,MAC,3.0941,194.93,2026-04-15,2027-10-29,PricingFeedB,2026-04-18
PRC0003054,33036992193,Contract Rate,10.2921,885.12,2023-11-05,2024-12-27,PricingFeedB,2026-02-14
PRC0003055,13230284057,MAC,7.7564,131.86,2023-07-28,2025-01-23,PricingFeedA,2025-10-10
PRC0003056,72982905964,AWP,8.1675,596.23,2024-05-14,2025-05-07,PricingFeedB,2026-06-09
PRC0003057,98272669316,AWP,7.0861,481.85,2024-12-22,2026-10-09,PricingFeedA,2025-11-29
PRC0003058,39388824427,Contract Rate,1.143,41.15,2024-03-09,2024-11-18,PricingFeedB,2026-04-13
PRC0003059,60986106546,WAC,1.0335,76.48,2023-11-28,2025-01-30,PricingFeedB,2025-02-16
PRC0003060,67041360337,NADAC,1.6811,80.69,2024-10-20,2025-08-04,PricingFeedB,2025-02-18
PRC0003061,24721435259,MAC,17.0443,1499.9,2024-03-11,2025-02-20,PricingFeedA,2026-03-06
PRC0003062,68669877665,WAC,5.1796,466.16,2025-12-28,2027-03-25,PricingFeedB,2026-01-08
PRC0003063,60055684146,MAC,0.8939,65.25,2025-07-10,2026-07-29,PricingFeedA,2025-03-21
PRC0003064,81569427757,AWP,22.5772,790.2,2025-11-13,2026-08-02,PricingFeedB,2026-04-26
PRC0003065,88689159412,WAC,1.3742,108.56,2024-03-04,2025-07-24,PricingFeedB,2025-12-20
PRC0003066,21137610492,NADAC,12.4724,1234.77,2026-01-14,2026-11-20,PricingFeedA,2025-04-28
PRC0003067,67115974246,MAC,3.0062,174.36,2023-09-21,2024-02-28,PricingFeedB,2025-07-01
PRC0003068,68484176329,WAC,3.6289,297.57,2024-06-02,2026-03-24,PricingFeedA,2025-11-05
PRC0003069,92188700925,NADAC,3.3653,208.65,2024-05-07,2024-11-18,PricingFeedB,2026-03-20
PRC0003070,68335772779,AWP,,763.59,2024-10-22,2025-08-30,PricingFeedA,2026-01-19
PRC0003071,61637120843,AWP,3.2472,133.14,2023-11-12,2025-10-24,PricingFeedA,2025-08-11
PRC0003072,71138176370,WAC,11.9837,898.78,2024-05-14,2025-03-31,PricingFeedB,2025-03-30
PRC0003073,79689644320,AWP,26.1066,1984.1,2024-10-01,2026-01-27,PricingFeedB,2026-07-17
PRC0003074,22187365237,MAC,1.4942,119.54,2024-11-26,2026-08-24,PricingFeedA,2026-05-26
PRC0003075,37423653148,Contract Rate,6.2513,137.53,2024-03-08,2025-09-15,PricingFeedA,2026-02-01
PRC0003076,49498489686,AWP,44.7516,2908.85,2024-09-18,2026-01-02,PricingFeedB,2025-09-02
PRC0003077,99532189053,WAC,10.0549,372.03,2023-09-21,2025-07-12,PricingFeedA,2026-04-12
PRC0003078,40815151380,WAC,9.1349,785.6,2023-01-22,2024-12-04,PricingFeedB,2025-10-22
PRC0003079,39273980031,NADAC,2.7765,208.24,2025-12-27,2027-02-11,PricingFeedA,2026-02-13
PRC0003080,22187365237,NADAC,15.0425,345.98,2025-01-08,2025-07-14,PricingFeedB,2026-01-21
PRC0003081,77393477110,WAC,18.8448,489.96,2025-10-16,2027-02-14,PricingFeedB,2026-01-06
PRC0003082,26262248157,NADAC,2.1128,27.47,2026-03-06,2027-03-03,PricingFeedB,2026-06-26
PRC0003083,53008248547,AWP,3.3244,119.68,2025-09-17,2026-10-15,PricingFeedA,2025-08-23
PRC0003084,83727139018,WAC,20.5803,1934.55,2023-05-21,2024-09-10,PricingFeedA,2025-03-28
PRC0003085,23817377057,MAC,11.2103,1042.56,2023-04-02,2024-11-18,PricingFeedB,2025-12-29
PRC0003086,26884937862,Contract Rate,2.4181,169.27,2024-05-07,2025-01-10,PricingFeedB,2025-09-14
PRC0003087,23338670584,AWP,5.6679,243.72,2023-03-20,2024-01-15,PricingFeedB,2026-01-13
PRC0003088,96682671088,NADAC,3.8542,142.61,2023-02-15,2023-09-03,PricingFeedA,2025-07-16
PRC0003089,23885768970,AWP,3.7671,184.59,2023-10-09,2025-09-25,PricingFeedA,2025-10-12
PRC0003090,57036754977,NADAC,4.8502,101.85,2023-02-13,2024-08-11,PricingFeedB,2026-01-23
PRC0003091,92274531886,WAC,14.8057,873.54,2025-09-09,2025-12-29,PricingFeedB,2025-02-17
PRC0003092,52440734534,NADAC,6.257,93.85,2023-10-25,2024-12-31,PricingFeedB,2026-08-10
PRC0003093,50461794847,Contract Rate,2.6725,69.48,2026-05-07,2026-12-20,PricingFeedB,2025-08-29
PRC0003094,81987321337,NADAC,24.7978,2256.6,2023-05-28,2024-05-03,PricingFeedA,2026-05-31
PRC0003095,67115974246,AWP,2.1548,163.76,2025-10-07,2026-05-26,PricingFeedB,2026-06-19
PRC0003096,58257248865,NADAC,30.0252,2131.79,2023-10-18,2025-07-11,PricingFeedA,2025-10-13
PRC0003097,28631979336,NADAC,39.3983,630.37,2024-09-23,2025-11-13,PricingFeedB,2025-02-15
PRC0003098,82100899412,Contract Rate,1.1403,72.98,2026-03-04,2027-10-22,PricingFeedA,2025-01-18
PRC0003099,92945796828,WAC,20.0285,1942.76,2023-05-04,2024-11-23,PricingFeedB,2026-07-22
PRC0003100,10849291063,NADAC,8.1593,81.59,2025-05-24,2026-03-23,PricingFeedA,2026-03-07
PRC0003101,79775467157,AWP,7.4772,508.45,2023-04-19,2024-11-02,PricingFeedA,2025-07-13
PRC0003102,34198319284,Contract Rate,6.2429,399.55,2025-10-22,2027-01-27,PricingFeedA,2025-10-13
PRC0003103,88056214772,NADAC,7.7084,246.67,2025-06-16,2027-03-11,PricingFeedB,2026-04-19
PRC0003104,28216637671,MAC,6.6819,307.37,2024-12-23,2025-07-19,PricingFeedB,2026-05-15
PRC0003105,73921220685,NADAC,20.7621,1785.54,2024-10-18,2026-07-12,PricingFeedA,2026-08-01
PRC0003106,54800139458,AWP,7.4354,483.3,2024-03-08,2026-01-07,PricingFeedA,2025-02-13
PRC0003107,76440908482,NADAC,16.5784,1458.9,2025-12-13,2026-03-13,PricingFeedB,2025-10-07
PRC0003108,76324394748,WAC,32.7293,1669.19,2023-02-01,2024-05-18,PricingFeedA,2025-01-04
PRC0003109,94487791738,NADAC,0.7364,67.01,2023-12-11,2025-07-06,PricingFeedB,2026-01-19
PRC0003110,48104454958,Contract Rate,8.5226,127.84,2025-04-11,2026-01-02,PricingFeedB,2026-06-16
PRC0003111,93381483220,Contract Rate,11.0741,786.26,2023-02-23,2024-12-12,PricingFeedA,2025-05-29
PRC0003112,80870713084,Contract Rate,36.8883,922.21,2024-02-28,2024-11-08,PricingFeedA,2026-02-24
PRC0003113,70556245848,NADAC,4.9899,339.31,2023-03-20,2025-02-03,PricingFeedB,2026-02-14
PRC0003114,76548454081,NADAC,2.3044,87.57,2025-01-31,2026-09-16,PricingFeedA,2025-03-03
PRC0003115,10424211436,Contract Rate,16.4548,1579.66,2025-02-12,2025-07-01,PricingFeedB,2026-08-01
PRC0003116,10772533217,NADAC,2.5448,157.78,2025-03-15,2026-04-30,PricingFeedB,2026-05-11
PRC0003117,10772533217,Contract Rate,8.0236,320.94,2025-09-13,2026-05-29,PricingFeedB,2025-01-09
PRC0003118,57675334230,WAC,3.6586,113.42,2023-06-10,2024-08-23,PricingFeedA,2025-11-22
PRC0003119,97815836329,MAC,18.6716,205.39,2025-12-03,2026-10-10,PricingFeedB,2025-12-20
PRC0003120,40081577678,MAC,20.4888,1659.59,2024-12-14,2025-08-22,PricingFeedB,2026-05-22
PRC0003121,32903672787,WAC,0.7315,19.02,2023-05-19,2024-04-26,PricingFeedB,2026-06-14
PRC0003122,73727371375,WAC,1.8917,138.09,2025-02-28,2025-06-07,PricingFeedB,2025-03-09
PRC0003123,62176247065,Contract Rate,20.5387,739.39,2025-07-01,2027-01-20,PricingFeedB,2025-03-02
PRC0003124,61687887076,Contract Rate,1.1003,13.2,2024-10-22,2026-09-17,PricingFeedB,2025-08-07
PRC0003125,52039804315,NADAC,5.4225,498.87,2026-05-29,2027-01-09,PricingFeedA,2025-08-16
PRC0003126,48827576665,AWP,10.3801,259.5,2023-04-30,2024-07-22,PricingFeedA,2025-05-27
PRC0003127,55504611813,AWP,0.9595,84.44,2025-03-13,2026-09-19,PricingFeedB,2025-10-08
PRC0003128,44363144090,WAC,23.5244,1670.23,2024-11-23,2025-03-16,PricingFeedA,2025-09-12
PRC0003129,73434787752,AWP,10.925,557.18,2024-11-30,2025-08-22,PricingFeedB,2025-09-25
PRC0003130,47326286219,WAC,13.408,1233.54,2024-05-23,2025-11-04,PricingFeedA,2026-02-26
PRC0003131,63764194169,Contract Rate,4.6561,144.34,2025-02-09,2025-11-10,PricingFeedA,2026-01-18
PRC0003132,54800139458,Contract Rate,4.0267,261.74,2024-01-04,2024-04-25,PricingFeedA,2026-04-06
PRC0003133,97829657184,AWP,2.007,144.5,2025-01-12,2026-08-28,PricingFeedB,2025-04-29
PRC0003134,24212233551,Contract Rate,5.0865,503.56,2024-09-27,2025-03-22,PricingFeedB,2025-03-23
PRC0003135,65004145763,MAC,8.29,563.72,2026-02-13,2027-12-16,PricingFeedB,2025-11-23
PRC0003136,67543708985,Contract Rate,20.048,1744.18,2023-02-07,2024-07-30,PricingFeedA,2025-11-09
PRC0003137,48836820566,WAC,2.9589,251.51,2023-05-25,2024-04-23,PricingFeedB,2025-05-15
PRC0003138,71431521823,MAC,27.2278,1524.76,2023-07-26,2023-11-12,PricingFeedB,2026-05-25
PRC0003139,22438118591,WAC,7.7234,432.51,2023-11-13,2024-12-11,PricingFeedB,2026-06-05
PRC0003140,19307837771,NADAC,-24.285,-1869.94,2024-01-21,2024-10-11,PricingFeedA,2025-06-01
PRC0003141,47220155350,Contract Rate,4.3311,168.91,2025-11-18,2026-12-11,PricingFeedB,2025-08-23
PRC0003142,64624829654,NADAC,22.4463,1324.33,2023-11-12,2025-03-30,PricingFeedA,2025-06-19
PRC0003143,91237315897,Contract Rate,15.2475,869.11,2023-04-01,2024-07-01,PricingFeedB,2026-06-07
PRC0003144,66678730118,WAC,-2.4164,-171.56,2024-10-11,2025-06-09,PricingFeedA,2025-03-08
PRC0003145,36201328832,NADAC,11.6525,302.96,2024-08-30,2026-07-29,PricingFeedB,2026-03-29
PRC0003146,64140385391,WAC,17.3181,311.73,2024-02-28,2025-08-11,PricingFeedA,2026-01-22
PRC0003147,76013679988,WAC,0.5417,28.17,2023-10-05,2024-02-01,PricingFeedA,2025-05-24
PRC0003148,78234779957,AWP,3.2958,250.48,2024-10-18,2025-08-01,PricingFeedB,2025-11-10
PRC0003149,99873357727,NADAC,12.1545,230.94,2025-03-27,2025-07-15,PricingFeedA,2025-01-13
PRC0003150,18475573796,Contract Rate,1.9858,33.76,2025-12-13,2027-05-23,PricingFeedA,2025-03-01
PRC0003151,70444329131,WAC,15.9081,238.62,2024-11-06,2025-10-17,PricingFeedB,2026-05-09
PRC0003152,78173474180,Contract Rate,14.8176,1363.22,2025-05-25,2025-11-12,PricingFeedB,2025-03-28
PRC0003153,18077751316,Contract Rate,31.2838,1908.31,2025-09-23,2026-01-23,PricingFeedA,2025-03-30
PRC0003154,78234779957,NADAC,3.316,155.85,2023-01-07,2023-06-07,PricingFeedA,2025-01-27
PRC0003155,76440908482,Contract Rate,4.416,66.24,2023-03-10,2024-06-23,PricingFeedB,2026-07-05
PRC0003156,23809467884,MAC,35.2481,2855.1,2024-01-07,2024-04-22,PricingFeedB,2026-07-25
PRC0003157,35257352788,AWP,4.8159,279.32,2025-02-21,2026-08-04,PricingFeedB,2025-05-23
PRC0003158,69323752585,Contract Rate,13.967,307.27,2025-07-01,2026-04-22,PricingFeedA,2025-07-08
PRC0003159,80264600050,AWP,32.1774,900.97,2025-09-22,2026-11-13,PricingFeedB,2025-11-05
PRC0003160,88756957596,MAC,6.1871,98.99,2026-01-28,2027-05-20,PricingFeedA,2026-01-12
PRC0003161,24616800293,AWP,13.613,884.85,2024-09-03,2025-09-16,PricingFeedA,2026-07-29
PRC0003162,33745564480,Contract Rate,1.0105,13.14,2023-05-26,2025-05-14,PricingFeedA,2025-11-24
PRC0003163,38862821761,AWP,12.1359,497.57,2023-08-19,2025-01-22,PricingFeedB,2025-07-20
PRC0003164,49501356011,MAC,17.3296,1022.45,2025-01-29,2025-12-19,PricingFeedA,2026-05-28
PRC0003165,99885674336,MAC,0.5802,29.01,2026-01-29,2027-10-24,PricingFeedA,2025-06-14
PRC0003166,68129441146,AWP,6.4493,174.13,2026-05-22,2027-01-07,PricingFeedA,2025-08-18
PRC0003167,22366963895,MAC,22.1646,842.25,2026-02-09,2028-01-14,PricingFeedA,2026-01-09
PRC0003168,32786886812,MAC,23.5757,235.76,2023-06-03,2024-05-16,PricingFeedA,2025-04-27
PRC0003169,80745561821,AWP,0.8678,32.11,2026-05-02,2027-04-05,PricingFeedB,2025-03-03
PRC0003170,18466794989,WAC,35.0925,1473.88,2024-11-23,2026-01-12,PricingFeedB,2025-09-09
PRC0003171,27578188642,NADAC,29.9148,2094.04,2023-06-21,2024-04-27,PricingFeedB,2025-12-12
PRC0003172,90409204356,MAC,4.1116,222.03,2023-10-23,2025-07-03,PricingFeedB,2026-06-27
PRC0003173,56356748535,WAC,8.6005,765.44,2025-06-03,2027-04-05,PricingFeedB,2025-01-15
PRC0003174,90653588422,WAC,14.1136,155.25,2025-07-02,2027-02-02,PricingFeedA,2026-08-09
PRC0003175,13912543726,MAC,28.571,1285.7,2023-08-02,2025-04-16,PricingFeedB,2025-05-07
PRC0003176,95130238512,Contract Rate,23.6168,1629.56,2023-05-07,2025-04-15,PricingFeedB,2025-01-27
PRC0003177,41217651162,MAC,7.3703,272.7,2023-07-28,2023-11-21,PricingFeedB,2025-09-21
PRC0003178,26059713727,WAC,12.0824,990.76,2023-10-27,2024-07-06,PricingFeedB,2026-02-15
PRC0003179,17813492685,MAC,9.3917,629.24,2023-09-08,2024-02-16,PricingFeedA,2025-03-16
PRC0003180,94144432921,MAC,1.0403,10.4,2024-08-05,2025-02-12,PricingFeedA,2026-07-06
PRC0003181,87424262238,Contract Rate,99.3236,8442.51,2026-01-17,2026-10-04,PricingFeedB,2025-03-17
PRC0003182,67041360337,WAC,15.7461,1039.24,2023-04-12,2024-12-04,PricingFeedA,2026-02-22
PRC0003183,51730490271,MAC,7.3832,191.96,2023-10-13,2024-11-04,PricingFeedB,2025-11-01
PRC0003184,25094254121,WAC,0.877,9.65,2024-10-14,2026-09-28,PricingFeedA,2025-04-16
PRC0003185,14752304010,NADAC,20.1208,965.8,2024-10-12,2025-05-24,PricingFeedA,2026-04-02
PRC0003186,67086806285,NADAC,7.5864,470.36,2026-05-12,2027-12-25,PricingFeedA,2026-07-30
PRC0003187,89864963195,Contract Rate,10.9304,601.17,2024-08-24,2025-02-09,PricingFeedA,2026-03-12
PRC0003188,86890799081,WAC,3.2102,160.51,2023-03-28,2024-08-09,PricingFeedA,2025-04-11
PRC0003189,45750813449,MAC,4.5325,176.77,2025-12-06,2026-06-05,PricingFeedA,2025-08-15
PRC0003190,83261389024,WAC,,300.32,2025-10-13,2027-01-08,PricingFeedB,2026-04-01
PRC0003191,96257168998,WAC,2.4393,226.85,2025-06-17,2025-11-15,PricingFeedA,2025-09-28
PRC0003192,94144432921,NADAC,-32.0498,-1089.69,2023-09-18,2025-04-23,PricingFeedA,2025-10-20
PRC0003193,38112790984,WAC,1.7813,96.19,2025-11-27,2027-04-02,PricingFeedB,2025-03-12
PRC0003194,66286287567,WAC,2.2657,79.3,2024-03-24,2026-02-06,PricingFeedA,2026-03-12
PRC0003195,22366963895,AWP,20.9735,1573.01,2024-05-08,2025-01-04,PricingFeedA,2025-11-09
PRC0003196,26884937862,MAC,4.9141,108.11,2024-06-13,2026-02-27,PricingFeedA,2025-03-20
PRC0003197,92294919275,WAC,6.646,525.03,2024-02-25,2025-02-08,PricingFeedA,2025-03-09
PRC0003198,94144432921,WAC,17.9719,1707.33,2023-09-01,2024-02-08,PricingFeedA,2025-12-04
PRC0003199,68762387095,NADAC,2.2491,80.97,2023-11-26,2024-10-09,PricingFeedB,2026-04-21
PRC0003200,25975107640,MAC,11.5966,1055.29,2024-03-06,2024-06-29,PricingFeedA,2026-06-17
PRC0003201,61137801874,Contract Rate,11.0495,950.26,2025-07-29,2026-02-20,PricingFeedB,2025-03-02
PRC0003202,45865729198,MAC,-20.6856,-1406.62,2023-12-21,2024-10-31,PricingFeedB,2026-07-15
PRC0003203,21421615389,Contract Rate,24.3479,1923.48,2023-04-05,2025-02-12,PricingFeedB,2025-10-26
PRC0003204,10849291063,MAC,13.757,302.65,2023-02-10,2024-07-16,PricingFeedA,2025-03-24
PRC0003205,80033254784,WAC,2.3366,168.24,2026-04-25,2027-03-31,PricingFeedA,2026-02-11
PRC0003206,92790872997,Contract Rate,7.9984,327.93,2023-03-25,2023-12-29,PricingFeedA,2025-12-28
PRC0003207,14041368848,AWP,22.1433,885.73,2025-11-20,2027-04-08,PricingFeedB,2025-08-16
PRC0003208,70221820796,NADAC,4.3109,284.52,2025-02-04,2026-01-05,PricingFeedB,2026-02-24
PRC0003209,54348747469,Contract Rate,14.887,699.69,2023-10-16,2025-06-20,PricingFeedB,2025-02-13
PRC0003210,70003467749,MAC,38.8077,2561.31,2025-10-06,2027-05-16,PricingFeedA,2026-07-09
PRC0003211,60323145092,WAC,2.3524,136.44,2025-07-12,2027-02-25,PricingFeedB,2025-08-01
PRC0003212,54458104234,Contract Rate,,760.03,2024-07-30,2024-12-19,PricingFeedB,2026-02-26
PRC0003213,86802579865,WAC,0.559,11.18,2026-01-15,2027-01-30,PricingFeedB,2026-03-22
PRC0003214,22313207361,WAC,3.1736,241.19,2024-02-03,2025-09-06,PricingFeedA,2025-02-16
PRC0003215,12237637159,AWP,13.942,264.9,2023-12-16,2025-03-06,PricingFeedA,2025-11-13
PRC0003216,88687101335,NADAC,2.1047,88.4,2026-05-24,2026-11-26,PricingFeedB,2025-01-10
PRC0003217,58257248865,Contract Rate,11.9551,1016.18,2023-04-06,2024-02-01,PricingFeedA,2025-11-03
PRC0003218,33202515562,NADAC,0.8889,50.67,2024-02-09,2025-06-01,PricingFeedA,2025-11-06
PRC0003219,12237637159,NADAC,3.9567,158.27,2025-03-11,2026-07-25,PricingFeedB,2026-04-23
PRC0003220,69287415359,Contract Rate,40.2039,2130.81,2024-04-27,2024-11-29,PricingFeedB,2025-04-05
PRC0003221,65966563490,AWP,3.4514,213.99,2025-10-24,2026-07-24,PricingFeedA,2025-08-01
PRC0003222,31723369638,NADAC,1.5282,24.45,2024-08-24,2025-04-29,PricingFeedB,2025-04-04
PRC0003223,47131206943,MAC,19.9296,1873.38,2024-04-17,2025-10-07,PricingFeedB,2025-05-01
PRC0003224,37677228163,MAC,6.9815,453.8,2025-03-07,2026-05-21,PricingFeedB,2025-10-07
PRC0003225,39077562796,MAC,3.2287,203.41,2024-09-06,2025-08-12,PricingFeedB,2026-01-11
PRC0003226,27388983519,Contract Rate,5.4289,103.15,2024-07-25,2026-03-08,PricingFeedB,2026-04-07
PRC0003227,26851855697,WAC,5.6177,393.24,2026-05-31,2027-01-12,PricingFeedA,2026-07-22
PRC0003228,10849291063,WAC,13.1443,486.34,2023-08-07,2024-05-27,PricingFeedB,2026-03-11
PRC0003229,39552514457,AWP,13.9796,698.98,2023-05-10,2024-01-24,PricingFeedA,2025-04-22
PRC0003230,97186359837,WAC,11.9244,274.26,2023-07-05,2025-03-23,PricingFeedA,2025-08-10
PRC0003231,78632194752,MAC,19.244,1847.42,2026-02-06,2026-08-25,PricingFeedB,2025-09-26
PRC0003232,25353369992,WAC,2.0357,136.39,2023-11-10,2024-09-17,PricingFeedB,2025-08-30
PRC0003233,82475457780,MAC,87.5342,7265.34,2023-07-02,2025-06-15,PricingFeedB,2025-04-28
PRC0003234,54705453523,AWP,9.78,704.16,2024-02-01,2025-02-06,PricingFeedA,2025-11-29
PRC0003235,36163874460,NADAC,3.1792,101.73,2024-10-06,2025-09-04,PricingFeedB,2026-04-16
PRC0003236,35251160755,NADAC,23.5563,2284.96,2025-10-07,2026-01-25,PricingFeedA,2026-02-28
PRC0003237,39764892488,WAC,6.4642,342.6,2023-01-07,2024-02-26,PricingFeedB,2025-04-09
PRC0003238,40538581357,NADAC,5.2025,463.02,2025-08-29,2026-03-08,PricingFeedA,2025-10-28
PRC0003239,20698353031,MAC,7.9424,373.29,2024-10-26,2025-12-27,PricingFeedB,2025-06-21
PRC0003240,73727371375,AWP,3.0344,227.58,2023-02-28,2025-01-27,PricingFeedA,2025-12-25
PRC0003241,49343244684,Contract Rate,12.2247,1198.02,2023-09-30,2024-10-07,PricingFeedA,2026-05-09
PRC0003242,74291518137,NADAC,8.9526,268.58,2025-09-11,2027-05-14,PricingFeedB,2025-11-15
PRC0003243,38750191648,MAC,0.7553,42.3,2023-06-05,2024-06-22,PricingFeedA,2026-06-15
PRC0003244,28631979336,Contract Rate,4.6161,415.45,2024-01-31,2024-08-10,PricingFeedB,2026-02-20
PRC0003245,76582366385,MAC,10.1605,193.05,2023-03-28,2024-01-14,PricingFeedA,2025-01-25
PRC0003246,63011707032,AWP,9.8805,829.96,2023-06-24,2024-04-08,PricingFeedB,2025-08-26
PRC0003247,36423490868,WAC,1.7718,145.29,2023-03-19,2024-10-17,PricingFeedA,2025-07-10
PRC0003248,85163650917,AWP,15.945,526.19,2023-04-14,2024-11-13,PricingFeedA,2025-12-28
PRC0003249,29308802360,Contract Rate,8.3044,215.91,2025-08-22,2026-07-15,PricingFeedB,2026-01-20
PRC0003250,91638946513,Contract Rate,14.6956,661.3,2024-05-14,2025-03-11,PricingFeedA,2025-12-08
PRC0003251,28216637671,WAC,24.7945,1686.03,2025-01-22,2025-10-18,PricingFeedA,2025-01-31
PRC0003252,44905932967,AWP,27.0932,2167.46,2023-07-15,2024-11-17,PricingFeedA,2025-01-02
PRC0003253,43412851646,Contract Rate,10.0467,140.65,2025-12-23,2027-05-26,PricingFeedB,2025-10-25
PRC0003254,54705453523,MAC,2.4499,232.74,2024-09-08,2025-03-11,PricingFeedA,2026-01-07
PRC0003255,77447650355,MAC,6.7634,108.21,2025-03-01,2026-06-25,PricingFeedA,2025-03-12
PRC0003256,17204851877,Contract Rate,2.43,211.41,2025-01-27,2025-08-04,PricingFeedB,2025-07-25
PRC0003257,11107186150,AWP,7.4249,185.62,2025-02-22,2025-11-29,PricingFeedA,2025-08-24
PRC0003258,56889248717,MAC,9.8074,784.59,2026-02-10,2027-03-16,PricingFeedB,2025-03-15
PRC0003259,96012885450,MAC,9.918,753.77,2024-12-29,2026-06-10,PricingFeedB,2026-04-06
PRC0003260,17813492685,MAC,0.7606,30.42,2026-02-06,2026-12-08,PricingFeedB,2025-04-11
PRC0003261,52583690494,MAC,11.5665,1145.08,2025-11-09,2026-02-12,PricingFeedA,2025-08-29
PRC0003262,29308802360,Contract Rate,7.6991,130.88,2024-06-06,2025-11-17,PricingFeedA,2026-01-06
PRC0003263,75670258359,NADAC,38.0723,2322.41,2023-11-12,2025-06-21,PricingFeedA,2025-08-20
PRC0003264,59049568585,MAC,21.1806,614.24,2023-05-28,2024-11-13,PricingFeedB,2026-05-09
PRC0003265,86832223497,WAC,5.0831,96.58,2026-01-12,2026-09-15,PricingFeedB,2025-08-17
PRC0003266,94835111213,Contract Rate,1.8475,84.98,2023-11-14,2025-05-12,PricingFeedA,2025-02-25
PRC0003267,97815836329,MAC,2.3696,139.81,2025-02-16,2025-11-12,PricingFeedB,2025-07-30
PRC0003268,62842687164,NADAC,3.8583,181.34,2023-01-10,2024-08-24,PricingFeedB,2026-06-25
PRC0003269,54293312163,WAC,9.2959,436.91,2026-01-25,2027-05-29,PricingFeedB,2026-07-15
PRC0003270,96282694513,NADAC,2.752,115.58,2024-12-21,2026-11-25,PricingFeedA,2025-10-20
PRC0003271,33202515562,WAC,4.3863,350.9,2025-04-17,2025-08-24,PricingFeedA,2026-03-23
PRC0003272,51167339278,WAC,4.2599,255.59,2024-08-27,2024-12-05,PricingFeedB,2025-11-23
PRC0003273,61023340877,MAC,2.2934,66.51,2024-11-11,2026-07-04,PricingFeedA,2026-01-10
PRC0003274,28814780756,Contract Rate,3.934,381.6,2024-12-19,2026-09-27,PricingFeedB,2025-07-23
PRC0003275,92414186439,AWP,5.7621,530.11,2026-03-19,2028-02-10,PricingFeedA,2026-06-17
PRC0003276,58257248865,Contract Rate,10.7711,430.84,2025-09-13,2026-08-05,PricingFeedB,2025-01-13
PRC0003277,88995939535,MAC,7.8337,109.67,2026-01-11,2026-08-16,PricingFeedB,2026-03-02
PRC0003278,11616709896,AWP,46.856,983.98,2025-02-07,2026-11-05,PricingFeedB,2026-03-19
PRC0003279,98617171442,NADAC,29.1161,2271.06,2024-07-24,2025-05-03,PricingFeedA,2026-04-08
PRC0003280,15585457750,WAC,27.2384,1416.4,2023-12-16,2024-05-28,PricingFeedB,2025-05-06
PRC0003281,51850973745,UNKNOWN_METHOD,2.1902,190.55,2025-07-26,2026-06-05,PricingFeedB,2025-07-21
PRC0003282,88756957596,MAC,34.1151,716.42,2026-02-11,2026-06-20,PricingFeedA,2026-03-19
PRC0003283,95762624064,AWP,14.5174,1408.19,2025-03-27,2026-05-13,PricingFeedA,2025-03-15
PRC0003284,39903246537,Contract Rate,5.0999,428.39,2023-08-30,2024-01-24,PricingFeedA,2025-08-26
PRC0003285,17127788461,MAC,48.9294,4110.07,2024-01-08,2025-11-17,PricingFeedB,2025-07-26
PRC0003286,26452654738,Contract Rate,1.4403,142.59,2025-01-26,2026-10-02,PricingFeedA,2025-03-20
PRC0003287,27517427451,NADAC,1.0756,57.01,2024-01-26,2024-08-07,PricingFeedA,2026-05-05
PRC0003288,57775544235,NADAC,7.2393,702.21,2024-05-10,2025-04-08,PricingFeedB,2025-03-21
PRC0003289,44770351942,MAC,3.1488,110.21,2023-07-10,2024-10-26,PricingFeedA,2026-08-08
PRC0003290,33502745180,WAC,3.0201,217.45,2023-10-01,2025-08-17,PricingFeedB,2025-11-05
PRC0003291,38112790984,WAC,4.7327,340.75,2026-05-15,2026-12-25,PricingFeedA,2025-11-08
PRC0003292,80550996369,NADAC,46.3577,1947.02,2026-04-17,2026-12-02,PricingFeedA,2025-01-15
PRC0003293,54893863057,NADAC,12.5234,663.74,2026-01-12,2026-04-30,PricingFeedB,2025-05-17
PRC0003294,25866246025,NADAC,5.041,413.36,2024-05-06,2025-11-21,PricingFeedB,2026-06-04
PRC0003295,91227369073,Contract Rate,11.7,503.1,2025-06-29,2025-11-08,PricingFeedA,2026-05-03
PRC0003296,17888408220,WAC,31.3952,1883.71,2024-11-18,2025-12-28,PricingFeedA,2025-05-12
PRC0003297,46449302181,MAC,14.2197,782.08,2024-08-07,2025-05-19,PricingFeedB,2025-05-26
PRC0003298,87245844734,NADAC,99.2272,3472.95,2025-08-12,2027-03-16,PricingFeedA,2025-04-19
PRC0003299,35021253272,WAC,5.8287,238.98,2025-09-27,2027-03-31,PricingFeedA,2025-04-22
PRC0003300,14752304010,NADAC,7.9919,271.72,2023-10-22,2024-05-08,PricingFeedA,2025-07-28
PRC0003301,21365601254,WAC,3.665,47.65,2023-10-26,2024-12-06,PricingFeedB,2025-01-18
PRC0003302,45073829754,AWP,10.3535,693.68,2025-05-14,2026-12-23,PricingFeedB,2025-01-27
PRC0003303,95141181032,AWP,5.0971,458.74,2025-06-19,2026-12-09,PricingFeedB,2025-01-10
PRC0003304,18083108393,AWP,24.7132,766.11,2024-05-05,2026-02-15,PricingFeedB,2025-10-02
PRC0003305,80745561821,MAC,15.8271,332.37,2024-07-28,2025-02-01,PricingFeedB,2026-01-13
PRC0003306,95396703691,Contract Rate,10.1189,333.92,2023-07-11,2025-05-22,PricingFeedA,2025-09-09
PRC0003307,37104711512,AWP,7.5394,663.47,2025-02-08,2026-03-17,PricingFeedA,2025-12-16
PRC0003308,31169773873,AWP,45.307,1359.21,2023-04-16,2023-12-19,PricingFeedA,2025-11-13
PRC0003309,25915382249,Contract Rate,4.0986,45.08,2025-11-25,2026-07-20,PricingFeedA,2025-12-23
PRC0003310,42730843510,MAC,17.951,879.6,2024-12-14,2026-04-02,PricingFeedB,2026-04-10
PRC0003311,17278457796,WAC,2.8635,183.26,2025-10-12,2027-05-25,PricingFeedB,2025-11-03
PRC0003312,78831371488,MAC,1.7008,17.01,2023-07-26,2024-08-29,PricingFeedB,2026-04-07
PRC0003313,80152664967,AWP,30.071,571.35,2023-09-06,2025-07-21,PricingFeedB,2025-12-09
PRC0003314,94324240174,NADAC,18.6782,1718.39,2023-10-04,2024-12-29,PricingFeedB,2025-01-04
PRC0003315,84799902623,AWP,75.6066,1587.74,2024-11-08,2025-10-28,PricingFeedA,2025-06-04
PRC0003316,89013673320,AWP,8.1281,715.27,2025-02-24,2025-07-03,PricingFeedB,2025-10-21
PRC0003317,17127788461,AWP,4.1772,150.38,2025-11-13,2027-01-19,PricingFeedA,2026-06-04
PRC0003318,59136731178,NADAC,10.5026,882.22,2023-01-10,2023-09-05,PricingFeedB,2026-07-17
PRC0003319,36163874460,AWP,18.0634,1716.02,2023-08-11,2024-11-08,PricingFeedB,2026-08-15
PRC0003320,74966631014,NADAC,2.0878,70.99,2025-02-16,2025-07-28,PricingFeedA,2026-05-24
PRC0003321,89864963195,NADAC,21.2897,425.79,2024-11-12,2026-07-01,PricingFeedA,2026-02-21
PRC0003322,68430498393,NADAC,10.9937,681.61,2026-05-16,2028-01-15,PricingFeedA,2026-07-06
PRC0003323,51498372568,MAC,4.4522,115.76,2023-07-02,2025-01-10,PricingFeedB,2026-03-29
PRC0003324,27539452320,Contract Rate,8.0986,769.37,2025-09-12,2026-07-02,PricingFeedB,2025-05-12
PRC0003325,64075701520,MAC,13.2399,1257.79,2024-11-19,2025-03-09,PricingFeedA,2026-06-12
PRC0003326,35955476733,Contract Rate,1.1059,72.99,2025-11-16,2027-05-22,PricingFeedA,2025-07-04
PRC0003327,57675334230,WAC,2.8236,98.83,2023-07-17,2025-01-11,PricingFeedA,2025-11-26
PRC0003328,63764194169,AWP,17.4666,192.13,2024-12-20,2026-01-08,PricingFeedA,2026-05-07
PRC0003329,96886169095,AWP,3.9904,75.82,2023-02-06,2024-09-25,PricingFeedA,2025-02-11
PRC0003330,25866246025,MAC,2.9347,158.47,2023-01-21,2024-08-13,PricingFeedA,2026-06-26
PRC0003331,48827576665,Contract Rate,15.8058,695.46,2023-05-20,2025-04-19,PricingFeedA,2026-05-11
PRC0003332,95130238512,Contract Rate,19.8652,1251.51,2025-03-28,2027-03-06,PricingFeedB,2025-10-29
PRC0003333,49501356011,Contract Rate,1.4487,60.85,2024-07-08,2024-10-15,PricingFeedA,2026-04-29
PRC0003334,70483244548,MAC,8.6534,363.44,2025-07-11,2027-06-06,PricingFeedB,2025-04-11
PRC0003335,67413273786,AWP,2.0471,53.22,2024-11-28,2026-06-30,PricingFeedB,2025-12-17
PRC0003336,40773504873,WAC,6.0257,144.62,2025-03-22,2025-07-20,PricingFeedA,2025-08-17
PRC0003337,95305350218,AWP,2.2393,85.09,2025-09-24,2027-09-01,PricingFeedA,2026-07-06
PRC0003338,14382432019,Contract Rate,13.899,291.88,2023-09-12,2024-05-10,PricingFeedB,2026-05-16
PRC0003339,38299381624,AWP,10.6899,171.04,2026-04-15,2027-01-02,PricingFeedA,2026-01-31
PRC0003340,96443863653,AWP,10.2116,765.87,2025-04-12,2025-08-18,PricingFeedA,2026-05-09
PRC0003341,30333466448,Contract Rate,7.0165,259.61,2025-11-24,2027-05-17,PricingFeedB,2025-09-01
PRC0003342,30303185760,NADAC,11.6239,929.91,2023-09-10,2024-10-16,PricingFeedB,2026-07-27
PRC0003343,17127788461,NADAC,6.7136,167.84,2025-02-17,2025-12-10,PricingFeedA,2025-05-10
PRC0003344,85528237583,AWP,15.3078,413.31,2024-05-25,2025-07-03,PricingFeedB,2025-07-03
PRC0003345,94599568355,NADAC,5.2105,213.63,2024-08-31,2025-12-10,PricingFeedA,2025-02-18
PRC0003346,99165884188,AWP,9.046,126.64,2023-12-01,2024-07-16,PricingFeedB,2026-07-10
PRC0003347,56356748535,WAC,14.8494,876.11,2026-04-29,2026-11-10,PricingFeedB,2025-07-03
PRC0003348,80745561821,AWP,3.825,290.7,2023-07-04,2024-02-19,PricingFeedB,2026-04-25
PRC0003349,51203246489,AWP,2.2523,40.54,2024-05-16,2025-06-10,PricingFeedB,2025-01-20
PRC0003350,94714373929,WAC,8.259,487.28,2025-11-25,2027-04-26,PricingFeedB,2025-03-13
PRC0003351,52800745415,MAC,8.9024,471.83,2026-02-01,2027-06-14,PricingFeedB,2026-08-01
PRC0003352,58670846921,WAC,4.4614,124.92,2026-03-30,2027-05-02,PricingFeedB,2026-03-17
PRC0003353,65004145763,Contract Rate,6.3357,468.84,2026-01-01,2026-09-02,PricingFeedA,2026-03-10
PRC0003354,26703687825,WAC,19.2592,924.44,2023-02-11,2023-09-14,PricingFeedB,2025-11-07
PRC0003355,24897240235,AWP,1.2401,71.93,2025-04-29,2026-09-12,PricingFeedA,2026-04-16
PRC0003356,29976903633,WAC,8.4724,338.9,2024-04-23,2025-01-09,PricingFeedB,2026-05-05
PRC0003357,55504611813,WAC,5.7705,363.54,2023-01-06,2024-05-23,PricingFeedB,2025-03-27
PRC0003358,26452654738,WAC,3.4635,318.64,2025-04-30,2027-03-20,PricingFeedB,2025-08-19
PRC0003359,48887377765,NADAC,5.3357,517.56,2026-02-08,2027-05-26,PricingFeedA,2025-09-19
PRC0003360,36285274953,MAC,70.6039,2965.36,2025-03-13,2026-12-22,PricingFeedB,2025-05-03
PRC0003361,96691540687,NADAC,13.1051,222.79,2023-04-14,2024-01-01,PricingFeedB,2026-04-08
PRC0003362,74966631014,WAC,6.3811,606.2,2026-03-16,2027-10-03,PricingFeedA,2026-01-21
PRC0003363,96688660979,NADAC,11.8828,1140.75,2023-03-31,2024-03-07,PricingFeedA,2025-01-09
PRC0003364,52259816026,WAC,6.1053,494.53,2025-04-14,2025-11-11,PricingFeedA,2026-04-06
PRC0003365,20858309589,AWP,5.9823,227.33,2024-04-25,2024-10-11,PricingFeedB,2025-07-19
PRC0003366,69323752585,AWP,24.3383,924.86,2024-06-16,2025-07-23,PricingFeedA,2025-02-27
PRC0003367,18199892246,MAC,1.6512,155.21,2026-02-26,2026-09-22,PricingFeedA,2025-12-11
PRC0003368,56531179876,Contract Rate,9.106,555.47,2025-12-27,2026-05-09,PricingFeedB,2026-02-21
PRC0003369,22522938085,Contract Rate,11.5709,185.13,2023-01-17,2024-11-14,PricingFeedA,2025-02-05
PRC0003370,62002626144,MAC,6.7774,135.55,2025-04-24,2027-03-04,PricingFeedA,2026-05-26
PRC0003371,24514910454,MAC,6.9213,166.11,2024-12-29,2025-05-30,PricingFeedB,2026-06-28
PRC0003372,36201328832,WAC,-4.3839,-109.6,2024-05-02,2025-11-26,PricingFeedA,2025-09-23
PRC0003373,42576948965,Contract Rate,3.2618,280.51,2026-03-24,2028-01-06,PricingFeedA,2025-03-08
PRC0003374,37535827761,WAC,5.484,389.36,2023-04-23,2024-02-27,PricingFeedB,2026-02-16
PRC0003375,22313207361,NADAC,4.5697,411.27,2024-07-08,2025-03-21,PricingFeedB,2025-04-22
PRC0003376,88056214772,NADAC,6.2234,311.17,2023-10-04,2024-03-14,PricingFeedB,2026-05-13
PRC0003377,26718530956,Contract Rate,66.6588,4932.75,2024-12-14,2026-03-01,PricingFeedA,2025-12-28
PRC0003378,81808216148,WAC,33.8207,1792.5,2024-08-17,2025-04-16,PricingFeedB,2025-03-15
PRC0003379,37173563991,Contract Rate,14.3206,887.88,2025-12-12,2026-10-03,PricingFeedB,2025-02-28
PRC0003380,78375177340,NADAC,24.6683,715.38,2025-10-31,2027-02-19,PricingFeedA,2025-11-22
PRC0003381,33667709457,AWP,23.0961,1478.15,2023-08-16,2025-06-20,PricingFeedA,2026-05-26
PRC0003382,30333466448,NADAC,3.3368,200.21,2024-11-15,2025-04-15,PricingFeedB,2026-06-27
PRC0003383,90409204356,Contract Rate,6.7478,74.23,2024-06-26,2024-12-05,PricingFeedB,2026-04-20
PRC0003384,13685557379,MAC,2.4851,144.14,2025-06-09,2026-01-26,PricingFeedA,2025-12-24
PRC0003385,77447650355,WAC,12.2387,354.92,2023-11-24,2024-10-30,PricingFeedA,2026-03-02
PRC0003386,99873357727,NADAC,7.1851,380.81,2023-01-07,2024-02-11,PricingFeedB,2026-05-23
PRC0003387,61023340877,NADAC,4.7459,66.44,2023-05-28,2023-10-17,PricingFeedB,2026-06-29
PRC0003388,96443863653,NADAC,7.1374,142.75,2023-02-09,2024-06-17,PricingFeedB,2025-08-26
PRC0003389,62718517427,NADAC,20.4586,2025.4,2025-02-16,2026-03-04,PricingFeedB,2025-05-24
PRC0003390,62107980910,NADAC,25.3095,1695.74,2026-03-31,2027-09-26,PricingFeedA,2026-04-22
PRC0003391,86802579865,MAC,198.4817,10718.01,2023-07-10,2024-11-27,PricingFeedB,2026-05-20
PRC0003392,56133530192,MAC,21.1035,443.17,2024-06-03,2026-05-17,PricingFeedA,2025-01-31
PRC0003393,21421615389,MAC,20.4636,572.98,2026-04-11,2027-02-11,PricingFeedA,2025-05-06
PRC0003394,15420255680,Contract Rate,12.6364,593.91,2024-06-12,2025-07-11,PricingFeedA,2025-12-19
PRC0003395,30516747666,NADAC,8.3663,158.96,2026-01-18,2027-06-30,PricingFeedB,2026-01-20
PRC0003396,84334385421,MAC,2.1948,43.9,2026-02-09,2027-08-02,PricingFeedA,2025-07-19
PRC0003397,12234647192,WAC,4.8158,125.21,2023-04-16,2023-08-05,PricingFeedB,2025-06-22
PRC0003398,36001690590,Contract Rate,24.1203,1519.58,2024-08-16,2025-09-10,PricingFeedB,2026-04-19
PRC0003399,42627468935,WAC,9.6573,589.1,2023-04-07,2024-06-30,PricingFeedA,2026-03-14
PRC0003400,38750191648,Contract Rate,14.34,243.78,2024-08-31,2026-02-11,PricingFeedB,2026-06-05
PRC0003401,76582366385,WAC,7.2561,595.0,2026-05-05,2028-03-02,PricingFeedB,2026-07-24
PRC0003402,81673281655,Contract Rate,13.2115,700.21,2026-02-06,2028-01-01,PricingFeedB,2026-07-14
PRC0003403,89307815129,WAC,10.8235,941.64,2023-03-23,2023-10-25,PricingFeedA,2025-08-01
PRC0003404,47326286219,AWP,33.3334,433.33,2024-03-20,2025-11-26,PricingFeedA,2025-08-13
PRC0003405,20096181552,NADAC,3.1262,56.27,2023-03-23,2023-07-25,PricingFeedB,2026-06-08
PRC0003406,25353369992,AWP,9.6217,683.14,2023-01-23,2024-09-09,PricingFeedB,2025-12-14
PRC0003407,20858309589,Contract Rate,0.2737,20.53,2025-06-23,2026-10-05,PricingFeedA,2025-09-27
PRC0003408,13912543726,Contract Rate,1.2167,93.69,2026-04-24,2027-10-02,PricingFeedA,2025-01-05
PRC0003409,25094254121,AWP,2.3081,205.42,2023-02-09,2024-07-13,PricingFeedB,2026-03-10
PRC0003410,26665254060,MAC,1.9848,109.16,2026-01-15,2027-08-16,PricingFeedB,2025-02-24
PRC0003411,26331939675,WAC,15.9379,1275.03,2025-05-14,2026-04-18,PricingFeedA,2026-02-16
PRC0003412,17029875612,WAC,21.9064,1007.69,2023-05-10,2024-01-10,PricingFeedB,2025-12-13
PRC0003413,31189367180,WAC,1.8491,31.43,2025-06-24,2026-03-22,PricingFeedB,2026-01-13
PRC0003414,47220155350,UNKNOWN_METHOD,33.5255,569.93,2025-04-01,2025-10-12,PricingFeedA,2025-07-12
PRC0003415,31189367180,AWP,6.1168,195.74,2025-11-25,2026-06-11,PricingFeedB,2025-06-16
PRC0003416,25866246025,MAC,1.3969,101.97,2023-12-27,2025-05-17,PricingFeedA,2025-02-22
PRC0003417,37355642412,Contract Rate,2.1175,139.76,2023-12-02,2025-06-05,PricingFeedA,2026-01-02
PRC0003418,81641422556,AWP,10.3562,1025.26,2025-01-22,2026-11-07,PricingFeedA,2026-07-18
PRC0003419,38750191648,MAC,8.8182,361.55,2026-02-03,2026-06-25,PricingFeedA,2025-05-15
PRC0003420,90728447630,NADAC,42.659,1962.31,2025-01-25,2026-08-22,PricingFeedA,2025-07-24
PRC0003421,46822109163,Contract Rate,10.9119,883.86,2024-04-09,2024-10-19,PricingFeedB,2025-07-12
PRC0003422,47349867456,MAC,6.7273,269.09,2025-09-21,2027-02-28,PricingFeedB,2025-09-12
PRC0003423,13745261453,AWP,2.1743,67.4,2023-09-09,2024-12-23,PricingFeedA,2026-08-03
PRC0003424,21421615389,MAC,10.532,705.64,2024-08-22,2025-07-18,PricingFeedA,2025-04-19
PRC0003425,17888408220,AWP,11.0905,310.53,2023-02-25,2024-03-23,PricingFeedA,2025-08-27
PRC0003426,97763307131,WAC,19.8918,1790.26,2024-09-20,2025-05-20,PricingFeedA,2025-06-10
PRC0003427,38837974554,Contract Rate,15.3586,998.31,2025-10-30,2027-01-17,PricingFeedA,2025-03-12
PRC0003428,92414186439,Contract Rate,21.6569,2122.38,2025-05-27,2026-03-14,PricingFeedB,2025-01-26
PRC0003429,88995939535,NADAC,23.4015,1287.08,2023-11-13,2025-05-03,PricingFeedB,2026-02-14
PRC0003430,58140162291,AWP,3.9343,180.98,2024-10-22,2025-05-01,PricingFeedA,2025-11-09
PRC0003431,86870713612,NADAC,37.8319,2345.58,2025-03-30,2025-12-26,PricingFeedB,2025-01-31
PRC0003432,46826465747,WAC,30.5507,2535.71,2024-10-11,2026-08-24,PricingFeedA,2025-11-04
PRC0003433,68669877665,NADAC,13.8314,414.94,2025-03-23,2026-03-09,PricingFeedA,2025-06-23
PRC0003434,74192691278,MAC,4.185,385.02,2026-02-02,2026-05-13,PricingFeedB,2025-11-06
PRC0003435,42730843510,WAC,4.8792,248.84,2023-05-24,2025-03-11,PricingFeedB,2025-08-20
PRC0003436,93026770242,WAC,9.9229,625.14,2024-03-03,2025-10-13,PricingFeedB,2026-04-15
PRC0003437,31553546728,WAC,10.1708,579.74,2025-04-08,2027-03-09,PricingFeedA,2025-03-09
PRC0003438,53008248547,Contract Rate,10.8983,544.92,2023-11-12,2025-07-16,PricingFeedB,2026-07-19
PRC0003439,73978849161,NADAC,4.3547,374.5,2024-02-26,2024-12-10,PricingFeedA,2025-03-06
PRC0003440,73434787752,MAC,110.6121,6968.56,2023-01-10,2024-01-17,PricingFeedB,2025-03-04
PRC0003441,36527120523,MAC,1.0424,96.94,2023-08-11,2025-02-19,PricingFeedA,2025-08-18
PRC0003442,89292409434,NADAC,4.1115,111.01,2023-01-13,2024-09-04,PricingFeedA,2026-06-09
PRC0003443,20096181552,WAC,13.9419,738.92,2025-11-17,2027-03-25,PricingFeedB,2026-07-04
PRC0003444,77633965520,MAC,21.6452,1168.84,2024-04-07,2025-09-24,PricingFeedB,2025-03-09
PRC0003445,43371264292,AWP,13.5152,513.58,2026-02-27,2027-03-01,PricingFeedA,2025-06-01
PRC0003446,52812397130,MAC,11.0661,409.45,2025-06-06,2026-06-12,PricingFeedB,2025-07-26
PRC0003447,57775544235,MAC,11.884,1117.1,2026-03-22,2027-01-30,PricingFeedB,2025-06-30
PRC0003448,22109843357,WAC,4.1597,145.59,2024-04-23,2024-07-29,PricingFeedA,2025-11-11
PRC0003449,20641978938,MAC,6.7848,149.27,2023-08-17,2024-10-07,PricingFeedB,2026-02-20
PRC0003450,93243253281,Contract Rate,19.0378,1256.49,2024-01-08,2024-07-03,PricingFeedA,2025-09-30
PRC0003451,93381483220,Contract Rate,0.6555,50.47,2025-02-20,2026-08-25,PricingFeedB,2025-10-31
PRC0003452,44531515535,WAC,95.1521,8468.54,2023-08-16,2024-02-03,PricingFeedA,2026-04-18
PRC0003453,76216784973,Contract Rate,22.346,1854.72,2026-04-18,2026-09-16,PricingFeedB,2025-02-17
PRC0003454,27917295742,Contract Rate,4.0163,373.52,2026-02-11,2027-04-14,PricingFeedA,2026-03-17
PRC0003455,25079445615,WAC,15.8584,523.33,2024-05-30,2025-03-10,PricingFeedB,2025-06-10
PRC0003456,40837522788,MAC,32.0768,449.08,2023-07-20,2023-12-08,PricingFeedB,2025-12-19
PRC0003457,96682671088,MAC,7.386,457.93,2024-09-16,2025-08-23,PricingFeedA,2026-04-15
PRC0003458,24945550574,Contract Rate,6.3981,467.06,2026-01-30,2026-05-21,PricingFeedB,2026-01-21
PRC0003459,30333466448,MAC,9.1661,742.45,2023-05-01,2024-06-11,PricingFeedB,2025-03-15
PRC0003460,47585215820,NADAC,8.448,726.53,2026-01-28,2026-06-14,PricingFeedB,2025-11-10
PRC0003461,34030808751,WAC,17.9917,1025.53,2025-05-31,2026-10-30,PricingFeedB,2025-12-09
PRC0003462,58584770558,Contract Rate,24.4632,2348.47,2026-04-18,2028-02-13,PricingFeedA,2026-06-08
PRC0003463,26718530956,NADAC,6.959,320.11,2023-08-23,2024-02-17,PricingFeedA,2026-07-16
PRC0003464,52954526623,WAC,41.376,1448.16,2023-08-08,2024-10-01,PricingFeedA,2025-12-31
PRC0003465,29289502522,AWP,60.0777,1862.41,2023-05-01,2023-12-27,PricingFeedA,2025-06-01
PRC0003466,21322844418,WAC,1.0976,68.05,2024-11-07,2026-04-30,PricingFeedA,2025-07-22
PRC0003467,67413273786,WAC,11.1706,1050.04,2023-05-22,2024-09-22,PricingFeedB,2026-06-20
PRC0003468,94144432921,WAC,9.6539,212.39,2023-02-03,2024-07-30,PricingFeedB,2025-09-12
PRC0003469,45073829754,Contract Rate,7.4494,446.96,2023-09-23,2024-03-14,PricingFeedB,2025-11-04
PRC0003470,83727139018,NADAC,6.7861,223.94,2023-04-30,2024-08-15,PricingFeedB,2026-03-10
PRC0003471,57344228998,WAC,4.0042,160.17,2023-07-29,2023-12-09,PricingFeedB,2026-05-16
PRC0003472,90100233162,Contract Rate,7.2136,180.34,2024-09-25,2025-01-10,PricingFeedB,2026-01-15
PRC0003473,81987321337,MAC,13.6265,844.84,2024-09-17,2026-05-25,PricingFeedA,2026-05-25
PRC0003474,29696691682,AWP,5.5881,78.23,2026-01-23,2027-11-22,PricingFeedA,2026-03-30
PRC0003475,92294919275,WAC,29.9943,2429.54,2023-08-18,2023-12-09,PricingFeedB,2025-05-20
PRC0003476,52087160927,MAC,23.7564,593.91,2024-03-07,2025-03-27,PricingFeedB,2026-06-12
PRC0003477,40815151380,NADAC,5.6483,372.79,2023-06-02,2023-12-24,PricingFeedA,2025-09-04
PRC0003478,35021253272,Contract Rate,,98.69,2025-12-30,2026-08-14,PricingFeedA,2025-10-29
PRC0003479,15426453054,AWP,3.6082,285.05,2023-02-11,2024-11-27,PricingFeedB,2026-02-11
PRC0003480,38837974554,NADAC,11.3575,272.58,2025-07-31,2026-09-04,PricingFeedA,2025-10-30
PRC0003481,80701649845,WAC,5.0827,482.86,2025-12-31,2026-05-17,PricingFeedA,2025-08-21
PRC0003482,28216637671,AWP,19.1216,554.53,2024-11-24,2026-01-23,PricingFeedB,2025-03-14
PRC0003483,26718530956,AWP,,4991.86,2024-05-25,2025-11-17,PricingFeedB,2025-01-04
PRC0003484,15456605232,Contract Rate,5.7183,514.65,2025-01-21,2025-05-03,PricingFeedB,2026-06-05
PRC0003485,19352931491,Contract Rate,2.9076,241.33,2025-03-04,2026-10-12,PricingFeedA,2025-08-19
PRC0003486,73978849161,Contract Rate,10.9956,362.85,2024-04-26,2025-05-27,PricingFeedB,2026-01-22
PRC0003487,49501356011,AWP,1.1418,50.24,2023-04-03,2024-12-29,PricingFeedB,2025-10-15
PRC0003488,11492597998,AWP,12.3998,148.8,2025-08-03,2027-04-06,PricingFeedB,2026-04-22
PRC0003489,48104454958,Contract Rate,26.2372,2177.69,2023-10-26,2024-08-08,PricingFeedB,2025-08-04
PRC0003490,44211207023,MAC,1.5259,51.88,2023-03-21,2024-06-03,PricingFeedA,2025-10-16
PRC0003491,46113156038,NADAC,4.8327,82.16,2024-07-21,2026-02-05,PricingFeedA,2026-04-09
PRC0003492,67124608759,WAC,1.0017,56.1,2026-01-05,2027-01-01,PricingFeedB,2025-03-07
PRC0003493,83727139018,MAC,8.6731,555.08,2023-01-01,2024-01-10,PricingFeedB,2026-04-06
PRC0003494,36099200846,WAC,0.7536,42.96,2023-09-27,2024-07-16,PricingFeedB,2025-03-14
PRC0003495,75769382415,WAC,4.8898,210.26,2025-01-29,2025-09-27,PricingFeedB,2025-07-24
PRC0003496,20729975921,Contract Rate,3.9678,126.97,2023-04-30,2024-09-18,PricingFeedB,2025-11-28
PRC0003497,55504611813,MAC,17.8448,1748.79,2023-04-03,2023-10-11,PricingFeedA,2026-01-06
PRC0003498,80550996369,AWP,15.5468,435.31,2025-08-15,2025-11-28,PricingFeedB,2026-08-03
PRC0003499,81337865957,WAC,16.0309,1058.04,2024-11-10,2026-08-06,PricingFeedA,2025-08-29
PRC0003500,59772579378,NADAC,0.6997,19.59,2024-12-05,2025-07-12,PricingFeedB,2026-05-06
PRC0003501,51792496033,WAC,5.7171,520.26,2024-09-17,2025-08-17,PricingFeedB,2025-03-20
PRC0003502,53756657133,NADAC,1.9138,93.78,2024-12-16,2026-11-19,PricingFeedA,2026-08-14
PRC0003503,71138176370,NADAC,5.6564,175.35,2024-05-23,2025-03-12,PricingFeedB,2025-12-30
PRC0003504,10394138129,AWP,12.3984,805.9,2025-05-17,2026-04-07,PricingFeedA,2025-11-13
PRC0003505,71609142040,NADAC,49.1008,785.61,2025-01-31,2025-10-13,PricingFeedB,2025-12-20
PRC0003506,17001221267,NADAC,5.6278,180.09,2024-04-02,2024-07-05,PricingFeedB,2025-10-10
PRC0003507,81165324434,NADAC,6.8571,418.28,2025-02-14,2026-11-21,PricingFeedA,2025-11-06
PRC0003508,11713731824,WAC,81.7111,3431.87,2025-04-16,2025-10-04,PricingFeedA,2026-04-30
PRC0003509,92832990195,MAC,3.3178,295.28,2024-05-20,2025-03-27,PricingFeedB,2025-07-24
PRC0003510,44770351942,Contract Rate,4.0557,77.06,2024-04-18,2024-11-09,PricingFeedB,2026-04-19
PRC0003511,27539452320,WAC,7.6443,236.97,2024-08-23,2025-06-08,PricingFeedB,2025-04-22
PRC0003512,14612321460,MAC,10.2238,705.44,2025-08-06,2026-12-24,PricingFeedB,2025-12-13
PRC0003513,63613240630,Contract Rate,16.262,520.38,2023-08-15,2024-11-26,PricingFeedB,2025-07-07
PRC0003514,73812149827,WAC,2.4918,226.75,2025-12-10,2027-09-07,PricingFeedB,2025-11-21
PRC0003515,92515101438,NADAC,2.8972,275.23,2023-01-19,2023-07-02,PricingFeedB,2026-02-10
PRC0003516,12859564719,MAC,42.6119,426.12,2025-04-11,2027-01-16,PricingFeedA,2025-07-09
PRC0003517,29398974548,AWP,7.5469,181.13,2023-03-30,2024-08-02,PricingFeedA,2025-04-19
PRC0003518,63166657868,NADAC,8.8599,735.37,2025-04-16,2026-09-17,PricingFeedA,2026-05-06
PRC0003519,43371264292,NADAC,8.4201,421.0,2023-07-29,2024-02-26,PricingFeedA,2025-08-05
PRC0003520,96005568835,MAC,4.4749,49.22,2024-05-03,2024-12-22,PricingFeedA,2025-02-23
PRC0003521,97074469738,MAC,2.5759,118.49,2023-08-26,2025-07-08,PricingFeedB,2025-03-30
PRC0003522,61137801874,Contract Rate,21.824,1505.86,2023-12-27,2025-04-28,PricingFeedB,2026-02-27
PRC0003523,59002120957,WAC,6.9051,352.16,2024-06-25,2026-02-12,PricingFeedA,2026-05-07
PRC0003524,52258384311,Contract Rate,1.8158,49.03,2025-12-26,2027-02-27,PricingFeedB,2026-08-05
PRC0003525,94487791738,AWP,4.8156,105.94,2024-03-15,2025-01-24,PricingFeedB,2026-06-03
PRC0003526,27517427451,WAC,8.0238,521.55,2026-04-19,2027-09-09,PricingFeedB,2026-03-19
PRC0003527,81681687310,AWP,2.6714,237.75,2025-11-16,2027-04-20,PricingFeedB,2025-06-12
PRC0003528,29696691682,Contract Rate,1.014,97.34,2023-09-28,2024-11-13,PricingFeedA,2025-11-12
PRC0003529,61102807993,WAC,5.4313,277.0,2026-04-24,2027-04-17,PricingFeedA,2025-07-13
PRC0003530,78632194752,WAC,7.0385,633.47,2023-06-26,2025-05-28,PricingFeedA,2025-07-26
PRC0003531,87647246210,AWP,3.9685,47.62,2023-10-23,2024-03-15,PricingFeedB,2025-01-07
PRC0003532,37085218953,MAC,119.0059,9163.45,2024-12-14,2026-07-31,PricingFeedB,2026-07-27
PRC0003533,92373928763,AWP,60.2673,4580.31,2025-06-12,2026-06-15,PricingFeedB,2026-06-06
PRC0003534,15585457750,AWP,10.064,996.34,2023-03-11,2024-09-04,PricingFeedB,2025-08-15
PRC0003535,18077751316,MAC,22.2961,1382.36,2025-05-05,2025-12-21,PricingFeedA,2026-01-14
PRC0003536,92131319328,WAC,11.6373,989.17,2024-01-30,2025-04-20,PricingFeedB,2025-07-13
PRC0003537,46911488159,AWP,2.4732,79.14,2024-05-21,2025-05-12,PricingFeedB,2026-07-10
PRC0003538,55406762387,MAC,2.6639,45.29,2025-02-12,2026-10-03,PricingFeedB,2025-03-08
PRC0003539,63764194169,Contract Rate,7.5432,377.16,2026-03-19,2027-09-17,PricingFeedB,2026-06-27
PRC0003540,47734931755,Contract Rate,8.0208,553.44,2023-07-12,2025-02-25,PricingFeedA,2025-05-14
PRC0003541,89013673320,MAC,20.3094,1076.4,2025-09-24,2025-12-27,PricingFeedB,2025-02-16
PRC0003542,47040255743,AWP,9.1854,293.93,2024-10-07,2025-03-26,PricingFeedA,2025-07-26
PRC0003543,74966631014,AWP,47.9274,1629.53,2023-05-21,2024-07-30,PricingFeedA,2025-03-06
PRC0003544,69710507219,Contract Rate,8.0355,401.78,2024-04-28,2024-12-25,PricingFeedB,2025-11-07
PRC0003545,89572512973,Contract Rate,23.4939,1738.55,2024-08-12,2026-03-06,PricingFeedB,2026-03-10
PRC0003546,92139958992,Contract Rate,23.5296,2047.08,2024-08-21,2025-04-29,PricingFeedA,2026-04-11
PRC0003547,70400541549,NADAC,2.2698,49.94,2024-12-31,2025-11-10,PricingFeedB,2026-07-13
PRC0003548,53008248547,Contract Rate,11.6202,743.69,2024-11-19,2026-10-19,PricingFeedA,2025-05-30
PRC0003549,87302828518,AWP,1.8919,128.65,2025-01-22,2025-05-09,PricingFeedA,2025-10-23
PRC0003550,22366963895,MAC,34.0873,3204.21,2023-11-25,2024-09-15,PricingFeedA,2026-04-08
PRC0003551,80550996369,MAC,5.4082,146.02,2025-08-04,2027-03-29,PricingFeedA,2026-08-08
PRC0003552,31107191665,Contract Rate,6.0294,192.94,2024-03-27,2025-02-18,PricingFeedA,2026-07-22
PRC0003553,28631979336,MAC,16.2222,421.78,2023-12-22,2025-10-19,PricingFeedB,2025-03-09
PRC0003554,97074469738,NADAC,4.7905,455.1,2023-10-23,2024-12-24,PricingFeedB,2025-04-24
PRC0003555,25964239840,AWP,22.9519,642.65,2025-09-29,2027-02-05,PricingFeedA,2026-08-10
PRC0003556,67115974246,Contract Rate,5.3508,374.56,2025-03-29,2026-10-23,PricingFeedB,2025-12-18
PRC0003557,40427686976,Contract Rate,6.2998,163.79,2026-01-11,2027-12-18,PricingFeedA,2026-06-10
PRC0003558,63011707032,WAC,10.0865,998.56,2023-05-15,2024-06-30,PricingFeedB,2026-05-26
PRC0003559,13954840715,WAC,6.9057,227.89,2025-07-22,2026-01-13,PricingFeedB,2025-05-08
PRC0003560,99309147368,Contract Rate,10.5128,473.08,2026-05-10,2026-11-12,PricingFeedA,2025-02-23
PRC0003561,49110425221,NADAC,15.639,1235.48,2026-04-02,2028-03-19,PricingFeedB,2025-09-14
PRC0003562,26884937862,NADAC,5.7806,98.27,2024-11-25,2025-04-15,PricingFeedB,2026-02-06
PRC0003563,32792508824,Contract Rate,10.0117,961.12,2024-10-18,2026-02-17,PricingFeedB,2025-10-16
PRC0003564,38299381624,MAC,8.8047,748.4,2026-03-13,2027-03-02,PricingFeedA,2026-07-24
PRC0003565,29696691682,WAC,6.4716,304.17,2025-08-19,2026-11-02,PricingFeedA,2026-02-21
PRC0003566,96688385328,NADAC,14.5797,772.72,2024-05-31,2024-12-09,PricingFeedA,2026-05-19
PRC0003567,10731878875,WAC,50.459,2876.16,2023-01-13,2024-04-10,PricingFeedB,2025-05-17
PRC0003568,78677417938,NADAC,7.7676,116.51,2023-09-27,2025-05-02,PricingFeedB,2025-12-31
PRC0003569,47734931755,Contract Rate,6.7239,551.36,2026-03-30,2026-12-30,PricingFeedB,2025-10-30
PRC0003570,31265213479,MAC,14.1569,806.94,2023-07-05,2024-07-15,PricingFeedA,2025-04-03
PRC0003571,67413273786,Contract Rate,6.3166,164.23,2024-08-05,2025-11-10,PricingFeedB,2026-06-14
PRC0003572,98697873751,MAC,5.5524,444.19,2026-03-06,2027-12-27,PricingFeedA,2025-04-22
PRC0003573,98697873751,MAC,9.9016,584.19,2023-04-29,2024-08-09,PricingFeedA,2026-02-12
PRC0003574,98610652597,MAC,6.0757,315.94,2025-11-25,2027-07-18,PricingFeedB,2026-06-14
PRC0003575,19771699369,Contract Rate,46.1385,830.49,2025-04-23,2026-06-20,PricingFeedB,2025-11-15
PRC0003576,37986793471,Contract Rate,7.1455,378.71,2023-01-23,2023-07-16,PricingFeedB,2025-03-16
PRC0003577,93026770242,NADAC,33.167,364.84,2023-02-18,2023-05-27,PricingFeedB,2025-09-12
PRC0003578,63430500679,AWP,3.6684,102.72,2025-10-29,2026-11-04,PricingFeedA,2026-04-08
PRC0003579,48967225613,WAC,36.3982,764.36,2026-01-13,2026-09-02,PricingFeedA,2025-07-08
PRC0003580,15897986050,WAC,18.3547,1339.89,2026-05-14,2028-03-18,PricingFeedA,2026-08-08
PRC0003581,54893863057,AWP,21.3766,1731.5,2025-03-08,2026-10-09,PricingFeedA,2025-11-02
PRC0003582,20166640636,NADAC,8.5546,367.85,2024-06-16,2026-04-15,PricingFeedA,2025-06-03
PRC0003583,82100899412,AWP,23.4973,775.41,2023-07-07,2023-12-30,PricingFeedA,2025-08-21
PRC0003584,93234720318,NADAC,6.1277,245.11,2024-12-16,2025-10-05,PricingFeedB,2025-01-14
PRC0003585,17204851877,Contract Rate,5.944,427.97,2025-10-17,2026-12-12,PricingFeedB,2026-04-28
PRC0003586,98272669316,AWP,9.326,904.62,2025-02-03,2025-08-24,PricingFeedA,2025-12-08
PRC0003587,48239826657,AWP,5.238,481.9,2026-02-06,2027-07-29,PricingFeedB,2025-04-05
PRC0003588,30516747666,AWP,22.8575,1211.45,2023-04-05,2023-08-26,PricingFeedB,2025-05-30
PRC0003589,73921220685,MAC,20.7628,1328.82,2023-09-24,2025-05-05,PricingFeedB,2026-08-09
PRC0003590,96012885450,Contract Rate,5.2421,204.44,2025-10-23,2027-05-25,PricingFeedA,2025-12-19
PRC0003591,90122185551,WAC,12.1823,816.21,2025-05-08,2026-08-21,PricingFeedB,2025-11-04
PRC0003592,22581320920,WAC,4.0293,96.7,2025-08-03,2027-05-16,PricingFeedA,2025-03-23
PRC0003593,26801997786,MAC,11.7708,1059.37,2023-01-18,2023-05-22,PricingFeedB,2026-02-04
PRC0003594,14030276734,Contract Rate,2.464,182.34,2025-02-21,2026-11-19,PricingFeedB,2025-04-12
PRC0003595,48051460965,NADAC,2.5034,132.68,2025-12-28,2026-06-23,PricingFeedB,2026-07-27
PRC0003596,96257168998,AWP,31.3095,782.74,2026-01-05,2027-09-15,PricingFeedB,2025-08-22
PRC0003597,36201328832,MAC,1.9557,172.1,2023-07-31,2024-03-01,PricingFeedA,2026-04-20
PRC0003598,70483244548,NADAC,8.6305,794.01,2026-02-16,2027-01-05,PricingFeedB,2026-07-22
PRC0003599,14546502462,Contract Rate,3.7973,151.89,2024-11-16,2025-09-14,PricingFeedB,2026-03-21
PRC0003600,25717847814,WAC,6.5563,609.74,2023-08-05,2025-02-03,PricingFeedB,2026-04-04
PRC0003601,74291518137,Contract Rate,0.486,25.27,2023-08-13,2025-07-16,PricingFeedB,2025-03-28
PRC0003602,27388983519,NADAC,1.2383,33.43,2023-01-29,2023-09-27,PricingFeedB,2025-10-28
PRC0003603,55577596931,WAC,5.9796,520.23,2026-04-18,2027-08-19,PricingFeedA,2026-07-10
PRC0003604,66961165235,NADAC,12.7023,406.47,2025-09-16,2026-06-03,PricingFeedB,2025-04-24
PRC0003605,14904163164,AWP,9.288,325.08,2025-06-17,2027-05-11,PricingFeedB,2025-07-22
PRC0003606,42368965233,NADAC,8.0074,400.37,2024-06-26,2026-05-31,PricingFeedA,2026-03-16
PRC0003607,18139712589,Contract Rate,1.5362,56.84,2024-04-20,2026-02-27,PricingFeedA,2026-05-05
PRC0003608,60247897621,MAC,3.2102,64.2,2023-04-20,2024-10-26,PricingFeedB,2025-11-27
PRC0003609,38299381624,WAC,6.5378,411.88,2023-11-03,2025-06-16,PricingFeedA,2026-08-07
PRC0003610,12391577414,Contract Rate,1.3658,20.49,2026-04-13,2027-04-20,PricingFeedA,2026-06-07
PRC0003611,22581320920,Contract Rate,3.8663,146.92,2024-06-08,2026-03-09,PricingFeedB,2025-12-19
PRC0003612,72171503347,MAC,10.1071,535.68,2024-12-23,2026-07-10,PricingFeedB,2026-05-11
PRC0003613,93234720318,NADAC,5.9703,286.57,2024-11-23,2026-01-10,PricingFeedB,2026-07-23
PRC0003614,76910235985,MAC,1.2948,119.12,2023-05-26,2023-12-28,PricingFeedA,2025-04-23
PRC0003615,86257868539,NADAC,8.6247,750.35,2024-02-12,2024-09-08,PricingFeedA,2026-07-04
PRC0003616,17266624267,WAC,6.939,159.6,2026-03-31,2028-02-23,PricingFeedA,2026-04-19
PRC0003617,92832990195,WAC,4.8883,205.31,2023-12-30,2024-04-04,PricingFeedA,2025-04-23
PRC0003618,49834139728,Contract Rate,2.3587,23.59,2023-05-27,2024-10-10,PricingFeedA,2025-07-10
PRC0003619,39238700621,MAC,1.0633,11.7,2023-08-17,2024-12-14,PricingFeedA,2025-02-05
PRC0003620,26665254060,WAC,7.8136,664.16,2025-08-27,2027-05-19,PricingFeedB,2025-12-27
PRC0003621,82100899412,MAC,12.2202,867.63,2024-11-17,2025-06-04,PricingFeedA,2026-01-18
PRC0003622,98921439381,WAC,30.7613,2737.76,2023-04-02,2023-08-20,PricingFeedB,2025-06-28
PRC0003623,98953435785,AWP,4.7874,157.98,2023-10-31,2025-06-03,PricingFeedB,2026-04-16
PRC0003624,13889195769,NADAC,14.9856,359.65,2025-12-17,2027-05-02,PricingFeedB,2026-06-07
PRC0003625,43111470329,NADAC,16.4141,1214.64,2024-02-06,2024-07-22,PricingFeedA,2025-07-25
PRC0003626,26670320788,WAC,4.2807,402.39,2024-09-11,2025-06-18,PricingFeedB,2025-10-19
PRC0003627,67413273786,AWP,53.1374,4676.09,2023-05-14,2024-02-18,PricingFeedB,2025-05-19
PRC0003628,90728447630,WAC,29.4638,1679.44,2025-10-07,2026-07-16,PricingFeedA,2025-07-27
PRC0003629,10405956455,MAC,3.888,369.36,2024-07-18,2026-02-07,PricingFeedA,2025-03-23
PRC0003630,80033254784,Contract Rate,12.7486,611.93,2025-11-01,2026-02-02,PricingFeedA,2025-10-13
PRC0003631,13685557379,Contract Rate,3.9534,245.11,2024-08-30,2024-12-29,PricingFeedB,2025-10-11
PRC0003632,82097839974,MAC,3.027,157.4,2023-08-09,2024-01-24,PricingFeedB,2025-01-16
PRC0003633,46826465747,NADAC,19.383,891.62,2026-03-18,2027-11-21,PricingFeedA,2025-06-03
PRC0003634,24616800293,MAC,5.6438,378.13,2024-04-25,2025-06-06,PricingFeedB,2025-03-15
PRC0003635,26262248157,AWP,5.4823,104.16,2024-12-11,2025-04-04,PricingFeedA,2025-12-01
PRC0003636,92608453526,MAC,4.9798,174.29,2023-07-14,2025-06-11,PricingFeedA,2026-02-14
PRC0003637,18032796468,AWP,4.7745,176.66,2023-08-04,2024-04-17,PricingFeedA,2026-04-18
PRC0003638,57576578668,AWP,7.2517,159.54,2024-01-31,2025-10-12,PricingFeedA,2026-03-17
PRC0003639,35516352970,MAC,8.9687,717.5,2025-11-03,2027-07-10,PricingFeedB,2025-02-15
PRC0003640,96959249363,MAC,10.9618,153.47,2024-06-14,2024-10-17,PricingFeedB,2025-04-17
PRC0003641,96515232917,MAC,2.3505,23.5,2025-03-26,2025-10-10,PricingFeedB,2025-05-14
PRC0003642,29312348846,MAC,2.6897,180.21,2025-08-05,2027-03-31,PricingFeedA,2025-07-03
PRC0003643,14041368848,Contract Rate,18.4937,462.34,2025-03-06,2026-02-23,PricingFeedB,2025-07-07
PRC0003644,31107191665,NADAC,4.6457,222.99,2024-04-17,2025-11-01,PricingFeedA,2025-07-28
PRC0003645,62995547857,MAC,51.7732,2278.02,2024-12-21,2026-08-18,PricingFeedB,2025-12-23
PRC0003646,29696691682,UNKNOWN_METHOD,-5.0441,-176.54,2023-02-12,2024-11-21,PricingFeedA,2026-04-08
PRC0003647,35251160755,Contract Rate,4.3961,325.31,2023-10-03,2024-09-23,PricingFeedA,2025-06-11
PRC0003648,94144432921,MAC,6.9985,76.98,2024-11-19,2026-08-09,PricingFeedA,2025-07-12
PRC0003649,11590371650,NADAC,3.9351,362.03,2023-01-05,2024-10-18,PricingFeedA,2025-01-24
PRC0003650,36069903176,WAC,5.8202,436.51,2025-09-01,2026-03-27,PricingFeedA,2025-02-06
PRC0003651,81712516630,NADAC,39.8241,3385.05,2025-03-18,2026-06-13,PricingFeedA,2026-05-14
PRC0003652,18077751316,Contract Rate,3.4435,137.74,2025-01-17,2026-03-04,PricingFeedB,2026-03-10
PRC0003653,51465880016,Contract Rate,20.0294,240.35,2024-07-23,2026-05-31,PricingFeedB,2026-08-11
PRC0003654,92131319328,NADAC,15.8745,920.72,2024-04-30,2025-09-24,PricingFeedA,2026-07-26
PRC0003655,77096329537,AWP,3.9755,206.73,2023-04-07,2025-01-03,PricingFeedA,2026-04-23
PRC0003656,35257352788,Contract Rate,2.6698,112.13,2023-02-12,2024-09-29,PricingFeedB,2025-05-07
PRC0003657,92965682838,NADAC,12.8764,785.46,2024-12-26,2025-09-12,PricingFeedA,2026-01-09
PRC0003658,48967225613,WAC,18.5951,780.99,2025-03-25,2025-09-16,PricingFeedB,2026-06-12
PRC0003659,26948834812,AWP,1.7434,94.14,2025-05-13,2027-04-27,PricingFeedB,2025-11-25
PRC0003660,89111529797,MAC,14.044,575.8,2024-12-06,2025-03-11,PricingFeedA,2025-06-05
PRC0003661,75405190344,AWP,3.2482,246.86,2023-07-01,2024-10-14,PricingFeedB,2026-03-14
PRC0003662,76744433751,MAC,27.2879,1282.53,2024-04-20,2025-04-22,PricingFeedA,2026-04-24
PRC0003663,43111470329,WAC,2.782,33.38,2024-06-15,2025-01-21,PricingFeedA,2026-03-24
PRC0003664,70221820796,WAC,52.7598,1952.11,2024-09-10,2025-04-14,PricingFeedA,2026-08-02
PRC0003665,99511771384,NADAC,8.4847,347.87,2026-05-30,2027-08-19,PricingFeedA,2026-05-24
PRC0003666,93322571389,MAC,8.164,277.58,2023-10-23,2024-02-24,PricingFeedB,2026-05-17
PRC0003667,98697873751,WAC,20.8577,688.3,2026-03-03,2026-12-29,PricingFeedA,2025-04-09
PRC0003668,17266624267,AWP,4.6082,262.67,2025-10-21,2026-11-13,PricingFeedB,2026-04-29
PRC0003669,61137801874,Contract Rate,8.0378,482.27,2025-06-20,2026-03-23,PricingFeedB,2025-09-20
PRC0003670,22438118591,MAC,3.747,359.71,2025-08-24,2026-06-17,PricingFeedA,2026-05-05
PRC0003671,64532981981,NADAC,5.1459,267.59,2023-08-04,2023-12-26,PricingFeedA,2025-06-23
PRC0003672,12131959374,WAC,1.8407,149.1,2024-10-18,2025-02-27,PricingFeedA,2025-02-12
PRC0003673,19150183984,WAC,5.4549,469.12,2025-11-17,2026-05-20,PricingFeedB,2025-09-09
PRC0003674,56758128355,AWP,9.1108,719.75,2024-11-22,2026-09-26,PricingFeedB,2026-04-03
PRC0003675,15501225748,MAC,12.9175,994.65,2024-01-20,2024-07-16,PricingFeedB,2026-04-02
PRC0003676,21882365240,AWP,36.8139,3166.0,2024-10-18,2026-07-04,PricingFeedB,2025-04-11
PRC0003677,76439803058,NADAC,2.8104,160.19,2023-02-14,2023-06-29,PricingFeedB,2025-02-23
PRC0003678,25245820746,AWP,1.9866,164.89,2024-02-29,2025-12-22,PricingFeedB,2026-08-12
PRC0003679,22951612888,NADAC,4.9535,213.0,2025-03-03,2026-07-30,PricingFeedA,2026-02-16
PRC0003680,40427686976,WAC,21.0079,336.13,2025-09-15,2026-03-11,PricingFeedA,2026-03-06
PRC0003681,40085120419,MAC,1.798,21.58,2023-03-22,2024-08-13,PricingFeedA,2025-01-17
PRC0003682,22620625618,WAC,43.5433,2786.77,2025-04-10,2026-08-20,PricingFeedB,2025-08-22
PRC0003683,85864453239,Contract Rate,3.9586,269.18,2023-05-08,2024-02-08,PricingFeedA,2026-05-16
PRC0003684,45865729198,NADAC,9.506,294.69,2023-02-20,2024-08-18,PricingFeedB,2025-02-15
PRC0003685,65593261567,Contract Rate,29.4804,1975.19,2025-09-07,2026-09-04,PricingFeedA,2025-03-19
PRC0003686,67259185565,MAC,6.9288,533.52,2025-05-10,2025-10-18,PricingFeedA,2026-04-12
PRC0003687,43701205518,NADAC,5.7619,236.24,2025-03-11,2026-08-14,PricingFeedA,2026-07-22
PRC0003688,31620645567,WAC,27.6503,2322.63,2025-04-23,2025-10-15,PricingFeedB,2026-02-06
PRC0003689,45750813449,NADAC,44.9838,854.69,2025-07-06,2026-01-15,PricingFeedA,2025-06-07
PRC0003690,39238700621,Contract Rate,2.6511,204.13,2025-03-19,2026-01-22,PricingFeedA,2026-01-08
PRC0003691,14420419723,WAC,8.2932,613.7,2025-09-03,2027-02-01,PricingFeedB,2025-08-15
PRC0003692,98558768029,NADAC,21.0539,1663.26,2025-11-30,2027-07-31,PricingFeedB,2025-06-12
PRC0003693,36527120523,AWP,6.334,513.05,2023-04-10,2023-08-18,PricingFeedB,2025-06-15
PRC0003694,73978849161,Contract Rate,2.7997,249.17,2023-01-23,2024-07-31,PricingFeedB,2025-06-20
PRC0003695,66292157738,MAC,10.9767,944.0,2025-02-14,2027-01-26,PricingFeedA,2026-01-17
PRC0003696,59990586381,NADAC,51.5951,1341.47,2025-11-19,2026-06-27,PricingFeedA,2025-09-04
PRC0003697,49498489686,WAC,11.1839,201.31,2026-02-03,2026-05-23,PricingFeedA,2025-11-29
PRC0003698,79715188913,MAC,16.6932,267.09,2024-01-14,2025-04-27,PricingFeedB,2026-05-02
PRC0003699,89013673320,Contract Rate,25.1431,1986.3,2026-02-10,2026-09-12,PricingFeedB,2025-12-28
PRC0003700,84047590849,NADAC,35.182,1442.46,2024-07-01,2025-10-25,PricingFeedB,2025-07-29
PRC0003701,81569427757,AWP,2.532,184.84,2024-12-20,2026-01-15,PricingFeedA,2025-05-24
PRC0003702,98697873751,MAC,13.0943,314.26,2025-07-02,2026-05-22,PricingFeedA,2026-02-09
PRC0003703,92375297554,AWP,15.9088,1161.34,2024-06-01,2025-01-12,PricingFeedA,2025-02-23
PRC0003704,94254883996,Contract Rate,14.002,658.09,2024-10-07,2025-04-01,PricingFeedB,2025-10-13
PRC0003705,35021253272,MAC,30.1927,634.05,2025-06-09,2025-12-18,PricingFeedA,2025-11-23
PRC0003706,98323115551,MAC,6.5047,71.55,2023-03-14,2024-01-10,PricingFeedA,2026-06-19
PRC0003707,90409204356,MAC,1.5611,64.01,2024-12-29,2026-06-25,PricingFeedA,2026-07-30
PRC0003708,49994194179,WAC,12.9266,336.09,2024-08-11,2026-05-19,PricingFeedB,2025-07-11
PRC0003709,71609142040,MAC,9.0463,135.69,2024-07-22,2025-12-14,PricingFeedB,2025-09-01
PRC0003710,67086806285,MAC,8.3395,300.22,2024-07-09,2024-11-27,PricingFeedA,2025-08-10
PRC0003711,54348747469,NADAC,1.5284,122.27,2026-01-18,2026-10-28,PricingFeedB,2025-11-03
PRC0003712,18199892246,Contract Rate,14.7321,898.66,2023-12-09,2024-06-23,PricingFeedA,2025-06-22
PRC0003713,50593972260,MAC,15.0494,556.83,2025-01-29,2026-08-15,PricingFeedB,2026-02-11
PRC0003714,22951612888,MAC,1.5948,25.52,2023-01-07,2023-10-31,PricingFeedA,2025-11-13
PRC0003715,37928998179,AWP,2.1566,75.48,2023-01-01,2023-06-01,PricingFeedB,2026-07-01
PRC0003716,93139577848,WAC,13.6432,354.72,2025-08-05,2026-07-04,PricingFeedB,2025-06-01
PRC0003717,97378960743,MAC,,680.43,2023-12-24,2025-05-28,PricingFeedA,2025-05-17
PRC0003718,73812149827,MAC,3.101,65.12,2023-11-02,2025-05-18,PricingFeedA,2025-06-18
PRC0003719,77464349998,MAC,1.0528,81.07,2025-04-11,2025-11-14,PricingFeedA,2025-02-15
PRC0003720,56084952427,WAC,2.6517,66.29,2023-03-07,2023-08-03,PricingFeedA,2026-07-12
PRC0003721,73978849161,MAC,14.1001,888.31,2024-09-03,2026-04-24,PricingFeedA,2025-08-21
PRC0003722,17735727527,WAC,4.0886,134.92,2023-10-27,2025-03-04,PricingFeedB,2025-04-22
PRC0003723,59581445583,MAC,1.9648,139.5,2024-12-10,2025-09-29,PricingFeedA,2026-05-26
PRC0003724,14382432019,WAC,,185.18,2025-12-18,2027-06-04,PricingFeedA,2026-04-08
PRC0003725,64648918947,MAC,2.9178,169.23,2023-04-17,2023-07-23,PricingFeedA,2025-11-26
PRC0003726,79775467157,Contract Rate,12.1177,824.0,2025-03-31,2025-07-01,PricingFeedA,2026-01-16
PRC0003727,32305341731,MAC,12.8683,527.6,2025-05-06,2027-03-08,PricingFeedA,2025-11-25
PRC0003728,48239826657,NADAC,2.8544,151.28,2024-09-11,2025-07-22,PricingFeedB,2026-04-14
PRC0003729,81712516630,AWP,16.9021,405.65,2023-10-24,2024-04-30,PricingFeedB,2025-11-01
PRC0003730,35955476733,Contract Rate,8.5666,291.26,2023-01-24,2023-05-11,PricingFeedB,2026-02-09
PRC0003731,94250599448,MAC,2.9927,218.47,2025-06-02,2026-07-19,PricingFeedB,2025-02-19
PRC0003732,27306655329,AWP,2.7094,227.59,2023-08-21,2025-02-06,PricingFeedA,2025-11-23
PRC0003733,49300844372,Contract Rate,2.4874,89.55,2025-05-10,2027-04-26,PricingFeedB,2025-12-01
PRC0003734,99165884188,AWP,1.5509,24.81,2026-01-23,2026-09-16,PricingFeedB,2026-06-08
PRC0003735,81337865957,NADAC,9.2759,547.28,2024-08-22,2026-02-09,PricingFeedB,2026-04-24
PRC0003736,90653588422,NADAC,4.6229,161.8,2025-08-20,2026-10-06,PricingFeedB,2025-06-02
PRC0003737,84458290728,NADAC,13.2398,834.11,2025-06-17,2027-05-25,PricingFeedA,2025-03-14
PRC0003738,67413273786,WAC,2.9935,71.84,2023-03-10,2024-09-05,PricingFeedB,2026-03-16
PRC0003739,82391488851,MAC,8.3429,225.26,2024-11-16,2026-06-03,PricingFeedA,2025-02-20
PRC0003740,25964239840,MAC,9.274,435.88,2026-05-06,2027-02-23,PricingFeedA,2026-03-20
PRC0003741,40802338292,NADAC,33.9555,713.07,2023-01-01,2023-08-01,PricingFeedA,2025-06-23
PRC0003742,82097839974,AWP,3.3701,74.14,2025-07-12,2027-06-03,PricingFeedB,2025-03-13
PRC0003743,81673281655,WAC,9.3422,803.43,2026-04-01,2027-09-06,PricingFeedB,2025-11-16
PRC0003744,52558778061,AWP,3.1236,153.06,2025-12-20,2026-11-04,PricingFeedB,2025-02-21
PRC0003745,98361822465,NADAC,4.234,118.55,2025-09-24,2026-02-15,PricingFeedB,2026-02-05
PRC0003746,82822319745,WAC,9.2751,371.0,2025-07-08,2027-01-26,PricingFeedB,2025-10-22
PRC0003747,36099200846,AWP,7.3918,206.97,2025-09-26,2026-06-05,PricingFeedB,2025-09-01
PRC0003748,96443863653,AWP,19.203,1421.02,2023-08-14,2024-03-17,PricingFeedB,2025-12-10
PRC0003749,35021253272,MAC,13.0568,770.35,2023-01-20,2023-10-17,PricingFeedB,2025-10-15
PRC0003750,89013673320,AWP,6.4012,76.81,2025-01-30,2025-06-12,PricingFeedB,2025-12-24
PRC0003751,10394138129,MAC,4.3302,77.94,2024-12-24,2026-02-16,PricingFeedB,2025-08-02
PRC0003752,97815836329,Contract Rate,0.6894,59.98,2023-05-08,2024-09-21,PricingFeedB,2025-06-06
PRC0003753,82124250653,Contract Rate,3.1452,119.52,2025-11-28,2027-01-28,PricingFeedA,2025-03-06
PRC0003754,76216784973,NADAC,8.7555,253.91,2023-03-09,2024-08-23,PricingFeedA,2025-08-31
PRC0003755,51498372568,WAC,,555.58,2024-01-10,2024-05-06,PricingFeedB,2025-05-23
PRC0003756,68335772779,MAC,1.3979,64.3,2024-07-10,2026-06-24,PricingFeedA,2025-10-21
PRC0003757,84335217948,MAC,1.9561,76.29,2026-02-28,2027-11-09,PricingFeedB,2026-04-03
PRC0003758,80701649845,NADAC,24.874,845.72,2025-09-29,2027-06-06,PricingFeedB,2026-08-05
PRC0003759,81144656722,AWP,5.6282,545.94,2026-01-08,2027-07-09,PricingFeedB,2025-07-22
PRC0003760,43412851646,AWP,30.8845,586.81,2025-01-12,2026-02-01,PricingFeedB,2025-08-08
PRC0003761,28631979336,WAC,2.1027,50.46,2024-10-30,2025-10-14,PricingFeedA,2026-06-21
PRC0003762,28309735158,AWP,6.3182,88.45,2023-10-30,2025-09-23,PricingFeedA,2026-03-14
PRC0003763,24616800293,AWP,2.7062,211.08,2023-09-02,2024-06-04,PricingFeedA,2025-07-25
PRC0003764,28631979336,Contract Rate,19.2643,1810.84,2024-03-23,2025-12-28,PricingFeedB,2026-02-20
PRC0003765,66897831639,WAC,7.2063,208.98,2024-05-22,2026-02-23,PricingFeedB,2025-03-06
PRC0003766,62176247065,AWP,4.1374,144.81,2023-08-23,2025-05-20,PricingFeedB,2025-05-17
PRC0003767,31265213479,Contract Rate,3.15,69.3,2024-06-01,2025-03-17,PricingFeedA,2025-01-29
PRC0003768,76071831723,WAC,4.1476,398.17,2024-01-13,2025-04-30,PricingFeedB,2025-06-24
PRC0003769,63128504045,AWP,4.5317,326.28,2024-11-20,2025-12-05,PricingFeedB,2025-04-27
PRC0003770,33848103692,NADAC,31.7861,3115.04,2026-01-07,2027-09-13,PricingFeedA,2025-01-21
PRC0003771,64540939887,NADAC,17.3675,1215.72,2024-11-01,2025-07-26,PricingFeedB,2026-06-19
PRC0003772,84080407924,Contract Rate,23.539,988.64,2024-11-30,2025-11-15,PricingFeedA,2025-02-07
PRC0003773,15420255680,NADAC,15.4238,802.04,2023-04-15,2024-08-29,PricingFeedB,2025-04-17
PRC0003774,31923278318,NADAC,3.0903,194.69,2026-04-26,2026-12-21,PricingFeedB,2025-04-25
PRC0003775,74039272223,WAC,6.1079,317.61,2024-01-28,2024-09-20,PricingFeedA,2025-03-04
PRC0003776,97142643090,AWP,91.8046,2570.53,2024-05-11,2025-09-09,PricingFeedB,2025-12-17
PRC0003777,69398255036,MAC,0.6301,25.83,2024-11-15,2025-05-19,PricingFeedB,2025-04-01
PRC0003778,14041368848,MAC,33.9885,2583.13,2023-11-11,2025-06-14,PricingFeedA,2025-07-18
PRC0003779,37452117788,WAC,1.9672,180.98,2025-11-02,2027-09-20,PricingFeedB,2026-02-09
PRC0003780,76004568133,NADAC,0.962,57.72,2024-01-30,2025-04-14,PricingFeedA,2026-01-18
PRC0003781,28226964458,AWP,14.4547,1214.19,2025-01-15,2026-06-01,PricingFeedA,2025-03-05
PRC0003782,94254883996,AWP,14.6469,600.52,2024-03-08,2025-06-19,PricingFeedA,2025-11-20
PRC0003783,45869998291,Contract Rate,9.2745,797.61,2025-06-29,2026-09-07,PricingFeedB,2025-08-27
PRC0003784,88689159412,WAC,13.6936,520.36,2024-10-25,2025-04-08,PricingFeedA,2026-01-21
PRC0003785,64075701520,WAC,4.3439,178.1,2026-02-24,2026-06-21,PricingFeedB,2025-08-15
PRC0003786,29268903018,NADAC,14.2555,798.31,2023-08-11,2025-04-27,PricingFeedA,2026-04-15
PRC0003787,46449302181,WAC,4.48,264.32,2023-07-03,2023-10-22,PricingFeedA,2025-10-19
PRC0003788,81866879412,WAC,3.2687,124.21,2023-05-11,2024-01-08,PricingFeedB,2025-01-08
PRC0003789,52550652494,AWP,4.5603,451.47,2025-07-06,2025-11-30,PricingFeedB,2026-04-03
PRC0003790,74966631014,NADAC,9.3901,676.09,2025-10-25,2027-08-29,PricingFeedB,2025-09-11
PRC0003791,22522938085,MAC,8.1837,761.08,2023-09-13,2024-06-02,PricingFeedA,2025-04-05
PRC0003792,13289945916,Contract Rate,12.3756,693.03,2026-05-27,2028-04-17,PricingFeedB,2026-06-11
PRC0003793,92790872997,Contract Rate,45.6689,4247.21,2025-11-19,2026-05-12,PricingFeedB,2026-06-07
PRC0003794,43111470329,MAC,5.5033,77.05,2025-11-17,2026-07-02,PricingFeedA,2026-07-03
PRC0003795,74794323539,MAC,16.63,382.49,2023-10-31,2025-01-04,PricingFeedA,2025-04-16
PRC0003796,27560233760,NADAC,1.6058,133.28,2024-11-25,2025-05-05,PricingFeedA,2025-09-24
PRC0003797,26059713727,WAC,9.2614,342.67,2024-08-09,2026-01-28,PricingFeedA,2025-07-21
PRC0003798,56758128355,WAC,4.5819,316.15,2024-04-15,2024-08-16,PricingFeedB,2025-12-20
PRC0003799,68485665817,MAC,5.6312,484.28,2023-01-03,2024-09-28,PricingFeedA,2025-06-25
PRC0003800,40504965642,AWP,8.9039,186.98,2024-02-18,2025-04-24,PricingFeedA,2026-03-25
PRC0003801,33202515562,Contract Rate,8.0563,749.24,2024-12-28,2025-10-20,PricingFeedA,2025-04-15
PRC0003802,94423237054,WAC,6.0962,493.79,2023-02-25,2024-11-23,PricingFeedB,2026-04-16
PRC0003803,32031366424,NADAC,0.7039,47.16,2025-11-21,2027-01-19,PricingFeedA,2026-01-04
PRC0003804,13710490352,Contract Rate,8.907,231.58,2025-06-30,2026-04-12,PricingFeedA,2025-07-13
PRC0003805,77783196614,AWP,3.8166,335.86,2024-11-28,2026-03-11,PricingFeedB,2025-01-21
PRC0003806,92690601150,Contract Rate,8.4916,713.29,2025-01-05,2026-08-26,PricingFeedA,2025-03-11
PRC0003807,37120476461,AWP,8.0655,669.44,2024-02-19,2025-09-29,PricingFeedB,2025-07-13
PRC0003808,54458104234,MAC,6.4896,571.08,2025-08-25,2027-06-17,PricingFeedA,2025-02-12
PRC0003809,77205261342,MAC,8.2545,371.45,2024-07-15,2026-03-30,PricingFeedB,2026-02-15
PRC0003810,87009353291,NADAC,7.5327,632.75,2025-12-23,2027-08-16,PricingFeedB,2025-11-14
PRC0003811,57089942274,NADAC,4.4264,318.7,2024-12-09,2026-04-21,PricingFeedB,2025-01-31
PRC0003812,92043205735,AWP,0.4053,32.02,2023-04-05,2023-07-11,PricingFeedA,2026-01-17
PRC0003813,76324394748,NADAC,32.3385,1261.2,2026-05-30,2027-12-25,PricingFeedA,2026-07-15
PRC0003814,91814375357,AWP,34.0087,2108.54,2026-05-31,2027-10-30,PricingFeedB,2025-04-27
PRC0003815,51098510786,Contract Rate,2.0998,197.38,2023-01-14,2023-08-20,PricingFeedB,2026-04-03
PRC0003816,92043205735,WAC,9.5371,171.67,2026-05-22,2028-02-27,PricingFeedB,2025-01-20
PRC0003817,91356729487,MAC,1.7454,17.45,2026-02-10,2027-11-16,PricingFeedB,2026-01-27
PRC0003818,59778965268,AWP,2.3485,108.03,2023-02-21,2024-10-23,PricingFeedA,2025-03-13
PRC0003819,13608623051,AWP,4.5908,78.04,2023-02-06,2024-11-11,PricingFeedA,2025-03-13
PRC0003820,18987102928,NADAC,0.8868,15.08,2024-06-21,2025-01-01,PricingFeedB,2025-09-13
PRC0003821,45869998291,WAC,0.7517,39.84,2025-08-15,2026-06-29,PricingFeedB,2025-04-12
PRC0003822,55504611813,MAC,7.0193,386.06,2026-02-22,2027-01-31,PricingFeedB,2026-06-20
PRC0003823,39238700621,Contract Rate,3.4907,310.67,2025-11-14,2027-02-03,PricingFeedB,2026-02-01
PRC0003824,95762624064,AWP,2.0898,173.45,2026-04-20,2026-08-22,PricingFeedB,2025-08-16
PRC0003825,45865729198,Contract Rate,17.0835,649.17,2025-05-01,2026-01-05,PricingFeedA,2026-02-22
PRC0003826,29308802360,NADAC,143.409,14054.08,2023-08-15,2024-10-31,PricingFeedA,2025-05-25
PRC0003827,74192691278,Contract Rate,6.6143,271.19,2026-02-14,2026-12-26,PricingFeedA,2025-06-26
PRC0003828,78677417938,WAC,49.3715,2122.97,2025-06-05,2026-09-15,PricingFeedA,2025-03-09
PRC0003829,68995759668,WAC,8.3384,667.07,2025-04-13,2026-06-01,PricingFeedA,2026-03-07
PRC0003830,18987102928,AWP,13.7199,1152.47,2025-08-11,2026-09-06,PricingFeedA,2025-07-27
PRC0003831,43701205518,WAC,13.9361,501.7,2026-03-23,2027-06-21,PricingFeedA,2025-04-14
PRC0003832,12871210416,Contract Rate,2.6203,110.05,2025-12-10,2027-05-15,PricingFeedB,2026-02-01
PRC0003833,44770351942,Contract Rate,2.4058,103.45,2025-12-26,2026-09-02,PricingFeedB,2026-04-28
PRC0003834,54293312163,NADAC,2.6676,56.02,2024-03-23,2026-02-02,PricingFeedB,2026-03-26
PRC0003835,62002626144,AWP,1.3563,131.56,2025-11-12,2027-07-04,PricingFeedB,2025-03-17
PRC0003836,44770351942,Contract Rate,13.2602,875.17,2023-02-02,2024-01-07,PricingFeedB,2026-04-10
PRC0003837,28309735158,WAC,18.1817,1709.08,2025-12-07,2027-06-04,PricingFeedA,2025-03-26
PRC0003838,78173474180,WAC,19.3815,1628.05,2023-08-09,2025-03-26,PricingFeedA,2025-07-21
PRC0003839,42994769258,NADAC,8.8402,335.93,2023-01-03,2023-11-28,PricingFeedA,2026-07-07
PRC0003840,96959249363,MAC,6.6341,424.58,2023-07-12,2025-04-08,PricingFeedB,2026-07-23
PRC0003841,69725978984,AWP,13.9339,822.1,2025-02-05,2025-09-30,PricingFeedB,2026-06-19
PRC0003842,64302947246,NADAC,13.3634,1028.98,2026-02-10,2027-05-29,PricingFeedB,2025-06-04
PRC0003843,86802579865,AWP,11.2956,395.35,2023-12-02,2025-07-28,PricingFeedB,2026-01-11
PRC0003844,66359510772,Contract Rate,1.3622,40.87,2024-03-05,2025-01-07,PricingFeedA,2026-02-24
PRC0003845,70221820796,WAC,13.4279,268.56,2025-12-09,2026-04-02,PricingFeedB,2026-02-09
PRC0003846,40895504647,MAC,2.327,88.43,2026-02-08,2026-09-29,PricingFeedB,2026-05-27
PRC0003847,68484176329,AWP,8.2252,814.29,2023-05-31,2024-12-06,PricingFeedA,2026-07-01
PRC0003848,12234647192,NADAC,17.9917,1205.44,2023-11-24,2024-04-11,PricingFeedB,2025-06-20
PRC0003849,51730490271,NADAC,2.3359,177.53,2023-05-23,2024-02-13,PricingFeedB,2026-03-02
PRC0003850,13622989050,Contract Rate,3.906,382.79,2026-01-29,2026-11-21,PricingFeedA,2025-03-12
PRC0003851,10207597398,Contract Rate,12.8272,602.88,2024-03-11,2026-01-04,PricingFeedB,2025-05-20
PRC0003852,41322801585,NADAC,27.516,1705.99,2024-01-15,2024-07-03,PricingFeedB,2026-03-02
PRC0003853,15426453054,Contract Rate,9.5974,815.78,2023-02-14,2024-07-24,PricingFeedB,2025-08-27
PRC0003854,56529194411,Contract Rate,3.5334,176.67,2023-08-19,2024-11-01,PricingFeedA,2026-02-26
PRC0003855,73548373375,NADAC,3.8197,278.84,2023-11-22,2024-08-17,PricingFeedB,2025-07-16
PRC0003856,71237921960,WAC,16.3777,1064.55,2023-10-20,2025-08-03,PricingFeedB,2025-01-03
PRC0003857,17493123839,AWP,14.9442,478.21,2024-12-29,2025-09-03,PricingFeedA,2025-02-19
PRC0003858,35516352970,MAC,22.2001,1509.61,2025-03-31,2026-11-02,PricingFeedB,2025-12-19
PRC0003859,97074469738,WAC,12.971,959.85,2024-07-19,2025-10-15,PricingFeedA,2025-12-03
PRC0003860,93026770242,WAC,5.8039,301.8,2025-11-29,2027-05-04,PricingFeedA,2025-02-11
PRC0003861,27990184869,Contract Rate,15.5649,1323.02,2025-01-16,2025-04-19,PricingFeedA,2025-07-15
PRC0003862,15420255680,Contract Rate,27.0485,1839.3,2026-05-02,2027-08-15,PricingFeedB,2025-04-19
PRC0003863,97074469738,MAC,11.0035,737.23,2023-04-28,2023-09-09,PricingFeedA,2025-03-12
PRC0003864,10772533217,MAC,1.1879,36.82,2025-01-16,2026-09-01,PricingFeedB,2025-11-22
PRC0003865,74039272223,MAC,34.5402,1968.79,2023-06-05,2024-02-02,PricingFeedA,2025-10-18
PRC0003866,91814375357,Contract Rate,6.1278,104.17,2026-02-10,2026-09-17,PricingFeedA,2026-04-12
PRC0003867,22743552549,WAC,10.3936,893.85,2024-06-06,2026-01-11,PricingFeedB,2026-04-15
PRC0003868,52155953617,Contract Rate,40.8622,2043.11,2024-07-11,2026-05-19,PricingFeedB,2025-01-10
PRC0003869,79715188913,MAC,9.7365,107.1,2025-11-18,2026-11-12,PricingFeedB,2025-10-03
PRC0003870,44605799615,NADAC,2.7345,98.44,2024-02-05,2024-06-13,PricingFeedA,2026-01-25
PRC0003871,18199892246,WAC,5.9603,339.74,2025-09-13,2027-02-09,PricingFeedA,2025-05-05
PRC0003872,84335217948,NADAC,8.8962,756.18,2023-10-24,2024-10-18,PricingFeedA,2025-04-25
PRC0003873,54145454630,AWP,20.0019,880.08,2024-01-01,2025-03-11,PricingFeedB,2025-07-26
PRC0003874,18083108393,WAC,20.0683,341.16,2023-08-12,2024-06-30,PricingFeedA,2026-06-05
PRC0003875,52258384311,AWP,26.2398,1443.19,2025-05-27,2027-02-20,PricingFeedB,2025-11-15
PRC0003876,99918121569,WAC,5.7826,185.04,2025-11-29,2027-02-11,PricingFeedB,2026-04-12
PRC0003877,32345951358,AWP,7.021,168.5,2024-05-08,2025-12-13,PricingFeedA,2025-03-12
PRC0003878,25871240147,WAC,3.2312,54.93,2025-11-21,2026-03-23,PricingFeedA,2025-01-20
PRC0003879,86677200466,Contract Rate,17.1445,1114.39,2024-06-15,2026-05-09,PricingFeedA,2025-03-08
PRC0003880,36285274953,Contract Rate,2.8715,238.33,2025-03-17,2025-11-12,PricingFeedA,2025-01-19
PRC0003881,97186359837,WAC,9.3644,159.19,2023-01-04,2024-07-05,PricingFeedB,2025-05-14
PRC0003882,34666508457,MAC,3.2367,55.02,2023-08-05,2025-03-02,PricingFeedB,2025-04-19
PRC0003883,24212233551,NADAC,3.2972,323.13,2024-01-20,2024-09-21,PricingFeedA,2026-06-21
PRC0003884,78211193483,AWP,5.735,74.56,2025-05-03,2027-01-19,PricingFeedB,2025-01-29
PRC0003885,38130142714,WAC,49.0455,539.5,2024-05-04,2025-05-12,PricingFeedB,2025-11-23
PRC0003886,20972530362,AWP,4.7522,308.89,2026-01-24,2027-10-04,PricingFeedB,2025-07-01
PRC0003887,59211433737,AWP,6.8236,95.53,2025-02-25,2026-05-21,PricingFeedB,2025-10-09
PRC0003888,90122185551,MAC,4.0603,89.33,2023-03-21,2024-06-09,PricingFeedB,2025-02-17
PRC0003889,98143533412,Contract Rate,4.4079,304.15,2023-08-13,2024-07-12,PricingFeedB,2026-01-30
PRC0003890,28226964458,Contract Rate,1.4405,135.41,2023-06-28,2024-04-13,PricingFeedB,2026-02-07
PRC0003891,40895504647,AWP,4.2143,269.72,2023-10-20,2025-05-29,PricingFeedA,2026-03-14
PRC0003892,37120476461,NADAC,27.0547,2624.31,2025-05-06,2027-01-25,PricingFeedB,2025-02-05
PRC0003893,90019313030,Contract Rate,11.1006,111.01,2025-04-27,2027-03-14,PricingFeedB,2026-03-05
PRC0003894,96959249363,Contract Rate,10.6218,711.66,2023-01-05,2023-06-22,PricingFeedB,2025-02-02
PRC0003895,14546502462,Contract Rate,-6.5944,-389.07,2024-10-03,2026-08-05,PricingFeedB,2026-06-11
PRC0003896,43392739451,NADAC,2.7099,140.91,2023-11-12,2024-12-08,PricingFeedA,2025-07-28
PRC0003897,71609142040,AWP,10.4075,405.89,2025-06-12,2026-09-28,PricingFeedB,2026-03-08
PRC0003898,80033254784,Contract Rate,28.4417,967.02,2025-06-11,2026-11-11,PricingFeedB,2025-12-20
PRC0003899,92690601150,AWP,11.0,550.0,2024-01-07,2025-07-22,PricingFeedA,2025-01-18
PRC0003900,80870713084,AWP,6.4036,621.15,2025-11-18,2026-03-14,PricingFeedB,2026-07-30
PRC0003901,27078116314,Contract Rate,23.4682,2018.27,2025-10-31,2027-10-09,PricingFeedB,2025-12-28
PRC0003902,33808260085,NADAC,23.9741,1846.01,2025-07-05,2027-03-08,PricingFeedA,2025-01-13
PRC0003903,79345667836,NADAC,2.7092,260.08,2023-02-14,2024-08-22,PricingFeedB,2025-02-14
PRC0003904,86802579865,Contract Rate,3.6307,61.72,2025-06-26,2027-04-28,PricingFeedA,2026-03-15
PRC0003905,60055684146,Contract Rate,6.575,295.88,2024-09-30,2025-12-25,PricingFeedB,2026-02-11
PRC0003906,98755861361,NADAC,1.9736,84.86,2025-10-11,2027-03-25,PricingFeedA,2025-02-05
PRC0003907,52800745415,NADAC,46.589,2003.33,2023-08-29,2025-01-20,PricingFeedB,2026-01-14
PRC0003908,62107980910,WAC,16.2432,942.11,2024-06-06,2025-05-15,PricingFeedB,2025-06-19
PRC0003909,96593890261,Contract Rate,11.6541,1013.91,2023-12-17,2025-07-20,PricingFeedB,2025-04-29
PRC0003910,98921439381,Contract Rate,15.2419,1371.77,2025-12-12,2026-08-13,PricingFeedB,2025-08-08
PRC0003911,93961156923,WAC,16.3445,1144.12,2023-05-18,2023-10-09,PricingFeedB,2026-03-27
PRC0003912,63039619641,NADAC,7.1886,251.6,2025-03-07,2026-01-14,PricingFeedB,2025-10-29
PRC0003913,69725978984,MAC,7.6878,84.57,2024-10-29,2026-01-12,PricingFeedB,2025-06-03
PRC0003914,67124608759,Contract Rate,2.9786,187.65,2026-04-25,2028-01-18,PricingFeedB,2025-02-27
PRC0003915,66359510772,AWP,9.8882,781.17,2025-04-20,2026-05-16,PricingFeedA,2025-01-11
PRC0003916,63011707032,NADAC,15.7092,628.37,2023-01-17,2024-11-07,PricingFeedA,2026-03-29
PRC0003917,83490963119,NADAC,1.8173,174.46,2025-09-18,2027-05-03,PricingFeedA,2025-06-13
PRC0003918,39903246537,MAC,5.1107,306.64,2024-07-10,2025-08-15,PricingFeedB,2026-01-09
PRC0003919,58378729732,WAC,5.1385,154.16,2024-03-31,2024-12-26,PricingFeedB,2025-10-25
PRC0003920,50593972260,AWP,4.0798,379.42,2025-07-06,2027-03-30,PricingFeedB,2026-06-26
PRC0003921,70444329131,MAC,9.4163,790.97,2024-07-08,2026-05-01,PricingFeedA,2026-05-02
PRC0003922,96424932254,AWP,14.3775,215.66,2024-03-27,2025-02-06,PricingFeedA,2026-08-03
PRC0003923,13954840715,WAC,15.1679,515.71,2025-10-08,2027-05-18,PricingFeedB,2025-03-28
PRC0003924,97242993023,NADAC,4.2896,416.09,2024-07-25,2025-08-20,PricingFeedA,2025-07-22
PRC0003925,95762624064,WAC,3.4597,231.8,2024-08-23,2026-07-25,PricingFeedB,2025-10-02
PRC0003926,65593261567,NADAC,4.7317,435.32,2023-03-08,2024-07-28,PricingFeedA,2025-06-30
PRC0003927,27078116314,Contract Rate,6.5455,608.73,2023-03-22,2024-07-12,PricingFeedB,2025-09-01
PRC0003928,28631979336,NADAC,7.788,724.28,2025-05-04,2025-12-17,PricingFeedB,2025-06-14
PRC0003929,40837522788,NADAC,18.5232,1667.09,2025-02-25,2026-09-13,PricingFeedA,2025-05-24
PRC0003930,47340976831,AWP,24.2775,1310.98,2023-03-18,2024-03-06,PricingFeedA,2025-10-13
PRC0003931,51465880016,MAC,8.1195,795.71,2023-09-20,2024-02-07,PricingFeedB,2025-04-13
PRC0003932,13254104910,MAC,12.5364,1002.91,2025-08-07,2026-10-02,PricingFeedA,2026-07-19
PRC0003933,98921439381,WAC,12.9976,415.92,2025-10-15,2026-10-15,PricingFeedB,2025-01-19
PRC0003934,47131206943,MAC,6.7465,580.2,2025-11-20,2026-10-20,PricingFeedB,2026-06-21
PRC0003935,97378960743,MAC,11.2492,528.71,2025-10-10,2026-02-11,PricingFeedA,2025-07-26
PRC0003936,69240639616,AWP,3.2335,77.6,2023-07-13,2025-01-29,PricingFeedA,2026-03-13
PRC0003937,65494134693,Contract Rate,34.1506,1741.68,2024-02-27,2025-09-05,PricingFeedB,2025-09-21
PRC0003938,86890799081,MAC,7.8096,328.0,2024-01-06,2025-02-07,PricingFeedA,2026-06-16
PRC0003939,63943747887,NADAC,5.3192,441.49,2024-08-15,2025-06-17,PricingFeedB,2025-12-22
PRC0003940,46826465747,AWP,13.1092,537.48,2024-09-20,2026-09-08,PricingFeedA,2026-07-19
PRC0003941,39077562796,MAC,11.1605,245.53,2026-02-09,2027-12-25,PricingFeedA,2025-11-28
PRC0003942,71138176370,NADAC,12.4192,968.7,2025-10-17,2027-06-06,PricingFeedB,2025-05-05
PRC0003943,90409204356,MAC,7.3749,346.62,2025-07-12,2026-02-13,PricingFeedA,2025-08-08
PRC0003944,91237315897,Contract Rate,4.3449,143.38,2024-09-29,2026-06-12,PricingFeedA,2025-05-13
PRC0003945,92375297554,WAC,11.3499,601.54,2024-09-19,2025-01-03,PricingFeedA,2026-03-25
PRC0003946,59581445583,NADAC,3.6498,273.74,2024-08-25,2025-03-29,PricingFeedB,2025-08-20
PRC0003947,52258384311,Contract Rate,11.9657,358.97,2025-07-17,2026-08-07,PricingFeedB,2025-01-30
PRC0003948,86876532778,NADAC,9.3078,363.0,2023-01-29,2024-12-08,PricingFeedB,2025-05-27
PRC0003949,47499455138,NADAC,0.9708,94.17,2024-05-19,2026-04-30,PricingFeedB,2026-03-12
PRC0003950,82718305778,NADAC,10.2556,964.03,2023-07-31,2024-09-18,PricingFeedB,2026-02-01
PRC0003951,43412851646,AWP,8.6088,439.05,2023-03-05,2024-12-16,PricingFeedB,2025-07-04
PRC0003952,51664216971,Contract Rate,29.8003,2533.03,2023-01-10,2024-01-07,PricingFeedB,2026-01-26
PRC0003953,26801997786,WAC,8.4682,609.71,2023-04-08,2024-10-21,PricingFeedA,2025-10-28
PRC0003954,26940396868,Contract Rate,50.506,4899.08,2026-01-29,2026-07-18,PricingFeedB,2025-02-22
PRC0003955,66607667644,AWP,6.9577,194.82,2024-07-05,2026-02-22,PricingFeedB,2025-09-17
PRC0003956,81276626479,MAC,13.0439,808.72,2025-10-04,2026-02-02,PricingFeedB,2026-02-08
PRC0003957,23007709819,NADAC,5.4838,93.22,2023-03-15,2024-02-24,PricingFeedB,2025-05-23
PRC0003958,38327505360,AWP,22.2898,2162.11,2024-09-05,2026-03-28,PricingFeedB,2026-04-15
PRC0003959,82124250653,Contract Rate,2.9773,163.75,2026-04-28,2027-10-27,PricingFeedB,2026-03-03
PRC0003960,19962310632,WAC,1.4583,23.33,2025-06-23,2026-04-27,PricingFeedA,2026-05-23
PRC0003961,47220155350,NADAC,22.5726,2144.4,2024-06-11,2026-01-14,PricingFeedB,2025-12-24
PRC0003962,52155953617,NADAC,61.0827,671.91,2025-01-07,2026-08-23,PricingFeedA,2026-01-29
PRC0003963,20166640636,WAC,9.7555,97.55,2024-01-31,2024-06-15,PricingFeedB,2026-06-06
PRC0003964,88410610673,WAC,2.3889,74.06,2024-03-12,2025-07-30,PricingFeedA,2026-03-08
PRC0003965,62579571575,WAC,28.0275,2746.7,2024-09-17,2025-12-28,PricingFeedB,2025-06-12
PRC0003966,32792508824,Contract Rate,5.3573,182.15,2025-01-31,2025-11-21,PricingFeedB,2025-03-28
PRC0003967,61137801874,AWP,22.9746,413.54,2025-11-03,2026-10-11,PricingFeedA,2026-05-08
PRC0003968,77633965520,Contract Rate,20.7578,1266.23,2025-05-27,2027-03-02,PricingFeedB,2025-07-02
PRC0003969,81808216148,NADAC,32.2672,1064.82,2026-01-31,2028-01-16,PricingFeedA,2025-02-08
PRC0003970,75031842748,AWP,24.3799,658.26,2023-03-03,2024-01-08,PricingFeedB,2026-03-21
PRC0003971,97763307131,WAC,19.5285,1327.94,2023-01-12,2023-12-25,PricingFeedA,2026-01-31
PRC0003972,92608453526,WAC,10.9552,646.36,2026-01-18,2027-12-26,PricingFeedB,2025-11-20
PRC0003973,55296874591,AWP,17.8551,1285.57,2023-03-08,2023-09-01,PricingFeedB,2026-03-11
PRC0003974,22620625618,Contract Rate,19.4694,292.04,2024-06-29,2025-08-05,PricingFeedA,2026-05-22
PRC0003975,84080407924,MAC,22.3407,1117.03,2024-03-28,2025-12-06,PricingFeedA,2025-03-09
PRC0003976,84335217948,NADAC,2.1028,25.23,2025-04-20,2026-01-02,PricingFeedA,2025-11-26
PRC0003977,44518564169,WAC,1.925,175.18,2024-10-27,2026-05-05,PricingFeedB,2025-03-16
PRC0003978,25717847814,AWP,55.6128,1724.0,2023-09-26,2024-07-31,PricingFeedA,2025-12-25
PRC0003979,51917506910,WAC,3.4361,326.43,2025-02-05,2025-10-16,PricingFeedA,2026-07-17
PRC0003980,20972530362,AWP,12.7549,1135.19,2024-11-17,2026-02-04,PricingFeedB,2025-01-11
PRC0003981,54800139458,WAC,3.6663,326.3,2025-06-18,2027-04-10,PricingFeedB,2026-03-19
PRC0003982,18466794989,NADAC,1.3133,61.73,2026-01-23,2027-07-25,PricingFeedA,2025-07-26
PRC0003983,57323670373,NADAC,3.2814,111.57,2023-07-14,2023-12-05,PricingFeedB,2026-01-25
PRC0003984,93733534314,MAC,3.0384,188.38,2025-06-11,2025-12-23,PricingFeedB,2025-02-24
PRC0003985,91233214850,MAC,5.8645,416.38,2025-11-02,2026-11-26,PricingFeedA,2026-06-05
PRC0003986,67543708985,WAC,2.8788,264.85,2023-01-14,2023-12-14,PricingFeedB,2026-08-06
PRC0003987,71263822745,MAC,20.3589,305.38,2024-04-21,2025-02-09,PricingFeedB,2025-05-10
PRC0003988,80152664967,WAC,30.2589,1997.09,2025-05-29,2027-04-12,PricingFeedB,2025-10-30
PRC0003989,42374213026,Contract Rate,7.128,591.62,2024-10-08,2026-03-22,PricingFeedB,2025-11-04
PRC0003990,44605799615,Contract Rate,4.8581,97.16,2023-08-26,2023-12-03,PricingFeedB,2025-08-07
PRC0003991,98611238535,WAC,7.1743,114.79,2023-02-21,2023-11-01,PricingFeedB,2025-11-09
PRC0003992,31559714166,MAC,19.4694,700.9,2025-02-11,2026-03-21,PricingFeedA,2026-08-11
PRC0003993,60036280484,Contract Rate,25.9702,2025.68,2025-10-25,2026-08-12,PricingFeedB,2026-03-24
PRC0003994,23819199572,NADAC,8.2267,715.72,2026-01-20,2026-10-14,PricingFeedB,2025-06-09
PRC0003995,31054839415,MAC,10.5275,389.52,2026-04-26,2028-02-14,PricingFeedA,2025-08-17
PRC0003996,52258384311,NADAC,10.2232,132.9,2026-01-22,2027-08-01,PricingFeedB,2025-12-14
PRC0003997,76744433751,WAC,17.9069,250.7,2024-04-18,2024-11-12,PricingFeedA,2025-07-29
PRC0003998,85922868666,WAC,6.0411,296.01,2024-11-09,2026-02-20,PricingFeedA,2025-02-13
PRC0003999,60844107060,Contract Rate,2.9375,235.0,2023-11-20,2024-08-28,PricingFeedB,2026-07-03
PRC0004000,44682779034,Contract Rate,6.2937,623.08,2024-08-11,2025-03-04,PricingFeedA,2026-07-30
PRC0004001,79539911319,MAC,13.0447,769.64,2023-02-22,2024-03-02,PricingFeedA,2025-03-18
PRC0004002,22593438668,MAC,2.0991,201.51,2023-10-23,2025-06-23,PricingFeedA,2025-10-24
PRC0004003,65882951085,MAC,6.0433,308.21,2025-09-17,2027-07-18,PricingFeedB,2025-09-19
PRC0004004,55375584876,NADAC,6.82,300.08,2025-07-19,2027-03-11,PricingFeedA,2026-07-31
PRC0004005,40802338292,MAC,4.5263,339.47,2026-01-29,2026-09-25,PricingFeedB,2026-07-18
PRC0004006,97358934626,MAC,9.6219,904.46,2025-08-19,2026-12-11,PricingFeedA,2026-02-25
PRC0004007,34027958339,MAC,4.9891,394.14,2023-11-11,2024-05-20,PricingFeedB,2026-06-06
PRC0004008,32345951358,MAC,12.5948,1171.32,2025-05-21,2026-09-22,PricingFeedA,2025-01-26
PRC0004009,96593890261,MAC,4.8679,102.23,2025-07-30,2026-07-27,PricingFeedA,2025-12-20
PRC0004010,21365601254,MAC,13.1328,1142.55,2023-05-28,2024-12-27,PricingFeedA,2026-03-28
PRC0004011,87088473643,NADAC,5.9895,185.67,2024-05-13,2025-12-22,PricingFeedA,2025-12-23
PRC0004012,18987102928,WAC,5.6339,338.03,2025-04-30,2026-08-18,PricingFeedB,2025-08-18
PRC0004013,79715188913,Contract Rate,19.9276,338.77,2023-11-21,2025-02-20,PricingFeedA,2025-11-21
PRC0004014,13254104910,MAC,16.3882,1065.23,2023-08-17,2025-02-11,PricingFeedB,2025-12-25
PRC0004015,37017591044,WAC,66.6356,4797.76,2023-06-24,2024-01-18,PricingFeedA,2025-08-18
PRC0004016,19270364213,MAC,3.1438,50.3,2024-12-24,2025-04-21,PricingFeedB,2025-08-09
PRC0004017,17254879141,MAC,16.7045,701.59,2023-07-13,2024-02-28,PricingFeedB,2025-11-05
PRC0004018,31107191665,NADAC,26.8179,858.17,2023-05-08,2025-03-10,PricingFeedB,2025-08-27
PRC0004019,57036754977,WAC,11.5937,799.97,2024-09-23,2026-07-20,PricingFeedA,2026-03-27
PRC0004020,93139577848,AWP,8.2881,638.18,2023-03-15,2024-01-20,PricingFeedA,2025-06-19
PRC0004021,73548373375,WAC,11.1983,414.34,2024-12-29,2026-08-08,PricingFeedA,2025-05-03
PRC0004022,13622989050,Contract Rate,5.8699,270.02,2025-07-08,2027-06-09,PricingFeedB,2025-03-10
PRC0004023,12664783645,MAC,3.778,351.35,2025-01-01,2025-09-16,PricingFeedA,2026-07-06
PRC0004024,37875800684,UNKNOWN_METHOD,4.42,331.5,2025-12-21,2026-07-14,PricingFeedA,2025-01-22
PRC0004025,64499984635,Contract Rate,12.093,725.58,2024-07-21,2025-01-29,PricingFeedB,2026-03-22
PRC0004026,45750813449,WAC,10.5157,1009.51,2026-04-12,2028-01-14,PricingFeedB,2025-11-26
PRC0004027,20096181552,Contract Rate,11.0437,408.62,2023-06-16,2023-09-20,PricingFeedA,2025-05-28
PRC0004028,14382432019,MAC,2.3976,172.63,2025-10-06,2026-06-01,PricingFeedA,2025-12-21
PRC0004029,92294919275,MAC,6.4505,154.81,2025-07-09,2027-03-18,PricingFeedA,2025-03-07
PRC0004030,13954840715,AWP,14.0368,519.36,2024-04-02,2025-01-26,PricingFeedB,2026-04-21
PRC0004031,69240639616,AWP,9.512,856.08,2024-10-27,2026-08-28,PricingFeedA,2025-07-09
PRC0004032,13254104910,WAC,2.4,192.0,2026-02-07,2026-11-01,PricingFeedB,2025-01-13
PRC0004033,19998557234,WAC,1.7277,152.04,2023-05-07,2024-11-18,PricingFeedB,2025-12-11
PRC0004034,18567714974,AWP,5.4329,412.9,2025-01-18,2026-09-02,PricingFeedA,2025-06-11
PRC0004035,70003467749,Contract Rate,3.3922,203.53,2025-05-10,2025-08-31,PricingFeedA,2025-12-06
PRC0004036,41577609162,MAC,1.2584,45.3,2025-03-09,2026-03-07,PricingFeedA,2025-03-04
PRC0004037,83261389024,AWP,5.4953,417.64,2023-03-21,2025-02-26,PricingFeedB,2026-05-08
PRC0004038,62842687164,Contract Rate,34.2152,2531.92,2025-11-16,2026-11-11,PricingFeedB,2026-07-28
PRC0004039,40604293652,NADAC,10.7218,536.09,2023-08-02,2024-08-19,PricingFeedB,2025-03-12
PRC0004040,32031366424,NADAC,15.1985,319.17,2025-07-13,2026-05-25,PricingFeedA,2025-04-05
PRC0004041,33745564480,WAC,4.6682,130.71,2025-12-11,2026-04-18,PricingFeedA,2025-12-09
PRC0004042,71012800477,NADAC,2.4873,154.21,2025-10-16,2027-05-27,PricingFeedA,2026-05-29
PRC0004043,81276626479,NADAC,7.7864,638.48,2023-06-26,2025-03-13,PricingFeedB,2025-10-07
PRC0004044,66359510772,WAC,-3.6992,-292.24,2025-04-26,2025-12-27,PricingFeedB,2025-06-19
PRC0004045,20166640636,Contract Rate,3.2137,212.1,2023-08-10,2024-09-26,PricingFeedB,2026-05-31
PRC0004046,23338670584,Contract Rate,123.6844,8286.85,2026-05-18,2027-10-07,PricingFeedA,2026-08-12
PRC0004047,12371232115,WAC,0.8365,60.23,2025-08-10,2026-12-29,PricingFeedB,2025-02-18
PRC0004048,11492597998,Contract Rate,7.5665,90.8,2024-04-26,2024-09-29,PricingFeedA,2026-02-03
PRC0004049,37570262831,AWP,3.8949,163.59,2026-02-05,2027-08-26,PricingFeedB,2025-04-09
PRC0004050,28216637671,WAC,3.3941,173.1,2025-05-19,2027-04-16,PricingFeedA,2025-02-02
PRC0004051,12082289297,AWP,5.8266,518.57,2023-05-05,2025-01-23,PricingFeedB,2025-03-05
PRC0004052,90653588422,WAC,40.4917,2267.54,2025-03-22,2026-09-22,PricingFeedA,2025-12-23
PRC0004053,17997612230,Contract Rate,36.328,363.28,2026-02-12,2027-07-03,PricingFeedA,2025-01-04
PRC0004054,40943424631,MAC,2.3494,223.19,2023-08-29,2024-04-24,PricingFeedA,2025-03-25
PRC0004055,66607667644,NADAC,9.4915,246.78,2026-01-30,2026-12-21,PricingFeedA,2025-04-04
PRC0004056,98037118876,AWP,31.0533,1180.03,2023-01-07,2024-04-08,PricingFeedA,2025-07-19
PRC0004057,92233526721,WAC,2.4394,102.45,2025-06-07,2026-03-08,PricingFeedB,2026-04-15
PRC0004058,28216637671,NADAC,4.9285,256.28,2025-05-29,2026-11-02,PricingFeedB,2026-03-05
PRC0004059,60856152434,AWP,6.0762,109.37,2025-12-31,2026-11-05,PricingFeedB,2025-11-05
PRC0004060,98076393354,WAC,16.2706,1187.75,2023-02-19,2023-08-25,PricingFeedA,2025-10-07
PRC0004061,40812726846,WAC,2.3794,28.55,2025-06-11,2026-08-02,PricingFeedA,2025-02-27
PRC0004062,66849248677,MAC,8.5217,792.52,2025-06-28,2026-07-24,PricingFeedA,2025-05-04
PRC0004063,39238700621,Contract Rate,13.4948,161.94,2025-05-23,2027-03-05,PricingFeedB,2026-04-26
PRC0004064,71263822745,MAC,0.6479,57.02,2023-02-25,2023-10-17,PricingFeedA,2025-09-19
PRC0004065,43111470329,Contract Rate,11.1708,201.07,2024-07-04,2025-10-23,PricingFeedB,2025-08-10
PRC0004066,68129441146,AWP,15.3574,998.23,2023-01-12,2023-04-18,PricingFeedB,2025-07-08
PRC0004067,70613545988,Contract Rate,26.9301,1642.74,2024-03-31,2025-12-07,PricingFeedB,2026-07-22
PRC0004068,49564701468,WAC,7.3334,388.67,2024-02-24,2025-12-17,PricingFeedA,2026-06-03
PRC0004069,31620645567,AWP,24.5789,2261.26,2024-11-08,2025-02-15,PricingFeedA,2026-07-28
PRC0004070,15501225748,WAC,11.2102,997.71,2023-01-26,2024-04-17,PricingFeedA,2025-04-14
PRC0004071,80701649845,NADAC,0.5152,23.7,2024-07-11,2026-03-03,PricingFeedB,2025-02-14
PRC0004072,38443858993,AWP,1.6185,153.76,2023-10-31,2025-02-09,PricingFeedB,2025-07-09
PRC0004073,68817261549,Contract Rate,15.5593,622.37,2023-09-09,2024-10-04,PricingFeedA,2025-03-13
PRC0004074,11713731824,WAC,8.5186,332.23,2025-12-16,2027-04-15,PricingFeedA,2025-06-17
PRC0004075,71492399930,Contract Rate,2.4622,162.51,2023-08-03,2024-07-20,PricingFeedA,2025-09-17
PRC0004076,97142643090,NADAC,3.3787,104.74,2025-05-18,2027-03-29,PricingFeedA,2025-04-14
PRC0004077,48104454958,MAC,15.9073,827.18,2024-03-10,2025-12-30,PricingFeedA,2025-10-07
PRC0004078,63764194169,NADAC,4.8887,381.32,2023-12-09,2025-02-10,PricingFeedB,2026-06-17
PRC0004079,45479462789,AWP,6.777,101.66,2025-10-30,2026-12-08,PricingFeedB,2025-08-01
PRC0004080,30333466448,MAC,30.2797,1907.62,2025-02-02,2025-07-04,PricingFeedB,2025-01-26
PRC0004081,96959249363,WAC,37.5096,712.68,2023-03-05,2024-12-22,PricingFeedA,2025-09-19
PRC0004082,30333466448,NADAC,5.5098,369.16,2024-10-10,2025-02-26,PricingFeedB,2026-03-24
PRC0004083,74192691278,Contract Rate,33.6063,1277.04,2023-05-26,2024-11-05,PricingFeedB,2026-03-01
PRC0004084,21365601254,AWP,8.2727,752.82,2023-01-30,2024-09-16,PricingFeedB,2025-09-02
PRC0004085,40972267118,AWP,9.0563,253.58,2025-03-01,2025-11-10,PricingFeedA,2025-01-14
PRC0004086,18554568464,WAC,2.8794,66.23,2023-11-17,2025-05-09,PricingFeedA,2025-01-05
PRC0004087,54054126339,NADAC,10.9775,1075.79,2024-09-24,2024-12-31,PricingFeedB,2025-01-14
PRC0004088,51792496033,AWP,18.8953,831.39,2024-01-18,2025-03-06,PricingFeedA,2026-05-02
PRC0004089,64532981981,WAC,1.1047,82.85,2023-05-21,2024-07-04,PricingFeedB,2026-05-29
PRC0004090,43701205518,Contract Rate,29.6528,1008.2,2025-06-13,2026-05-07,PricingFeedA,2025-04-03
PRC0004091,28309735158,AWP,3.619,304.0,2023-12-27,2024-05-27,PricingFeedB,2026-03-15
PRC0004092,20729975921,AWP,4.5246,49.77,2023-07-27,2025-06-17,PricingFeedA,2026-04-25
PRC0004093,87709126031,WAC,5.6657,436.26,2025-08-09,2027-01-01,PricingFeedA,2025-07-09
PRC0004094,98244356040,Contract Rate,2.2817,70.73,2024-08-07,2025-07-02,PricingFeedA,2025-09-03
PRC0004095,45469791921,NADAC,1.6296,34.22,2025-01-19,2026-09-29,PricingFeedB,2026-06-14
PRC0004096,66359510772,WAC,3.2797,55.75,2024-05-20,2024-11-07,PricingFeedB,2025-08-07
PRC0004097,31620645567,AWP,21.1005,1835.74,2023-11-27,2025-07-12,PricingFeedA,2026-03-12
PRC0004098,99282121398,NADAC,6.9622,243.68,2023-03-14,2024-05-27,PricingFeedA,2025-04-06
PRC0004099,30333466448,Contract Rate,31.8293,2291.71,2024-04-15,2024-10-17,PricingFeedA,2026-01-01
PRC0004100,50389239682,NADAC,3.1983,204.69,2025-02-16,2025-09-15,PricingFeedA,2025-10-12
PRC0004101,18501762876,AWP,2.057,84.34,2024-01-20,2024-06-22,PricingFeedA,2025-03-11
PRC0004102,20380451050,NADAC,1.392,79.34,2026-01-01,2026-11-21,PricingFeedB,2026-06-15
PRC0004103,95701180452,Contract Rate,8.2552,189.87,2025-11-18,2026-08-10,PricingFeedA,2026-01-17
PRC0004104,95759671235,MAC,7.3921,81.31,2025-04-16,2026-12-15,PricingFeedA,2025-01-23
PRC0004105,38112790984,MAC,18.4456,959.17,2025-11-04,2027-07-18,PricingFeedB,2025-06-21
PRC0004106,96257168998,MAC,5.7565,253.29,2023-08-05,2025-05-20,PricingFeedB,2026-01-21
PRC0004107,54705453523,NADAC,28.7597,460.16,2025-07-07,2026-08-05,PricingFeedB,2026-02-09
PRC0004108,32305341731,NADAC,8.2826,289.89,2025-06-06,2027-05-16,PricingFeedB,2025-11-16
PRC0004109,73825238231,Contract Rate,0.79,37.92,2024-01-02,2024-10-09,PricingFeedB,2025-09-12
PRC0004110,73179592267,WAC,15.4153,770.76,2023-09-01,2024-11-27,PricingFeedB,2025-08-18
PRC0004111,67413273786,MAC,7.5151,721.45,2023-08-14,2024-12-08,PricingFeedB,2025-11-15
PRC0004112,39455777027,Contract Rate,21.7368,1434.63,2025-01-05,2025-07-05,PricingFeedA,2026-03-10
PRC0004113,68673966287,Contract Rate,9.4311,462.12,2023-07-29,2025-03-05,PricingFeedB,2025-03-17
PRC0004114,22522938085,WAC,2.2284,155.99,2025-01-25,2026-01-09,PricingFeedA,2026-07-11
PRC0004115,14904163164,AWP,13.2902,983.47,2025-05-25,2026-12-05,PricingFeedB,2025-01-15
PRC0004116,55655209298,Contract Rate,9.6886,629.76,2024-06-20,2026-03-10,PricingFeedB,2025-01-04
PRC0004117,52558778061,Contract Rate,7.3433,528.72,2023-11-30,2024-06-02,PricingFeedA,2025-04-15
PRC0004118,38327505360,UNKNOWN_METHOD,12.9912,155.89,2024-09-29,2026-02-23,PricingFeedB,2026-03-25
PRC0004119,40802338292,WAC,5.1236,297.17,2025-08-12,2027-02-20,PricingFeedB,2025-12-26
PRC0004120,40427686976,NADAC,8.3813,100.58,2023-04-25,2024-07-12,PricingFeedB,2025-09-13
PRC0004121,48106658991,AWP,2.3281,167.62,2023-07-23,2024-08-10,PricingFeedB,2026-05-12
PRC0004122,98921439381,NADAC,13.928,988.89,2023-05-28,2024-09-07,PricingFeedB,2026-01-17
PRC0004123,46911488159,WAC,4.0277,289.99,2024-10-19,2026-01-03,PricingFeedB,2025-07-03
PRC0004124,39238700621,AWP,11.8444,959.4,2024-01-06,2024-12-21,PricingFeedA,2026-07-27
PRC0004125,11616709896,AWP,1.2865,25.73,2024-10-18,2025-11-10,PricingFeedA,2025-06-13
PRC0004126,75031842748,Contract Rate,7.6712,161.1,2025-08-01,2027-03-28,PricingFeedB,2026-01-23
PRC0004127,99603627774,WAC,5.2467,146.91,2025-11-30,2027-04-03,PricingFeedB,2025-03-04
PRC0004128,80571446571,MAC,2.204,116.81,2025-12-20,2027-09-06,PricingFeedB,2025-07-02
PRC0004129,51269588679,WAC,2.875,261.62,2024-05-15,2025-02-06,PricingFeedB,2025-04-03
PRC0004130,76582366385,MAC,5.407,502.85,2026-01-25,2026-05-24,PricingFeedB,2025-08-03
PRC0004131,31265213479,Contract Rate,11.6202,151.06,2023-07-30,2024-06-09,PricingFeedA,2026-05-31
PRC0004132,51098510786,MAC,3.3902,206.8,2024-02-25,2024-10-25,PricingFeedB,2025-03-08
PRC0004133,61425622844,AWP,14.5835,816.68,2025-06-18,2026-09-13,PricingFeedA,2026-06-24
PRC0004134,74039272223,AWP,10.0689,241.65,2023-08-04,2024-01-03,PricingFeedB,2025-03-04
PRC0004135,98909420651,Contract Rate,1.9357,160.66,2023-06-17,2024-02-06,PricingFeedB,2025-01-01
PRC0004136,74584984923,WAC,1.4027,39.28,2025-08-24,2026-02-17,PricingFeedA,2025-02-17
PRC0004137,22934703171,NADAC,14.1713,481.82,2023-07-05,2025-04-07,PricingFeedB,2025-10-01
PRC0004138,40802338292,Contract Rate,7.1342,342.44,2026-05-28,2026-09-12,PricingFeedA,2025-11-22
PRC0004139,28631979336,AWP,5.3149,515.55,2024-08-20,2026-02-24,PricingFeedB,2026-04-13
PRC0004140,86832223497,AWP,17.6875,300.69,2026-01-11,2027-01-17,PricingFeedB,2025-06-16
PRC0004141,48104454958,WAC,7.3761,81.14,2026-03-22,2026-10-27,PricingFeedB,2026-05-01
PRC0004142,40943424631,MAC,6.3005,504.04,2024-05-26,2026-01-19,PricingFeedA,2026-01-01
PRC0004143,98361822465,NADAC,1.5738,143.22,2025-06-09,2026-08-24,PricingFeedB,2026-05-22
PRC0004144,84031314513,WAC,5.6921,335.83,2023-06-16,2024-07-08,PricingFeedB,2025-01-31
PRC0004145,65464801075,AWP,35.8482,645.27,2024-05-21,2026-03-28,PricingFeedA,2025-08-28
PRC0004146,67086806285,Contract Rate,25.4212,1296.48,2023-03-04,2024-04-03,PricingFeedA,2026-04-03
PRC0004147,16987352560,MAC,13.8425,1273.51,2023-01-27,2023-07-17,PricingFeedA,2025-08-20
PRC0004148,51792496033,WAC,44.5431,1737.18,2023-12-02,2025-05-11,PricingFeedB,2026-03-13
PRC0004149,22287685065,NADAC,1.2053,119.32,2026-03-25,2026-07-29,PricingFeedA,2026-02-15
PRC0004150,86677200466,MAC,13.8251,1175.13,2025-03-21,2027-02-11,PricingFeedB,2025-11-12
PRC0004151,50593972260,Contract Rate,13.3937,1044.71,2026-01-14,2027-12-19,PricingFeedB,2026-07-23
PRC0004152,52855896229,AWP,6.1114,195.56,2024-06-12,2025-06-08,PricingFeedB,2026-08-03
PRC0004153,59772579378,Contract Rate,4.2601,404.71,2024-02-21,2025-10-11,PricingFeedB,2026-01-25
PRC0004154,44983140537,NADAC,2.458,113.07,2023-08-22,2025-02-25,PricingFeedA,2025-06-24
PRC0004155,28309735158,AWP,6.0877,547.89,2024-02-13,2025-12-03,PricingFeedB,2025-06-30
PRC0004156,52954526623,AWP,8.0292,481.75,2023-08-31,2024-12-09,PricingFeedA,2025-11-07
PRC0004157,92945796828,WAC,32.09,641.8,2025-01-19,2025-12-27,PricingFeedB,2025-12-27
PRC0004158,43392739451,AWP,3.0252,151.26,2023-10-04,2025-03-22,PricingFeedA,2026-07-17
PRC0004159,66700177485,Contract Rate,0.5945,57.67,2023-11-11,2024-05-16,PricingFeedB,2025-09-27
PRC0004160,17001221267,MAC,11.1326,122.46,2023-03-02,2023-08-14,PricingFeedB,2025-08-18
PRC0004161,32444678260,AWP,0.7369,16.21,2023-09-18,2025-03-03,PricingFeedB,2026-04-05
PRC0004162,40773504873,AWP,9.0518,543.11,2023-11-01,2024-02-01,PricingFeedA,2026-05-17
PRC0004163,86677200466,AWP,2.2896,109.9,2026-05-03,2027-06-13,PricingFeedB,2025-04-30
PRC0004164,20166640636,MAC,14.3049,1130.09,2023-10-06,2025-08-16,PricingFeedB,2025-01-14
PRC0004165,63060557974,MAC,14.8396,1172.33,2025-09-21,2026-11-07,PricingFeedB,2025-02-11
PRC0004166,75769382415,Contract Rate,4.5306,108.73,2024-10-05,2026-09-10,PricingFeedB,2025-02-27
PRC0004167,27560233760,NADAC,9.725,447.35,2024-01-25,2024-12-03,PricingFeedA,2026-05-24
PRC0004168,64943476728,WAC,3.4966,73.43,2026-05-26,2027-02-06,PricingFeedA,2025-12-17
PRC0004169,81144656722,WAC,1.2352,103.76,2023-05-27,2024-10-23,PricingFeedA,2026-03-28
PRC0004170,44905932967,MAC,3.0543,189.37,2026-01-04,2026-05-24,PricingFeedA,2025-01-20
PRC0004171,85340859181,WAC,4.1093,78.08,2023-10-03,2025-02-18,PricingFeedA,2025-11-08
PRC0004172,36069903176,WAC,2.8322,53.81,2025-01-16,2026-08-13,PricingFeedA,2026-04-03
PRC0004173,13745261453,MAC,5.0544,237.56,2024-10-31,2025-08-12,PricingFeedA,2025-04-18
PRC0004174,64540939887,MAC,1.7589,160.06,2026-04-09,2028-02-20,PricingFeedA,2025-05-04
PRC0004175,38721413264,WAC,4.5533,209.45,2023-04-08,2025-03-11,PricingFeedA,2026-06-11
PRC0004176,22036487942,Contract Rate,4.4078,220.39,2025-11-11,2027-08-07,PricingFeedA,2026-03-17
PRC0004177,33349215114,Contract Rate,8.2381,296.57,2025-12-04,2026-07-02,PricingFeedB,2025-06-13
PRC0004178,98244356040,MAC,9.7466,633.53,2026-01-09,2027-11-15,PricingFeedA,2025-04-15
PRC0004179,10424211436,AWP,5.3851,145.4,2025-10-08,2027-02-25,PricingFeedA,2026-06-01
PRC0004180,52812397130,WAC,4.8531,218.39,2024-11-22,2026-07-21,PricingFeedA,2025-10-28
PRC0004181,37120476461,WAC,1.8635,63.36,2023-11-01,2025-07-19,PricingFeedB,2026-03-07
PRC0004182,99873357727,AWP,4.4994,287.96,2024-07-03,2025-07-06,PricingFeedA,2026-01-08
PRC0004183,63166657868,Contract Rate,5.2754,348.18,2025-11-04,2026-02-28,PricingFeedA,2026-02-18
PRC0004184,22951612888,NADAC,10.0184,761.4,2023-09-28,2025-05-15,PricingFeedB,2025-07-05
PRC0004185,69347757174,NADAC,4.0171,80.34,2024-06-29,2025-06-03,PricingFeedB,2025-12-13
PRC0004186,18567714974,Contract Rate,,613.9,2023-08-02,2024-09-12,PricingFeedA,2025-04-15
PRC0004187,32829657664,NADAC,4.7587,256.97,2025-04-23,2026-06-19,PricingFeedB,2025-03-17
PRC0004188,31169773873,MAC,12.1911,597.36,2025-02-21,2026-04-22,PricingFeedA,2025-08-21
PRC0004189,69207755847,AWP,1.2766,29.36,2023-02-28,2024-09-22,PricingFeedA,2025-05-11
PRC0004190,65464801075,Contract Rate,12.8196,1256.32,2024-10-06,2026-05-19,PricingFeedA,2025-09-06
PRC0004191,88756957596,WAC,11.4366,994.98,2023-04-21,2024-12-19,PricingFeedA,2025-11-30
PRC0004192,39764892488,WAC,1.946,128.44,2023-01-14,2023-10-09,PricingFeedA,2025-01-14
PRC0004193,51269588679,Contract Rate,4.9989,459.9,2024-12-30,2025-06-18,PricingFeedB,2026-02-25
PRC0004194,29268903018,NADAC,3.2058,70.53,2023-12-20,2025-10-09,PricingFeedB,2026-06-13
PRC0004195,87455776031,WAC,7.7168,432.14,2024-03-17,2025-12-24,PricingFeedA,2025-04-23
PRC0004196,47734931755,NADAC,3.3908,44.08,2025-05-03,2025-08-18,PricingFeedA,2026-05-21
PRC0004197,87471341583,MAC,17.233,344.66,2024-05-08,2025-03-24,PricingFeedA,2026-02-27
PRC0004198,49834139728,WAC,1.6743,159.06,2024-07-30,2025-12-04,PricingFeedB,2025-10-07
PRC0004199,73046419016,MAC,9.8285,442.28,2023-03-07,2023-11-22,PricingFeedB,2026-01-28
PRC0004200,80870713084,MAC,5.7919,214.3,2026-05-26,2028-02-17,PricingFeedA,2026-07-06
PRC0004201,46911488159,AWP,3.5853,265.31,2025-04-12,2025-11-25,PricingFeedB,2025-06-22
PRC0004202,17997612230,AWP,1.8485,171.91,2025-11-21,2026-05-09,PricingFeedA,2025-03-26
PRC0004203,31923278318,AWP,7.4505,268.22,2024-11-26,2025-04-15,PricingFeedB,2025-12-23
PRC0004204,18501762876,WAC,7.3934,554.5,2024-12-12,2025-05-19,PricingFeedB,2026-07-06
PRC0004205,32031366424,MAC,3.0315,154.61,2024-02-08,2024-09-03,PricingFeedB,2025-08-15
PRC0004206,68430498393,Contract Rate,11.6666,186.67,2025-06-20,2027-04-23,PricingFeedB,2025-09-26
PRC0004207,64648918947,MAC,9.6357,799.76,2025-09-01,2026-07-14,PricingFeedB,2025-05-10
PRC0004208,67543708985,WAC,15.5431,761.61,2025-07-31,2027-07-01,PricingFeedA,2026-07-05
PRC0004209,61820941754,NADAC,5.9252,396.99,2026-01-28,2026-06-10,PricingFeedA,2025-10-28
PRC0004210,19606146745,WAC,5.1481,241.96,2024-07-30,2024-11-30,PricingFeedB,2025-07-05
PRC0004211,18032796468,NADAC,4.4674,303.78,2023-04-16,2024-12-20,PricingFeedA,2026-03-20
PRC0004212,84080407924,AWP,6.7007,134.01,2023-09-30,2025-09-14,PricingFeedA,2025-12-30
PRC0004213,74192691278,MAC,21.0422,841.69,2025-04-16,2026-11-24,PricingFeedA,2025-01-12
PRC0004214,31189367180,MAC,12.1042,883.61,2023-05-19,2024-05-09,PricingFeedB,2025-06-30
PRC0004215,19599866643,NADAC,9.5709,899.66,2025-10-08,2026-04-15,PricingFeedA,2026-04-06
PRC0004216,43075554442,AWP,32.9146,2402.77,2026-05-01,2028-04-05,PricingFeedA,2025-08-13
PRC0004217,78234779957,MAC,2.4924,54.83,2025-07-21,2025-11-07,PricingFeedB,2025-12-02
PRC0004218,67426983874,Contract Rate,4.612,309.0,2024-05-20,2025-08-25,PricingFeedA,2026-04-19
PRC0004219,94487791738,AWP,3.2713,189.74,2023-03-09,2023-06-17,PricingFeedB,2026-08-14
PRC0004220,26331939675,Contract Rate,8.6447,466.81,2026-04-18,2027-02-04,PricingFeedB,2026-01-08
PRC0004221,10731878875,MAC,1.1318,107.52,2026-05-31,2027-05-14,PricingFeedA,2025-05-08
PRC0004222,71237921960,Contract Rate,3.1826,181.41,2023-08-10,2024-05-03,PricingFeedB,2025-08-22
PRC0004223,81144656722,Contract Rate,10.573,169.17,2025-12-04,2026-04-27,PricingFeedA,2025-05-08
PRC0004224,73362282174,NADAC,4.3236,259.42,2025-01-16,2025-04-27,PricingFeedB,2025-10-26
PRC0004225,34198319284,Contract Rate,2.3848,126.39,2024-02-03,2025-07-22,PricingFeedA,2026-02-08
PRC0004226,92274531886,WAC,1.0821,66.01,2026-03-03,2027-10-27,PricingFeedA,2025-08-21
PRC0004227,86150728282,MAC,3.3157,66.31,2024-09-05,2025-07-30,PricingFeedB,2026-08-06
PRC0004228,86680432854,WAC,6.3254,284.64,2024-01-13,2024-11-04,PricingFeedA,2026-07-05
PRC0004229,38443858993,WAC,32.713,1668.36,2025-06-18,2026-07-30,PricingFeedB,2025-10-29
PRC0004230,97829657184,MAC,50.8316,3863.2,2024-02-26,2025-05-12,PricingFeedB,2026-06-10
PRC0004231,82440106680,AWP,6.2979,214.13,2023-12-05,2024-05-07,PricingFeedB,2026-04-26
PRC0004232,66887309527,WAC,4.7025,206.91,2025-12-05,2026-04-23,PricingFeedB,2025-12-11
PRC0004233,54472137420,AWP,12.06,723.6,2026-01-10,2026-11-16,PricingFeedB,2026-05-31
PRC0004234,54348747469,Contract Rate,3.0775,273.9,2023-07-29,2024-02-24,PricingFeedB,2025-07-24
PRC0004235,53024281896,WAC,18.3867,680.31,2024-05-15,2025-06-01,PricingFeedB,2026-05-11
PRC0004236,88056214772,Contract Rate,13.8323,442.63,2024-06-09,2025-12-06,PricingFeedA,2025-05-24
PRC0004237,31553546728,AWP,0.5955,13.7,2024-05-22,2025-02-11,PricingFeedA,2025-03-19
PRC0004238,84538386197,MAC,11.6276,697.66,2023-05-31,2025-01-08,PricingFeedB,2025-10-18
PRC0004239,65244152274,AWP,83.0871,1578.65,2024-12-31,2026-03-26,PricingFeedB,2025-06-26
PRC0004240,26911839819,NADAC,4.2195,198.32,2026-04-13,2028-02-07,PricingFeedA,2026-04-14
PRC0004241,88689159412,NADAC,3.8052,232.12,2023-04-29,2023-10-17,PricingFeedB,2025-08-29
PRC0004242,99511771384,Contract Rate,0.2117,7.2,2024-07-13,2025-04-10,PricingFeedB,2025-03-14
PRC0004243,33036992193,WAC,12.4758,848.35,2025-04-19,2026-10-18,PricingFeedB,2026-01-18
PRC0004244,95701180452,MAC,13.0852,942.13,2024-01-09,2025-02-13,PricingFeedA,2026-06-29
PRC0004245,56084952427,NADAC,3.1798,251.2,2024-12-30,2026-07-28,PricingFeedA,2026-05-04
PRC0004246,36582971350,MAC,19.8362,733.94,2024-04-08,2026-02-26,PricingFeedB,2026-04-11
PRC0004247,55751721745,NADAC,3.1297,31.3,2025-06-30,2025-10-03,PricingFeedA,2025-06-13
PRC0004248,12234647192,NADAC,2.3952,155.69,2023-07-18,2023-10-22,PricingFeedB,2025-11-15
PRC0004249,83261389024,WAC,5.6214,275.45,2025-03-17,2026-04-02,PricingFeedB,2025-01-05
PRC0004250,79775467157,Contract Rate,3.6039,61.27,2025-02-18,2025-12-22,PricingFeedB,2025-05-22
PRC0004251,56735853544,AWP,5.2762,369.33,2024-03-06,2026-01-17,PricingFeedA,2026-01-13
PRC0004252,18987102928,AWP,0.6569,57.81,2023-08-22,2025-04-09,PricingFeedA,2025-05-18
PRC0004253,91304485350,AWP,29.623,740.58,2025-09-05,2026-11-24,PricingFeedB,2025-03-21
PRC0004254,22287685065,WAC,0.741,39.27,2024-10-07,2026-05-15,PricingFeedB,2025-01-31
PRC0004255,86890799081,WAC,22.2472,1779.78,2023-10-07,2025-09-06,PricingFeedA,2026-03-02
PRC0004256,82391488851,MAC,1.3044,76.96,2023-12-12,2024-08-23,PricingFeedB,2026-06-30
PRC0004257,37929930922,WAC,12.3804,1176.14,2023-11-06,2024-06-17,PricingFeedB,2025-04-16
PRC0004258,99873357727,WAC,40.9245,1391.43,2026-03-21,2027-04-30,PricingFeedB,2025-09-06
PRC0004259,40538581357,NADAC,3.8769,139.57,2025-04-02,2026-11-02,PricingFeedA,2026-03-12
PRC0004260,13525402450,MAC,6.8197,436.46,2023-06-16,2023-11-16,PricingFeedA,2025-12-26
PRC0004261,43873981962,AWP,7.3994,688.14,2026-05-31,2028-05-12,PricingFeedA,2025-08-05
PRC0004262,26411345874,NADAC,3.4693,322.64,2023-01-24,2023-05-12,PricingFeedA,2026-04-24
PRC0004263,70483244548,WAC,1.5636,125.09,2024-03-19,2024-07-23,PricingFeedA,2025-06-21
PRC0004264,47041166680,WAC,17.0464,426.16,2023-10-04,2024-09-06,PricingFeedB,2026-07-25
PRC0004265,56133530192,MAC,12.7418,904.67,2023-08-07,2024-10-15,PricingFeedB,2025-05-19
PRC0004266,12237637159,NADAC,1.7854,28.57,2024-11-10,2025-08-27,PricingFeedB,2025-06-24
PRC0004267,13954840715,WAC,20.0277,881.22,2023-12-25,2025-02-24,PricingFeedB,2026-01-05
PRC0004268,79539911319,AWP,18.3541,403.79,2023-08-10,2024-07-23,PricingFeedA,2025-03-08
PRC0004269,52398869460,AWP,5.6174,196.61,2026-05-08,2028-03-05,PricingFeedA,2026-06-22
PRC0004270,99698815592,MAC,1.8886,117.09,2025-04-12,2025-09-14,PricingFeedA,2026-06-14
PRC0004271,92387647216,NADAC,1.8591,33.46,2024-11-09,2025-09-10,PricingFeedB,2026-04-11
PRC0004272,73978849161,WAC,23.415,2177.59,2026-03-11,2027-03-24,PricingFeedB,2025-05-27
PRC0004273,27306655329,NADAC,44.9206,4177.62,2025-02-08,2025-10-21,PricingFeedA,2025-01-14
PRC0004274,40504965642,Contract Rate,11.8433,1113.27,2025-05-21,2026-01-25,PricingFeedA,2025-11-10
PRC0004275,66897831639,NADAC,7.6366,122.19,2023-03-05,2024-09-28,PricingFeedB,2025-07-22
PRC0004276,96282694513,WAC,1.7018,61.26,2025-04-24,2026-12-11,PricingFeedA,2025-01-18
PRC0004277,47958975815,WAC,3.6461,295.33,2025-06-21,2026-12-08,PricingFeedB,2025-02-14
PRC0004278,94599568355,WAC,16.65,982.35,2024-04-19,2025-04-16,PricingFeedB,2025-08-23
PRC0004279,78677417938,NADAC,10.7998,1069.18,2024-07-25,2025-06-29,PricingFeedB,2025-05-01
PRC0004280,68129441146,WAC,4.2772,260.91,2024-01-19,2025-08-12,PricingFeedB,2026-07-31
PRC0004281,44682779034,Contract Rate,6.7549,540.39,2025-12-10,2026-07-19,PricingFeedB,2026-08-10
PRC0004282,54458104234,MAC,21.5916,259.1,2025-02-07,2027-01-06,PricingFeedA,2025-11-03
PRC0004283,80152664967,WAC,11.653,1013.81,2023-03-10,2023-08-04,PricingFeedB,2026-07-28
PRC0004284,25904761313,WAC,3.7086,222.52,2023-01-03,2024-04-23,PricingFeedA,2026-03-26
PRC0004285,38649367251,Contract Rate,28.3394,1331.95,2024-01-10,2024-05-22,PricingFeedA,2025-12-03
PRC0004286,48520467193,NADAC,106.3733,9148.1,2026-03-11,2026-10-17,PricingFeedA,2026-02-03
PRC0004287,99603627774,NADAC,53.227,4045.25,2023-03-30,2024-01-20,PricingFeedB,2026-07-06
PRC0004288,80701649845,MAC,4.7152,301.77,2024-01-31,2024-05-07,PricingFeedB,2025-03-16
PRC0004289,14546502462,WAC,13.3396,453.55,2025-06-27,2025-10-25,PricingFeedB,2026-03-24
PRC0004290,38999870858,UNKNOWN_METHOD,2.2153,39.88,2023-09-24,2025-01-30,PricingFeedB,2026-06-09
PRC0004291,48791769150,MAC,34.7087,3089.07,2025-07-03,2026-11-30,PricingFeedB,2025-03-12
PRC0004292,47494236310,WAC,4.3572,78.43,2023-09-10,2025-05-21,PricingFeedB,2025-06-29
PRC0004293,84680513981,NADAC,7.0143,175.36,2024-02-15,2024-11-12,PricingFeedA,2025-04-29
PRC0004294,66292157738,NADAC,13.0963,536.95,2023-10-14,2024-09-20,PricingFeedB,2025-06-27
PRC0004295,60441392789,NADAC,5.4604,453.21,2024-06-27,2025-01-02,PricingFeedB,2026-03-08
PRC0004296,59912899015,AWP,5.0273,291.58,2024-09-01,2025-07-01,PricingFeedA,2025-05-21
PRC0004297,66359510772,Contract Rate,9.5045,427.7,2025-05-23,2025-10-08,PricingFeedB,2026-03-05
PRC0004298,40773504873,WAC,8.3273,274.8,2024-02-21,2024-11-11,PricingFeedA,2026-06-26
PRC0004299,24069146482,AWP,2.4277,240.34,2023-11-26,2025-02-10,PricingFeedB,2026-02-18
PRC0004300,33036992193,Contract Rate,12.66,519.06,2026-05-28,2028-03-21,PricingFeedA,2025-11-05
PRC0004301,11713731824,AWP,7.2908,488.48,2025-08-31,2026-04-19,PricingFeedA,2026-01-11
PRC0004302,43240994052,AWP,12.6487,379.46,2025-08-11,2027-04-26,PricingFeedB,2025-11-05
PRC0004303,20641978938,MAC,15.0688,241.1,2023-06-16,2024-04-08,PricingFeedA,2026-08-09
PRC0004304,22522938085,NADAC,29.3594,851.42,2025-02-19,2025-06-29,PricingFeedA,2025-06-27
PRC0004305,94227785584,WAC,1.8823,131.76,2023-08-29,2024-12-01,PricingFeedA,2026-07-31
PRC0004306,44518564169,WAC,9.9745,558.57,2026-03-16,2026-10-15,PricingFeedB,2025-05-27
PRC0004307,15426453054,WAC,6.5488,484.61,2025-10-16,2026-08-16,PricingFeedB,2025-11-12
PRC0004308,37017591044,MAC,22.6591,1382.21,2024-07-10,2024-10-24,PricingFeedB,2025-12-16
PRC0004309,39455777027,NADAC,2.3353,191.49,2023-10-29,2024-02-01,PricingFeedA,2026-03-01
PRC0004310,15897986050,AWP,6.7938,353.28,2023-05-09,2023-12-10,PricingFeedB,2026-02-23
PRC0004311,13658312760,Contract Rate,19.4513,583.54,2024-09-25,2025-11-10,PricingFeedA,2025-05-19
PRC0004312,97142643090,MAC,6.4003,569.63,2025-10-18,2026-10-22,PricingFeedB,2026-03-25
PRC0004313,72708515673,MAC,5.3683,123.47,2026-01-08,2027-09-06,PricingFeedB,2025-07-26
PRC0004314,89305404592,MAC,11.1834,357.87,2023-08-22,2023-12-02,PricingFeedB,2025-11-03
PRC0004315,84080407924,NADAC,3.1157,90.36,2025-10-03,2027-09-03,PricingFeedA,2026-04-09
PRC0004316,38999870858,NADAC,27.9268,2262.07,2024-01-11,2025-02-09,PricingFeedB,2026-01-20
PRC0004317,74039272223,WAC,1.227,63.8,2023-05-09,2023-11-16,PricingFeedB,2025-05-26
PRC0004318,37423653148,AWP,6.8016,333.28,2023-04-01,2023-08-23,PricingFeedB,2025-09-13
PRC0004319,94250599448,AWP,47.6441,1429.32,2024-03-20,2024-09-10,PricingFeedA,2025-08-31
PRC0004320,47340976831,NADAC,19.4314,310.9,2024-04-23,2024-08-15,PricingFeedA,2025-05-29
PRC0004321,35551800184,AWP,4.3801,424.87,2024-09-19,2025-07-10,PricingFeedB,2026-01-17
PRC0004322,18987102928,NADAC,4.7801,358.51,2025-07-11,2026-05-08,PricingFeedA,2025-08-26
PRC0004323,73921220685,AWP,6.3573,445.01,2023-07-01,2024-02-29,PricingFeedB,2025-02-22
PRC0004324,21137610492,MAC,4.2907,326.09,2025-10-22,2026-08-07,PricingFeedA,2026-02-22
PRC0004325,47041166680,MAC,8.2587,181.69,2024-05-30,2025-04-05,PricingFeedB,2026-02-05
PRC0004326,81712516630,NADAC,6.8389,246.2,2025-06-05,2026-12-08,PricingFeedB,2025-02-10
PRC0004327,15035164887,AWP,1.6414,155.93,2025-02-27,2026-09-02,PricingFeedB,2025-04-11
PRC0004328,66897831639,NADAC,4.7823,133.9,2024-08-23,2025-10-22,PricingFeedA,2025-10-21
PRC0004329,36017326675,Contract Rate,28.3577,1389.53,2026-01-28,2027-04-17,PricingFeedB,2025-06-21
PRC0004330,26004482228,WAC,17.5106,1050.64,2023-08-12,2024-09-24,PricingFeedA,2026-05-12
PRC0004331,17493123839,WAC,11.7193,960.98,2024-11-29,2025-08-14,PricingFeedA,2026-05-23
PRC0004332,33349215114,Contract Rate,24.8125,843.62,2024-01-04,2024-07-07,PricingFeedA,2025-01-02
PRC0004333,22581320920,WAC,3.2193,90.14,2026-03-20,2027-01-19,PricingFeedB,2025-07-21
PRC0004334,22620625618,WAC,1.6597,162.65,2024-11-22,2026-10-16,PricingFeedB,2026-07-12
PRC0004335,47958975815,NADAC,9.6729,619.07,2025-10-22,2027-05-02,PricingFeedA,2025-09-12
PRC0004336,74192691278,Contract Rate,6.961,194.91,2023-06-14,2023-12-06,PricingFeedA,2026-05-19
PRC0004337,44211207023,AWP,5.991,137.79,2024-03-30,2026-01-31,PricingFeedA,2025-10-29
PRC0004338,62579571575,AWP,8.52,707.16,2026-04-11,2027-09-17,PricingFeedA,2026-04-21
PRC0004339,89292409434,WAC,14.5235,1249.02,2023-11-02,2025-03-09,PricingFeedA,2025-12-17
PRC0004340,88410610673,Contract Rate,35.821,2794.04,2024-01-28,2024-05-21,PricingFeedB,2026-03-16
PRC0004341,80822802269,Contract Rate,3.8263,130.09,2025-06-10,2026-12-21,PricingFeedB,2025-09-06
PRC0004342,92043205735,MAC,5.92,100.64,2023-08-30,2024-11-17,PricingFeedA,2026-06-25
PRC0004343,51269588679,Contract Rate,2.9409,179.39,2024-04-02,2024-11-28,PricingFeedA,2025-07-22
PRC0004344,27560233760,MAC,15.6098,1280.0,2026-02-22,2027-12-02,PricingFeedA,2025-11-05
PRC0004345,49501356011,NADAC,2.1762,171.92,2025-04-23,2027-04-06,PricingFeedA,2026-06-09
PRC0004346,45479462789,Contract Rate,1.3239,21.18,2026-03-29,2027-05-02,PricingFeedB,2026-03-14
PRC0004347,12871210416,AWP,2.6157,83.7,2024-02-25,2024-10-16,PricingFeedB,2026-06-23
PRC0004348,60441392789,WAC,110.759,1439.87,2024-02-23,2024-05-24,PricingFeedA,2026-03-29
PRC0004349,93961156923,MAC,3.3044,122.26,2025-04-17,2026-03-29,PricingFeedA,2025-08-17
PRC0004350,17278457796,MAC,3.6072,183.97,2026-03-28,2026-09-07,PricingFeedA,2025-07-12
PRC0004351,59990586381,MAC,3.115,43.61,2025-01-12,2026-03-02,PricingFeedB,2025-07-22
PRC0004352,92188700925,Contract Rate,13.5859,706.47,2025-09-04,2026-01-23,PricingFeedB,2025-04-12
PRC0004353,98610652597,AWP,1.9862,158.9,2024-03-11,2024-07-14,PricingFeedA,2026-07-08
PRC0004354,97763307131,WAC,5.6274,180.08,2025-04-01,2026-11-30,PricingFeedB,2025-06-29
PRC0004355,79775467157,WAC,18.9171,737.77,2025-10-19,2026-08-22,PricingFeedB,2025-06-14
PRC0004356,77464349998,MAC,6.0502,381.16,2025-10-30,2026-09-21,PricingFeedB,2025-02-23
PRC0004357,11605697119,NADAC,10.3119,794.02,2025-09-15,2026-09-04,PricingFeedA,2025-02-05
PRC0004358,53756657133,AWP,2.771,113.61,2024-08-11,2026-01-09,PricingFeedB,2025-03-06
PRC0004359,17997612230,NADAC,10.9703,921.51,2023-08-24,2024-11-13,PricingFeedA,2025-02-06
PRC0004360,85417501813,NADAC,4.031,399.07,2023-03-18,2023-10-11,PricingFeedA,2025-07-21
PRC0004361,69179660314,WAC,2.3598,115.63,2024-05-14,2025-08-03,PricingFeedA,2026-04-03
PRC0004362,95762624064,AWP,4.4199,424.31,2025-11-26,2026-11-12,PricingFeedA,2025-11-14
PRC0004363,25904761313,WAC,6.4493,367.61,2023-03-11,2024-01-27,PricingFeedA,2025-06-16
PRC0004364,20380451050,Contract Rate,2.1874,87.5,2025-09-02,2026-01-22,PricingFeedA,2026-02-02
PRC0004365,17813492685,NADAC,13.8853,749.81,2023-09-13,2024-06-30,PricingFeedB,2026-03-18
PRC0004366,43701205518,Contract Rate,20.2435,587.06,2024-03-09,2024-09-14,PricingFeedB,2025-03-12
PRC0004367,47349867456,Contract Rate,10.1061,677.11,2023-07-06,2023-11-01,PricingFeedB,2026-03-18
PRC0004368,68484176329,Contract Rate,5.7064,273.91,2026-01-10,2027-04-01,PricingFeedA,2026-01-05
PRC0004369,22743552549,AWP,5.9789,478.31,2026-03-25,2026-08-20,PricingFeedA,2026-04-07
PRC0004370,66849248677,WAC,0.7293,70.01,2025-10-14,2027-01-10,PricingFeedB,2026-05-07
PRC0004371,69347757174,NADAC,7.7253,169.96,2023-11-22,2024-07-13,PricingFeedB,2025-08-06
PRC0004372,58670846921,NADAC,7.8653,534.84,2026-02-03,2026-12-16,PricingFeedB,2025-11-23
PRC0004373,51203246489,NADAC,10.9898,681.37,2024-07-13,2025-05-13,PricingFeedB,2026-06-30
PRC0004374,44151264671,WAC,4.3547,65.32,2023-09-20,2024-10-14,PricingFeedB,2025-11-20
PRC0004375,84799902623,AWP,16.8595,1331.9,2023-11-29,2025-03-30,PricingFeedB,2026-06-24
PRC0004376,51269588679,MAC,4.911,265.19,2023-06-30,2025-03-29,PricingFeedA,2026-02-15
PRC0004377,79539911319,WAC,57.0087,5301.81,2023-07-17,2024-11-11,PricingFeedB,2025-02-15
PRC0004378,68485665817,MAC,4.321,172.84,2025-06-23,2026-06-21,PricingFeedA,2025-07-18
PRC0004379,66897831639,WAC,3.6897,125.45,2024-07-31,2025-03-16,PricingFeedA,2025-05-11
PRC0004380,60804702793,Contract Rate,4.2573,298.01,2023-02-07,2023-08-08,PricingFeedB,2025-12-31
PRC0004381,76004568133,MAC,15.6042,1326.36,2023-07-05,2024-07-13,PricingFeedB,2026-04-16
PRC0004382,82097839974,Contract Rate,24.4184,1245.34,2025-10-28,2027-03-27,PricingFeedA,2025-06-17
PRC0004383,39903246537,NADAC,3.6755,139.67,2024-01-06,2025-05-04,PricingFeedB,2025-06-13
PRC0004384,38721413264,AWP,3.9495,51.34,2025-09-12,2027-08-11,PricingFeedA,2025-08-11
PRC0004385,90409204356,NADAC,3.5432,63.78,2024-11-23,2026-06-02,PricingFeedB,2025-04-14
PRC0004386,13622989050,NADAC,19.3002,733.41,2023-05-18,2024-07-23,PricingFeedA,2026-01-26
PRC0004387,95130238512,MAC,7.5925,98.7,2024-03-19,2024-07-02,PricingFeedB,2025-08-08
PRC0004388,90250181876,AWP,23.9122,2128.19,2023-07-30,2025-03-09,PricingFeedB,2025-07-21
PRC0004389,71431521823,WAC,5.6059,285.9,2024-12-09,2026-08-18,PricingFeedA,2025-10-10
PRC0004390,51167339278,WAC,0.9697,41.7,2024-09-02,2025-02-19,PricingFeedA,2026-05-22
PRC0004391,28309735158,Contract Rate,7.0075,126.14,2023-06-30,2023-10-04,PricingFeedB,2025-05-21
PRC0004392,85864453239,Contract Rate,2.6356,129.14,2024-06-25,2024-12-19,PricingFeedA,2026-07-16
PRC0004393,81214270455,NADAC,17.6605,918.35,2024-06-02,2025-09-01,PricingFeedB,2025-01-09
PRC0004394,81681687310,WAC,13.637,1336.43,2025-05-27,2026-02-11,PricingFeedA,2025-11-03
PRC0004395,83727139018,AWP,55.884,1452.98,2024-10-10,2026-09-05,PricingFeedA,2025-05-10
PRC0004396,57300408459,NADAC,2.3766,80.8,2025-05-27,2025-12-26,PricingFeedA,2025-02-06
PRC0004397,80745561821,Contract Rate,16.5122,1387.02,2023-01-02,2023-10-20,PricingFeedB,2025-08-20
PRC0004398,24897240235,WAC,7.7888,264.82,2024-07-13,2026-04-13,PricingFeedB,2026-03-15
PRC0004399,68485665817,MAC,3.0054,219.39,2026-04-24,2027-11-28,PricingFeedA,2026-05-29
PRC0004400,45073829754,WAC,16.8708,337.42,2023-11-01,2025-10-14,PricingFeedB,2025-01-06
PRC0004401,39764892488,WAC,4.0196,281.37,2025-07-04,2027-02-16,PricingFeedB,2026-02-01
PRC0004402,95394214840,MAC,4.0919,73.65,2025-12-27,2027-05-04,PricingFeedA,2025-05-02
PRC0004403,61916924081,WAC,9.7889,548.18,2025-03-27,2026-04-11,PricingFeedB,2025-07-27
PRC0004404,64532981981,AWP,20.4369,1451.02,2024-12-14,2025-08-09,PricingFeedB,2025-12-19
PRC0004405,89111529797,NADAC,2.6177,89.0,2024-06-03,2025-08-10,PricingFeedB,2025-01-24
PRC0004406,22522938085,WAC,11.7468,563.85,2023-12-06,2025-09-29,PricingFeedA,2025-06-27
PRC0004407,77675552758,NADAC,4.8711,443.27,2024-05-31,2025-11-08,PricingFeedB,2026-03-14
PRC0004408,45750813449,Contract Rate,18.7182,243.34,2025-06-17,2027-03-21,PricingFeedB,2025-07-23
PRC0004409,38750191648,NADAC,22.735,818.46,2024-09-04,2026-03-11,PricingFeedB,2025-02-26
PRC0004410,13658312760,AWP,5.9727,262.8,2023-02-25,2023-07-28,PricingFeedB,2025-09-13
PRC0004411,69207755847,MAC,25.5957,1945.27,2024-03-22,2025-06-30,PricingFeedA,2025-02-18
PRC0004412,77205261342,AWP,12.8424,821.91,2023-12-20,2025-02-12,PricingFeedA,2026-04-21
PRC0004413,12250369486,AWP,12.7985,499.14,2024-03-16,2024-07-31,PricingFeedB,2025-07-23
PRC0004414,38112790984,MAC,9.3663,693.11,2025-03-09,2026-07-03,PricingFeedB,2026-03-17
PRC0004415,41577609162,AWP,15.7419,1180.64,2025-04-28,2026-12-15,PricingFeedA,2025-10-22
PRC0004416,94421963775,WAC,2.8876,259.88,2023-03-05,2024-01-24,PricingFeedA,2026-08-11
PRC0004417,63166657868,Contract Rate,13.5334,1015.0,2025-07-21,2026-09-01,PricingFeedB,2025-09-12
PRC0004418,31169773873,WAC,2.5275,101.1,2025-10-06,2026-10-03,PricingFeedB,2025-04-21
PRC0004419,97162450186,AWP,3.4985,69.97,2024-02-15,2024-06-09,PricingFeedA,2026-04-27
PRC0004420,69240639616,Contract Rate,7.7346,162.43,2024-03-06,2025-05-28,PricingFeedA,2026-08-03
PRC0004421,81641422556,WAC,2.0545,186.96,2025-02-21,2026-12-12,PricingFeedB,2026-07-25
PRC0004422,39077562796,Contract Rate,13.1021,327.55,2025-11-04,2026-02-05,PricingFeedA,2026-03-04
PRC0004423,72982905964,WAC,0.9919,75.38,2025-01-24,2026-06-10,PricingFeedA,2025-01-13
PRC0004424,78173474180,WAC,34.6362,1073.72,2023-12-19,2025-03-28,PricingFeedB,2025-10-06
PRC0004425,55655209298,MAC,4.248,140.18,2023-07-21,2025-04-22,PricingFeedB,2025-07-22
PRC0004426,51664216971,NADAC,10.2185,1011.63,2024-07-21,2026-01-17,PricingFeedB,2025-12-10
PRC0004427,29308802360,AWP,5.7571,569.95,2024-10-14,2026-09-13,PricingFeedA,2026-05-02
PRC0004428,54472137420,WAC,13.8357,567.26,2024-11-12,2025-02-27,PricingFeedA,2025-06-15
PRC0004429,71976541724,Contract Rate,4.0266,249.65,2024-02-13,2024-10-30,PricingFeedA,2026-05-02
PRC0004430,37928998179,NADAC,7.1763,531.05,2025-04-18,2027-04-03,PricingFeedB,2025-06-07
PRC0004431,95130238512,WAC,4.2977,176.21,2026-04-15,2027-05-04,PricingFeedB,2026-07-20
PRC0004432,22581320920,MAC,24.6281,1329.92,2024-07-21,2025-05-18,PricingFeedA,2025-07-12
PRC0004433,51269588679,Contract Rate,21.3187,1641.54,2024-05-22,2025-07-18,PricingFeedB,2025-02-03
PRC0004434,68129441146,Contract Rate,24.9332,398.93,2025-06-02,2027-05-11,PricingFeedB,2025-01-15
PRC0004435,64322142638,AWP,5.9933,575.36,2026-05-17,2027-03-04,PricingFeedA,2026-05-30
PRC0004436,14432106343,MAC,4.4342,385.78,2024-03-08,2024-08-01,PricingFeedA,2025-03-29
PRC0004437,26884937862,WAC,5.9235,254.71,2025-09-27,2026-01-26,PricingFeedA,2026-04-20
PRC0004438,86713966277,AWP,2.2504,49.51,2024-07-05,2025-05-20,PricingFeedA,2026-08-11
PRC0004439,22187365237,WAC,12.5694,779.3,2024-10-11,2026-04-08,PricingFeedB,2025-02-28
PRC0004440,49564701468,WAC,9.125,757.38,2023-12-05,2025-02-25,PricingFeedB,2025-10-25
PRC0004441,74385175975,Contract Rate,4.2608,404.78,2024-04-18,2024-07-30,PricingFeedB,2026-04-01
PRC0004442,96424932254,WAC,11.9125,405.02,2025-07-17,2026-10-08,PricingFeedB,2026-05-09
PRC0004443,56889248717,MAC,1.385,132.96,2023-03-23,2025-01-18,PricingFeedB,2025-08-05
PRC0004444,90019313030,AWP,29.6008,621.62,2025-08-22,2027-06-03,PricingFeedA,2025-06-26
PRC0004445,26940396868,MAC,5.5326,99.59,2023-01-28,2024-11-30,PricingFeedB,2026-02-24
PRC0004446,96685314635,AWP,14.6285,775.31,2025-04-06,2025-08-03,PricingFeedA,2025-03-08
PRC0004447,85086957723,WAC,3.994,59.91,2024-10-05,2026-04-28,PricingFeedA,2026-04-23
PRC0004448,96005568835,AWP,1.2967,42.79,2023-07-07,2024-08-19,PricingFeedB,2025-08-13
PRC0004449,47220155350,NADAC,6.3217,531.02,2025-10-03,2026-03-06,PricingFeedB,2026-01-08
PRC0004450,69347757174,AWP,7.8766,189.04,2025-05-29,2027-03-28,PricingFeedA,2026-05-03
PRC0004451,44905932967,Contract Rate,11.7671,529.52,2024-03-19,2024-06-25,PricingFeedB,2025-11-27
PRC0004452,14954435394,WAC,1.5346,133.51,2024-07-16,2026-01-26,PricingFeedB,2026-04-08
PRC0004453,61516501822,Contract Rate,44.9063,1077.75,2024-08-24,2026-07-07,PricingFeedB,2026-01-18
PRC0004454,92375297554,Contract Rate,8.3076,481.84,2024-10-14,2025-05-30,PricingFeedB,2026-07-01
PRC0004455,84458290728,NADAC,121.5946,2431.89,2023-04-17,2024-10-08,PricingFeedA,2026-05-01
PRC0004456,19599866643,Contract Rate,5.8296,122.42,2024-09-02,2025-01-21,PricingFeedA,2025-06-24
PRC0004457,28309735158,AWP,1.8438,84.81,2025-01-17,2026-10-10,PricingFeedB,2026-06-04
PRC0004458,18567714974,MAC,4.0938,216.97,2025-09-03,2026-03-31,PricingFeedB,2025-06-06
PRC0004459,51465880016,WAC,31.1314,1525.44,2025-11-19,2026-10-13,PricingFeedA,2025-12-02
PRC0004460,90122185551,Contract Rate,23.101,554.42,2026-04-13,2026-11-29,PricingFeedB,2025-12-13
PRC0004461,66849248677,MAC,3.9839,342.62,2023-07-21,2025-01-12,PricingFeedB,2026-04-17
PRC0004462,32305341731,Contract Rate,7.3474,161.64,2023-12-16,2024-06-10,PricingFeedB,2025-09-10
PRC0004463,22036487942,WAC,16.3663,752.85,2024-08-26,2025-05-03,PricingFeedA,2026-01-31
PRC0004464,67141494586,MAC,5.2488,314.93,2023-08-20,2023-12-25,PricingFeedB,2025-02-23
PRC0004465,68669877665,NADAC,8.6251,215.63,2023-10-14,2024-05-18,PricingFeedB,2025-10-15
PRC0004466,13954840715,NADAC,8.4271,202.25,2024-09-25,2025-06-06,PricingFeedA,2025-04-10
PRC0004467,68817261549,Contract Rate,26.4217,1188.98,2025-05-12,2026-11-19,PricingFeedB,2025-06-01
PRC0004468,55655209298,MAC,6.5216,136.95,2024-01-27,2025-07-18,PricingFeedA,2025-08-15
PRC0004469,66897831639,MAC,8.2602,379.97,2023-01-06,2023-05-15,PricingFeedA,2025-05-29
PRC0004470,32829657664,Contract Rate,3.5587,288.25,2023-04-16,2025-02-17,PricingFeedB,2025-10-03
PRC0004471,93026770242,WAC,24.7289,717.14,2023-05-10,2024-10-20,PricingFeedB,2026-02-14
PRC0004472,86150728282,NADAC,6.5485,229.2,2025-03-19,2025-11-18,PricingFeedA,2026-03-21
PRC0004473,19989783912,MAC,2.3445,171.15,2026-05-20,2028-04-22,PricingFeedA,2026-06-17
PRC0004474,80870713084,WAC,3.7967,117.7,2023-09-11,2024-10-14,PricingFeedB,2026-08-06
PRC0004475,51730490271,Contract Rate,10.0786,503.93,2023-05-30,2023-08-31,PricingFeedB,2025-01-02
PRC0004476,78234779957,AWP,4.5762,146.44,2025-08-23,2026-10-26,PricingFeedB,2025-11-15
PRC0004477,44605799615,WAC,14.352,803.71,2023-08-18,2024-12-13,PricingFeedB,2026-06-08
PRC0004478,76071831723,Contract Rate,0.6005,31.23,2024-10-22,2026-08-21,PricingFeedB,2025-02-08
PRC0004479,73921220685,NADAC,17.0814,854.07,2023-07-01,2024-04-01,PricingFeedB,2025-01-18
PRC0004480,33667709457,MAC,9.7571,400.04,2023-01-27,2023-10-26,PricingFeedA,2025-02-07
PRC0004481,68817261549,WAC,3.3757,327.44,2025-04-06,2026-07-29,PricingFeedA,2025-08-27
PRC0004482,13954840715,WAC,36.511,2081.13,2025-10-17,2026-04-24,PricingFeedA,2026-03-05
PRC0004483,12082289297,Contract Rate,6.821,286.48,2024-02-15,2025-10-22,PricingFeedB,2025-02-08
PRC0004484,54154506357,AWP,26.8916,1640.39,2023-11-04,2024-11-06,PricingFeedB,2025-01-01
PRC0004485,97224337179,Contract Rate,10.8956,1067.77,2023-05-22,2024-06-11,PricingFeedA,2026-02-01
PRC0004486,74737938088,NADAC,5.6593,441.43,2024-12-21,2026-03-01,PricingFeedA,2025-09-27
PRC0004487,52833519370,AWP,13.0418,899.88,2024-04-30,2024-10-22,PricingFeedB,2025-10-01
PRC0004488,60856152434,NADAC,6.863,672.57,2023-12-16,2025-05-12,PricingFeedA,2026-07-23
PRC0004489,97162450186,WAC,1.465,95.23,2025-06-18,2026-11-01,PricingFeedB,2026-03-10
PRC0004490,81569427757,AWP,22.8406,1370.44,2024-12-19,2025-06-20,PricingFeedB,2026-04-21
PRC0004491,61916924081,WAC,13.8393,664.29,2023-05-20,2024-12-12,PricingFeedB,2025-07-06
PRC0004492,61425622844,MAC,7.7561,170.63,2024-07-29,2025-08-30,PricingFeedB,2025-08-14
PRC0004493,34666508457,MAC,43.5077,1044.18,2025-06-23,2026-07-02,PricingFeedA,2026-06-09
PRC0004494,20269556375,AWP,7.5852,659.91,2025-11-01,2026-05-04,PricingFeedA,2025-03-10
PRC0004495,59581445583,NADAC,13.0158,950.15,2023-02-18,2023-09-26,PricingFeedA,2025-09-28
PRC0004496,22109843357,MAC,41.2896,2353.51,2024-04-19,2025-11-25,PricingFeedB,2026-07-30
PRC0004497,40837522788,MAC,3.7456,213.5,2026-01-26,2027-05-06,PricingFeedB,2026-06-24
PRC0004498,66201864654,WAC,7.7081,246.66,2025-10-19,2026-04-20,PricingFeedA,2026-05-20
PRC0004499,67086806285,AWP,4.9064,377.79,2024-08-02,2026-02-24,PricingFeedB,2025-08-12
PRC0004500,13889195769,AWP,4.6381,222.63,2024-06-09,2025-09-30,PricingFeedB,2026-07-21
PRC0004501,26004482228,AWP,2.7357,172.35,2025-12-27,2027-04-13,PricingFeedA,2025-07-27
PRC0004502,73825238231,MAC,7.9552,708.01,2023-02-23,2023-10-30,PricingFeedB,2026-07-27
PRC0004503,84031314513,NADAC,1.3209,126.81,2024-07-28,2025-05-08,PricingFeedB,2025-10-18
PRC0004504,69710507219,WAC,5.459,338.46,2024-07-17,2025-03-20,PricingFeedB,2025-12-30
PRC0004505,98795104473,AWP,11.2298,269.52,2023-09-19,2025-07-21,PricingFeedA,2025-09-29
PRC0004506,38655593381,WAC,19.1109,1586.2,2026-02-17,2027-01-24,PricingFeedB,2025-11-05
PRC0004507,65494134693,MAC,6.5028,637.27,2024-03-05,2024-09-22,PricingFeedA,2026-04-12
PRC0004508,68673966287,WAC,16.0346,849.83,2025-05-25,2025-11-30,PricingFeedB,2026-05-26
PRC0004509,55751721745,Contract Rate,4.1267,198.08,2023-01-26,2024-12-05,PricingFeedA,2026-02-16
PRC0004510,92515101438,MAC,17.1029,923.56,2025-06-02,2026-08-24,PricingFeedA,2025-06-02
PRC0004511,86890799081,WAC,46.1827,2817.14,2023-12-17,2025-05-11,PricingFeedB,2026-01-20
PRC0004512,49110425221,NADAC,30.9939,495.9,2024-08-19,2026-07-30,PricingFeedA,2026-05-13
PRC0004513,60856152434,WAC,39.3474,2833.01,2024-07-28,2026-01-24,PricingFeedA,2025-04-30
PRC0004514,23338670584,MAC,3.8774,356.72,2023-05-23,2024-12-26,PricingFeedB,2025-11-17
PRC0004515,48791769150,AWP,14.2269,569.08,2025-08-13,2026-02-14,PricingFeedA,2026-02-10
PRC0004516,92139958992,Contract Rate,1.6986,44.16,2024-11-29,2025-05-21,PricingFeedB,2025-05-02
PRC0004517,45073829754,Contract Rate,0.9318,54.98,2025-11-29,2027-10-03,PricingFeedB,2025-06-03
PRC0004518,95130238512,AWP,1.4398,53.27,2025-11-04,2026-02-13,PricingFeedA,2026-04-29
PRC0004519,52087160927,Contract Rate,8.0471,788.62,2024-04-16,2025-08-22,PricingFeedA,2025-09-07
PRC0004520,19307837771,AWP,22.7197,886.07,2023-03-15,2023-07-26,PricingFeedB,2026-07-16
PRC0004521,29471563846,MAC,11.6493,897.0,2023-06-03,2023-10-08,PricingFeedA,2025-05-12
PRC0004522,80701649845,WAC,2.5536,160.88,2023-07-03,2024-03-30,PricingFeedB,2025-01-08
PRC0004523,44047392978,WAC,2.242,204.02,2025-01-26,2026-01-09,PricingFeedA,2025-02-12
PRC0004524,84335217948,NADAC,14.3368,329.75,2023-03-16,2024-05-01,PricingFeedA,2026-03-01
PRC0004525,85778839614,AWP,25.007,1850.52,2025-06-19,2026-09-14,PricingFeedA,2025-05-15
PRC0004526,67086806285,AWP,11.746,904.44,2023-07-03,2024-11-12,PricingFeedB,2025-01-06
PRC0004527,99873357727,AWP,0.3516,31.64,2023-09-06,2024-11-24,PricingFeedA,2025-09-23
PRC0004528,49954258793,AWP,3.5381,297.2,2024-05-31,2025-07-28,PricingFeedB,2025-12-08
PRC0004529,78632194752,WAC,51.4754,2367.87,2023-11-17,2024-07-17,PricingFeedA,2025-02-28
PRC0004530,55753696537,Contract Rate,2.8127,213.77,2023-06-10,2025-01-31,PricingFeedB,2025-01-02
PRC0004531,25094254121,NADAC,21.4763,1632.2,2025-08-24,2027-01-15,PricingFeedB,2025-03-26
PRC0004532,22829836382,AWP,3.6119,231.16,2025-07-12,2027-04-26,PricingFeedA,2025-05-31
PRC0004533,54705453523,WAC,8.156,383.33,2023-05-06,2024-02-22,PricingFeedA,2025-12-25
PRC0004534,63943747887,Contract Rate,1.1217,69.55,2026-03-14,2026-07-06,PricingFeedA,2025-09-04
PRC0004535,57820791671,MAC,13.8044,579.78,2025-08-01,2025-11-19,PricingFeedB,2026-03-08
PRC0004536,54472137420,NADAC,2.3962,218.05,2023-06-30,2025-05-16,PricingFeedA,2026-07-14
PRC0004537,86713966277,Contract Rate,9.9091,545.0,2023-06-21,2024-01-22,PricingFeedB,2026-03-22
PRC0004538,21424930580,Contract Rate,18.8876,831.05,2024-05-06,2025-10-12,PricingFeedB,2025-07-16
PRC0004539,52862954898,WAC,1.1536,57.68,2023-03-30,2025-01-31,PricingFeedB,2026-03-04
PRC0004540,91771545572,AWP,7.1432,635.74,2026-04-06,2027-05-20,PricingFeedB,2026-06-02
PRC0004541,96012885450,MAC,10.3187,175.42,2023-03-21,2024-09-09,PricingFeedB,2026-04-27
PRC0004542,94423237054,AWP,7.0763,84.92,2024-03-26,2024-09-07,PricingFeedB,2025-07-12
PRC0004543,73362282174,NADAC,11.0627,177.0,2025-07-04,2026-09-08,PricingFeedB,2025-06-28
PRC0004544,98272669316,MAC,-2.4473,-239.84,2026-04-25,2026-09-15,PricingFeedA,2025-07-08
PRC0004545,20380451050,NADAC,22.9976,666.93,2024-08-05,2026-02-06,PricingFeedB,2025-11-06
PRC0004546,37158569890,AWP,1.9624,168.77,2024-06-30,2025-03-19,PricingFeedA,2026-02-09
PRC0004547,70221820796,Contract Rate,16.0444,1476.08,2025-06-20,2026-06-22,PricingFeedA,2025-05-31
PRC0004548,76744433751,Contract Rate,9.8839,395.36,2024-03-23,2025-10-01,PricingFeedA,2025-10-11
PRC0004549,44047392978,NADAC,10.1336,952.56,2023-09-20,2025-03-12,PricingFeedB,2025-12-22
PRC0004550,44518564169,Contract Rate,12.2736,1116.9,2023-02-26,2024-08-24,PricingFeedB,2025-12-03
PRC0004551,26059713727,Contract Rate,10.8524,282.16,2025-01-07,2026-04-23,PricingFeedA,2025-03-24
PRC0004552,96493569992,WAC,2.233,156.31,2025-08-15,2026-02-18,PricingFeedA,2025-12-14
PRC0004553,52800745415,Contract Rate,6.4071,352.39,2024-08-27,2025-11-10,PricingFeedB,2026-01-21
PRC0004554,26940396868,MAC,5.0271,377.03,2025-03-16,2026-04-19,PricingFeedB,2025-06-06
PRC0004555,37173563991,Contract Rate,6.4156,635.14,2025-05-28,2026-03-28,PricingFeedB,2025-11-27
PRC0004556,77783196614,NADAC,5.8804,141.13,2024-06-16,2025-11-12,PricingFeedB,2025-05-13
PRC0004557,56356748535,AWP,17.6774,636.39,2024-12-27,2025-07-26,PricingFeedB,2026-08-08
PRC0004558,59049568585,MAC,5.9063,378.0,2023-02-17,2024-03-13,PricingFeedB,2026-06-02
PRC0004559,18139712589,AWP,5.8161,209.38,2023-08-05,2024-02-27,PricingFeedA,2025-02-24
PRC0004560,20698353031,MAC,40.0587,2804.11,2023-08-19,2025-06-20,PricingFeedA,2026-04-16
PRC0004561,81214270455,AWP,5.8127,75.57,2025-02-13,2026-07-15,PricingFeedB,2026-08-01
PRC0004562,73078761162,MAC,32.6543,3102.16,2024-06-11,2026-01-19,PricingFeedB,2025-10-12
PRC0004563,70317814977,NADAC,5.1477,360.34,2023-01-02,2024-08-06,PricingFeedA,2026-06-02
PRC0004564,82051876664,WAC,5.311,106.22,2023-09-06,2025-05-25,PricingFeedA,2026-05-30
PRC0004565,91237315897,WAC,2.8121,233.4,2025-12-07,2027-01-02,PricingFeedB,2025-01-22
PRC0004566,92965682838,AWP,25.9524,389.29,2025-09-21,2026-10-07,PricingFeedB,2026-04-10
PRC0004567,43111470329,AWP,13.4855,1281.12,2023-08-02,2024-12-03,PricingFeedA,2025-04-28
PRC0004568,74970912325,NADAC,5.1978,327.46,2025-09-24,2026-07-14,PricingFeedB,2025-07-29
PRC0004569,96515232917,Contract Rate,16.6536,249.8,2024-10-20,2025-12-06,PricingFeedB,2025-06-06
PRC0004570,77096329537,MAC,17.7827,337.87,2024-06-28,2026-04-12,PricingFeedA,2026-01-28
PRC0004571,77675552758,Contract Rate,6.3445,285.5,2026-02-11,2026-10-13,PricingFeedB,2025-09-02
PRC0004572,20269556375,NADAC,14.1568,1401.52,2026-01-12,2027-05-12,PricingFeedB,2025-06-01
PRC0004573,64075701520,Contract Rate,3.5158,98.44,2023-08-08,2025-03-05,PricingFeedA,2025-05-02
PRC0004574,66678730118,AWP,21.9481,1119.35,2024-08-23,2026-07-22,PricingFeedB,2025-12-20
PRC0004575,99511771384,Contract Rate,10.3884,592.14,2024-04-24,2024-10-22,PricingFeedB,2025-12-15
PRC0004576,12371232115,NADAC,8.226,131.62,2023-09-11,2024-04-06,PricingFeedB,2025-06-04
PRC0004577,76582366385,NADAC,13.8728,319.07,2025-04-04,2025-10-19,PricingFeedA,2026-08-02
PRC0004578,54528514686,NADAC,8.6004,352.62,2024-07-03,2024-11-16,PricingFeedA,2026-02-04
PRC0004579,80465954660,Contract Rate,48.2127,3182.04,2025-09-22,2026-03-24,PricingFeedA,2025-12-14
PRC0004580,50146274292,MAC,23.5757,2168.96,2024-10-15,2025-06-05,PricingFeedA,2025-06-06
PRC0004581,26801997786,NADAC,12.9684,194.53,2024-08-25,2026-06-22,PricingFeedB,2025-08-02
PRC0004582,96493569992,WAC,12.3559,1062.61,2023-04-05,2024-08-01,PricingFeedB,2026-07-02
PRC0004583,47958975815,Contract Rate,6.4973,558.77,2023-05-20,2025-02-28,PricingFeedB,2025-11-30
PRC0004584,59778965268,AWP,12.0305,216.55,2023-10-25,2024-05-18,PricingFeedA,2026-01-18
PRC0004585,99309147368,WAC,34.56,1382.4,2025-09-24,2026-08-29,PricingFeedA,2026-04-20
PRC0004586,50389239682,Contract Rate,16.4595,806.52,2025-08-13,2027-06-28,PricingFeedA,2025-03-13
PRC0004587,17132186749,AWP,31.3398,1002.87,2025-01-02,2026-11-20,PricingFeedB,2025-10-28
PRC0004588,35251160755,NADAC,5.8764,581.76,2026-03-16,2026-09-26,PricingFeedA,2025-11-24
PRC0004589,44363144090,Contract Rate,5.2929,232.89,2024-04-03,2025-01-02,PricingFeedA,2026-02-24
PRC0004590,48104454958,MAC,8.7882,202.13,2024-05-15,2024-08-27,PricingFeedB,2025-12-23
PRC0004591,20858309589,WAC,5.4851,378.47,2023-04-11,2024-06-10,PricingFeedA,2025-04-08
PRC0004592,61023340877,NADAC,1.3243,112.57,2025-09-03,2026-02-20,PricingFeedA,2025-07-07
PRC0004593,81276626479,MAC,0.8483,71.26,2025-04-16,2026-12-24,PricingFeedB,2025-10-26
PRC0004594,35551800184,Contract Rate,5.9562,452.67,2025-12-21,2026-06-26,PricingFeedA,2025-09-21
PRC0004595,22965734777,AWP,9.4049,197.5,2026-05-04,2026-12-10,PricingFeedA,2026-04-23
PRC0004596,39023637631,WAC,8.917,294.26,2025-03-10,2025-08-08,PricingFeedA,2025-03-03
PRC0004597,35021253272,WAC,4.657,60.54,2025-02-13,2026-12-08,PricingFeedA,2025-09-05
PRC0004598,40538581357,AWP,16.0022,1552.21,2026-01-21,2026-10-08,PricingFeedA,2026-05-14
PRC0004599,24897240235,MAC,29.8658,2419.13,2025-04-09,2026-07-02,PricingFeedA,2025-03-13
PRC0004600,63943747887,Contract Rate,8.0061,144.11,2025-12-14,2027-03-24,PricingFeedA,2025-01-03
PRC0004601,92274531886,MAC,62.4643,5309.47,2026-02-04,2027-06-10,PricingFeedA,2025-04-05
PRC0004602,33036992193,NADAC,16.0896,1254.99,2024-01-25,2024-11-07,PricingFeedB,2026-04-02
PRC0004603,27078116314,NADAC,1.4016,77.09,2024-08-06,2026-07-14,PricingFeedB,2026-05-04
PRC0004604,14904163164,Contract Rate,1.7069,117.78,2024-04-05,2025-11-26,PricingFeedB,2025-06-30
PRC0004605,49300844372,MAC,4.452,138.01,2024-05-19,2025-07-19,PricingFeedA,2025-03-10
PRC0004606,62840208185,AWP,6.3113,403.92,2024-11-28,2026-08-19,PricingFeedA,2025-02-20
PRC0004607,51465880016,Contract Rate,3.3577,90.66,2025-07-19,2026-03-11,PricingFeedB,2026-03-25
PRC0004608,22620625618,MAC,34.2876,3188.75,2023-09-12,2023-12-26,PricingFeedA,2025-11-05
PRC0004609,43240994052,MAC,22.87,388.79,2024-03-23,2025-06-22,PricingFeedA,2025-01-12
PRC0004610,15897986050,Contract Rate,19.2919,1234.68,2024-11-11,2026-07-27,PricingFeedA,2025-06-09
PRC0004611,41274493097,MAC,13.8707,998.69,2024-01-27,2024-10-07,PricingFeedA,2026-05-25
PRC0004612,26884937862,MAC,1.8503,40.71,2025-02-16,2026-01-05,PricingFeedB,2025-01-28
PRC0004613,96269476252,NADAC,2.221,166.58,2026-01-18,2026-08-12,PricingFeedA,2026-08-01
PRC0004614,54145454630,AWP,25.529,816.93,2024-06-26,2025-05-17,PricingFeedB,2025-06-01
PRC0004615,74584984923,WAC,11.6782,1132.79,2023-11-17,2024-03-31,PricingFeedB,2025-03-04
PRC0004616,85086957723,NADAC,14.9889,359.73,2025-04-16,2025-11-23,PricingFeedA,2026-04-06
PRC0004617,28309735158,Contract Rate,10.7145,857.16,2025-12-01,2027-03-02,PricingFeedB,2025-01-16
PRC0004618,94324240174,MAC,7.1672,121.84,2024-04-04,2026-03-13,PricingFeedB,2026-05-08
PRC0004619,93026770242,NADAC,3.1938,300.22,2025-08-31,2026-05-30,PricingFeedB,2025-09-02
PRC0004620,21889957164,MAC,20.3816,1487.86,2026-01-28,2027-05-16,PricingFeedB,2025-08-28
PRC0004621,41577609162,MAC,6.779,196.59,2026-01-27,2027-12-13,PricingFeedB,2025-01-13
PRC0004622,25964239840,Contract Rate,2.4065,55.35,2023-08-08,2025-01-10,PricingFeedB,2026-01-11
PRC0004623,97829657184,UNKNOWN_METHOD,13.034,860.24,2025-09-12,2026-09-09,PricingFeedA,2025-08-26
PRC0004624,74970912325,NADAC,9.0053,738.43,2023-01-29,2023-09-03,PricingFeedA,2026-02-03
PRC0004625,54054126339,AWP,27.095,1977.93,2026-02-25,2026-07-17,PricingFeedA,2026-04-29
PRC0004626,97378960743,WAC,1.9311,52.14,2023-01-15,2023-07-07,PricingFeedA,2026-02-25
PRC0004627,56133530192,Contract Rate,21.5582,797.65,2026-02-28,2026-09-24,PricingFeedB,2026-06-05
PRC0004628,59002120957,AWP,2.8957,202.7,2025-11-15,2027-09-30,PricingFeedB,2026-03-07
PRC0004629,22109843357,Contract Rate,4.7146,320.59,2023-07-30,2025-04-05,PricingFeedB,2026-01-17
PRC0004630,93234720318,AWP,18.5322,889.55,2026-05-13,2027-09-12,PricingFeedB,2026-07-13
PRC0004631,14612321460,WAC,4.869,185.02,2023-09-24,2025-02-20,PricingFeedB,2025-06-02
PRC0004632,45970496271,Contract Rate,20.8724,1920.26,2024-03-11,2024-12-07,PricingFeedB,2026-04-02
PRC0004633,99698815592,NADAC,8.5056,629.41,2024-07-03,2025-12-23,PricingFeedA,2026-07-14
PRC0004634,44211207023,AWP,17.8988,411.67,2023-03-28,2023-06-29,PricingFeedB,2025-10-21
PRC0004635,12859564719,Contract Rate,14.6549,952.57,2026-05-21,2028-02-20,PricingFeedB,2026-02-05
PRC0004636,28309735158,MAC,8.0886,501.49,2023-10-04,2024-01-11,PricingFeedA,2025-10-04
PRC0004637,77574673580,MAC,21.0899,1033.41,2023-08-22,2024-08-03,PricingFeedA,2025-01-18
PRC0004638,63613240630,WAC,3.5122,231.81,2024-12-16,2026-02-19,PricingFeedB,2025-12-20
PRC0004639,94714373929,WAC,4.4799,358.39,2023-06-26,2024-09-11,PricingFeedB,2025-07-22
PRC0004640,60036280484,NADAC,3.4244,232.86,2023-02-27,2023-09-07,PricingFeedA,2026-02-19
PRC0004641,68749757957,MAC,2.7659,248.93,2026-03-11,2028-02-19,PricingFeedB,2025-08-28
PRC0004642,31169773873,WAC,7.3649,449.26,2024-06-10,2025-04-22,PricingFeedA,2025-06-05
PRC0004643,51730490271,MAC,25.0597,1478.52,2024-09-09,2025-09-29,PricingFeedB,2026-05-11
PRC0004644,26670320788,MAC,17.2905,743.49,2025-11-26,2027-05-13,PricingFeedA,2025-01-17
PRC0004645,50389239682,WAC,13.7823,716.68,2024-11-23,2026-03-29,PricingFeedA,2025-12-02
PRC0004646,97224337179,NADAC,7.0889,645.09,2025-07-25,2027-01-31,PricingFeedB,2025-04-28
PRC0004647,59778965268,MAC,5.5547,227.74,2026-05-24,2026-10-30,PricingFeedA,2026-02-28
PRC0004648,78677417938,AWP,2.451,112.75,2025-08-10,2026-10-04,PricingFeedA,2025-05-24
PRC0004649,58140162291,WAC,7.3441,359.86,2025-07-19,2026-03-19,PricingFeedB,2026-03-27
PRC0004650,53756657133,MAC,8.3208,141.45,2023-02-09,2023-09-09,PricingFeedA,2025-10-30
PRC0004651,47494236310,AWP,3.3397,247.14,2024-09-24,2025-07-19,PricingFeedA,2026-07-26
PRC0004652,96269476252,WAC,1.35,67.5,2026-01-19,2027-06-24,PricingFeedA,2025-12-04
PRC0004653,58914968790,AWP,24.0556,1467.39,2024-01-01,2024-12-31,PricingFeedA,2025-09-15
PRC0004654,85528237583,AWP,1.967,41.31,2024-09-23,2025-07-02,PricingFeedB,2026-01-08
PRC0004655,60441392789,NADAC,10.3826,882.52,2024-07-03,2024-10-22,PricingFeedB,2025-09-24
PRC0004656,87009353291,MAC,10.2338,1002.91,2025-11-27,2027-02-24,PricingFeedB,2025-10-22
PRC0004657,84799902623,MAC,16.2022,453.66,2023-04-07,2023-10-10,PricingFeedB,2026-05-23
PRC0004658,50461794847,AWP,8.5549,829.83,2023-08-14,2025-06-30,PricingFeedB,2026-02-20
PRC0004659,19307837771,MAC,8.1633,555.1,2026-04-23,2027-12-29,PricingFeedB,2025-06-17
PRC0004660,40504965642,NADAC,0.4459,35.23,2025-04-12,2026-04-03,PricingFeedA,2025-03-21
PRC0004661,93785641343,Contract Rate,14.501,1174.58,2023-06-18,2024-07-02,PricingFeedA,2025-09-04
PRC0004662,52855896229,AWP,15.1984,516.75,2023-11-28,2025-09-14,PricingFeedB,2025-10-31
PRC0004663,82145991167,Contract Rate,7.8105,413.96,2024-09-08,2025-04-30,PricingFeedA,2025-11-18
PRC0004664,11107186150,WAC,5.2423,518.99,2024-01-01,2025-09-11,PricingFeedB,2026-08-06
PRC0004665,69710507219,WAC,9.8676,187.48,2025-09-18,2026-10-28,PricingFeedA,2025-04-05
PRC0004666,95396703691,WAC,6.5033,409.71,2023-07-01,2024-01-07,PricingFeedB,2026-03-07
PRC0004667,32345951358,NADAC,11.0701,487.08,2024-04-09,2025-06-22,PricingFeedA,2026-07-18
PRC0004668,92131319328,NADAC,5.5021,352.13,2024-02-09,2024-05-25,PricingFeedB,2025-03-12
PRC0004669,82822319745,AWP,3.9536,130.47,2024-10-02,2026-07-04,PricingFeedA,2025-06-27
PRC0004670,40802338292,Contract Rate,14.0531,252.96,2024-01-27,2025-02-22,PricingFeedB,2026-03-11
PRC0004671,87094117577,WAC,2.9525,156.48,2025-02-17,2026-10-25,PricingFeedA,2025-05-12
PRC0004672,17132186749,AWP,4.2282,93.02,2025-11-01,2027-01-31,PricingFeedB,2025-09-21
PRC0004673,48051460965,MAC,3.359,188.1,2025-10-11,2026-04-11,PricingFeedB,2026-06-11
PRC0004674,66678730118,MAC,10.4525,930.27,2024-07-15,2025-08-01,PricingFeedA,2025-11-11
PRC0004675,90728447630,NADAC,12.4033,1066.68,2023-11-27,2025-01-23,PricingFeedB,2026-02-08
PRC0004676,89572512973,NADAC,11.3915,934.1,2023-08-10,2024-11-16,PricingFeedA,2025-09-22
PRC0004677,23817377057,AWP,33.7145,1281.15,2025-12-05,2026-03-28,PricingFeedA,2026-05-15
PRC0004678,92608453526,Contract Rate,17.5652,404.0,2026-04-04,2027-10-24,PricingFeedB,2025-06-06
PRC0004679,87507818254,NADAC,4.9801,244.02,2024-03-21,2025-12-16,PricingFeedA,2026-01-22
PRC0004680,65464801075,WAC,22.2394,2179.46,2024-07-26,2025-03-02,PricingFeedB,2026-07-27
PRC0004681,26851855697,NADAC,2.594,44.1,2026-02-17,2026-07-24,PricingFeedB,2025-10-11
PRC0004682,18501762876,NADAC,7.5454,211.27,2023-09-07,2025-06-03,PricingFeedA,2026-02-07
PRC0004683,93839707777,Contract Rate,5.5915,469.69,2026-02-01,2027-09-18,PricingFeedA,2026-06-29
PRC0004684,96688660979,MAC,21.625,670.38,2026-04-15,2027-05-14,PricingFeedB,2025-10-22
PRC0004685,37452117788,AWP,14.0004,308.01,2024-03-29,2025-06-22,PricingFeedA,2025-02-13
PRC0004686,28309735158,AWP,2.0623,76.31,2023-04-09,2024-05-24,PricingFeedA,2025-09-19
PRC0004687,91638946513,MAC,8.8685,478.9,2025-08-20,2026-12-31,PricingFeedB,2026-04-10
PRC0004688,66961165235,AWP,5.0635,182.29,2025-06-24,2026-12-12,PricingFeedB,2025-07-04
PRC0004689,99918121569,NADAC,18.4374,1438.12,2023-10-02,2024-06-29,PricingFeedB,2025-05-25
PRC0004690,39077562796,MAC,14.2601,256.68,2024-02-19,2026-01-13,PricingFeedB,2026-03-10
PRC0004691,87009353291,MAC,2.3825,207.28,2025-03-20,2026-12-20,PricingFeedA,2025-12-26
PRC0004692,17813492685,MAC,1.4421,27.4,2024-10-20,2026-05-02,PricingFeedB,2026-06-09
PRC0004693,62995547857,WAC,33.4165,2873.82,2025-01-12,2026-12-07,PricingFeedA,2025-11-10
PRC0004694,63128504045,AWP,1.122,25.81,2024-06-01,2025-04-06,PricingFeedB,2026-07-28
PRC0004695,96012885450,Contract Rate,7.6816,652.94,2024-12-23,2026-11-23,PricingFeedB,2025-07-18
PRC0004696,73078761162,NADAC,6.908,241.78,2025-06-29,2025-10-09,PricingFeedA,2026-07-30
PRC0004697,40081577678,NADAC,2.2308,42.39,2025-11-19,2026-07-15,PricingFeedB,2026-06-13
PRC0004698,69710507219,AWP,7.3751,597.38,2026-03-21,2026-10-15,PricingFeedA,2025-11-26
PRC0004699,48777918537,AWP,8.1932,139.28,2025-11-04,2026-07-23,PricingFeedB,2026-03-15
PRC0004700,46113156038,NADAC,3.0101,84.28,2026-01-14,2027-11-09,PricingFeedA,2025-07-05
PRC0004701,92373928763,Contract Rate,,158.74,2024-02-26,2025-08-19,PricingFeedA,2025-06-23
PRC0004702,99873357727,MAC,22.7735,1730.79,2025-07-12,2027-06-02,PricingFeedA,2026-05-28
PRC0004703,77447650355,AWP,1.2912,50.36,2026-01-22,2026-05-06,PricingFeedA,2026-01-08
PRC0004704,38655593381,AWP,6.6754,580.76,2024-03-05,2024-09-16,PricingFeedA,2025-04-18
PRC0004705,89292409434,Contract Rate,21.6529,692.89,2023-06-29,2025-03-24,PricingFeedB,2025-04-29
PRC0004706,91638946513,WAC,7.3233,336.87,2025-10-06,2026-10-02,PricingFeedB,2025-06-12
PRC0004707,14612321460,Contract Rate,10.368,352.51,2025-03-06,2026-03-18,PricingFeedA,2025-08-19
PRC0004708,21322844418,WAC,14.3926,503.74,2025-02-02,2026-06-02,PricingFeedA,2026-04-26
PRC0004709,27306655329,Contract Rate,6.5493,91.69,2024-10-29,2026-07-09,PricingFeedA,2025-12-28
PRC0004710,19962310632,NADAC,10.1045,899.3,2025-01-21,2025-11-15,PricingFeedB,2026-03-14
PRC0004711,13367227159,AWP,7.641,191.03,2023-10-09,2025-07-28,PricingFeedA,2026-06-29
PRC0004712,13954840715,AWP,7.0057,315.26,2024-04-04,2024-09-19,PricingFeedB,2025-11-05
PRC0004713,51917506910,WAC,0.5197,16.11,2024-09-27,2025-11-06,PricingFeedA,2025-10-04
PRC0004714,26670320788,MAC,3.1188,243.27,2026-02-01,2027-08-26,PricingFeedB,2025-05-17
PRC0004715,86106901629,NADAC,14.1953,454.25,2026-04-02,2027-06-22,PricingFeedA,2025-04-25
PRC0004716,57775544235,Contract Rate,2.7166,81.5,2024-07-10,2025-04-18,PricingFeedB,2025-02-18
PRC0004717,56758128355,AWP,10.389,914.23,2024-05-24,2024-10-27,PricingFeedB,2025-07-08
PRC0004718,31553546728,Contract Rate,2.9355,193.74,2025-08-20,2027-01-18,PricingFeedA,2026-04-10
PRC0004719,12250369486,WAC,2.1699,212.65,2023-11-09,2025-03-02,PricingFeedA,2026-06-06
PRC0004720,49501356011,AWP,7.2161,512.34,2023-11-30,2024-10-17,PricingFeedA,2025-11-30
PRC0004721,61966238250,MAC,9.2146,267.22,2023-05-26,2024-01-02,PricingFeedA,2025-04-11
PRC0004722,16987352560,MAC,14.8977,1087.53,2026-05-08,2028-01-11,PricingFeedA,2026-01-08
PRC0004723,22951612888,AWP,3.1217,81.16,2025-05-06,2025-09-25,PricingFeedB,2025-01-16
PRC0004724,34027958339,WAC,18.8158,451.58,2023-07-07,2024-06-08,PricingFeedA,2026-01-10
PRC0004725,37120476461,AWP,5.7685,346.11,2023-11-07,2025-01-05,PricingFeedB,2026-03-27
PRC0004726,53024281896,WAC,10.5258,252.62,2023-08-07,2025-01-22,PricingFeedB,2026-06-10
PRC0004727,51057281520,WAC,19.4774,1636.1,2024-08-18,2025-07-07,PricingFeedA,2025-08-26
PRC0004728,76401628732,WAC,1.7633,167.51,2023-07-04,2024-09-11,PricingFeedA,2025-10-22
PRC0004729,27838113191,AWP,10.1849,804.61,2024-09-13,2025-12-27,PricingFeedB,2025-02-02
PRC0004730,79740234754,MAC,33.9649,2275.65,2025-11-25,2027-06-19,PricingFeedA,2025-01-02
PRC0004731,22951612888,NADAC,2.7056,159.63,2025-08-14,2026-04-09,PricingFeedA,2025-07-18
PRC0004732,62579571575,Contract Rate,1.9665,33.43,2025-08-11,2027-04-11,PricingFeedB,2025-04-19
PRC0004733,84334385421,MAC,2.5111,213.44,2023-09-18,2024-07-14,PricingFeedB,2025-12-27
PRC0004734,14752304010,AWP,86.6898,3987.73,2026-01-07,2026-12-21,PricingFeedB,2026-05-05
PRC0004735,52039804315,Contract Rate,37.0022,666.04,2025-05-20,2026-02-18,PricingFeedB,2026-05-14
PRC0004736,34198319284,NADAC,3.2572,45.6,2026-05-20,2027-03-17,PricingFeedB,2025-12-20
PRC0004737,83931760396,WAC,5.1885,461.78,2026-05-07,2027-02-19,PricingFeedA,2025-05-11
PRC0004738,68817261549,MAC,15.4436,339.76,2023-11-29,2024-07-27,PricingFeedA,2026-06-19
PRC0004739,52583690494,WAC,1.5554,54.44,2023-01-06,2023-08-29,PricingFeedB,2025-03-04
PRC0004740,10581609776,Contract Rate,6.967,195.08,2025-11-23,2026-08-31,PricingFeedA,2025-12-12
PRC0004741,46113156038,NADAC,11.5629,531.89,2023-05-07,2024-10-15,PricingFeedB,2026-06-03
PRC0004742,84047590849,NADAC,10.2166,919.49,2023-05-10,2024-12-07,PricingFeedA,2025-12-16
PRC0004743,67124608759,AWP,8.9255,169.58,2025-11-02,2027-05-21,PricingFeedB,2025-06-11
PRC0004744,25094254121,NADAC,-4.6529,-120.98,2024-09-13,2025-03-20,PricingFeedA,2026-01-18
PRC0004745,88995939535,MAC,22.7155,704.18,2024-12-19,2025-04-14,PricingFeedA,2025-02-05
PRC0004746,76548454081,WAC,9.5884,316.42,2025-08-05,2026-08-14,PricingFeedB,2025-05-14
PRC0004747,94421963775,MAC,6.9635,550.12,2026-03-19,2027-04-01,PricingFeedA,2025-08-18
PRC0004748,73362282174,AWP,11.8181,957.27,2024-08-28,2025-09-24,PricingFeedA,2026-03-28
PRC0004749,15456605232,AWP,1.732,81.4,2024-07-31,2026-02-20,PricingFeedB,2025-12-01
PRC0004750,59778965268,MAC,4.6149,406.11,2023-05-19,2024-07-31,PricingFeedB,2025-09-01
PRC0004751,89013673320,MAC,10.7016,770.52,2024-03-18,2025-03-02,PricingFeedA,2026-05-02
PRC0004752,25951181670,AWP,25.9888,883.62,2025-08-13,2026-02-12,PricingFeedB,2026-01-04
PRC0004753,56758128355,AWP,8.2036,254.31,2023-08-31,2024-08-18,PricingFeedB,2025-09-19
PRC0004754,63943747887,WAC,5.2368,251.37,2025-07-09,2027-03-24,PricingFeedA,2025-03-13
PRC0004755,40815151380,NADAC,10.8311,823.16,2025-04-21,2027-02-15,PricingFeedB,2026-03-20
PRC0004756,56084952427,Contract Rate,12.9705,311.29,2023-11-06,2025-01-15,PricingFeedB,2025-03-17
PRC0004757,15134521550,NADAC,11.2948,1016.53,2025-08-09,2027-04-02,PricingFeedA,2025-07-31
PRC0004758,39023637631,Contract Rate,2.2943,96.36,2025-12-16,2027-02-09,PricingFeedA,2025-12-06
PRC0004759,65593261567,MAC,2.8023,241.0,2023-07-14,2024-05-03,PricingFeedA,2026-05-21
PRC0004760,70003467749,NADAC,2.9973,41.96,2023-12-02,2025-05-27,PricingFeedB,2025-11-06
PRC0004761,52558778061,MAC,3.0461,76.15,2024-01-26,2025-05-09,PricingFeedA,2026-03-09
PRC0004762,83490963119,NADAC,4.1195,341.92,2025-07-23,2026-03-17,PricingFeedA,2025-09-15
PRC0004763,76013679988,MAC,17.4954,1312.15,2023-09-03,2025-04-19,PricingFeedA,2025-09-01
PRC0004764,99873357727,NADAC,1.48,34.04,2024-07-11,2025-10-21,PricingFeedA,2025-10-23
PRC0004765,84334385421,AWP,1.1611,22.06,2023-08-03,2024-12-11,PricingFeedA,2026-02-07
PRC0004766,37085218953,NADAC,18.3708,220.45,2024-03-09,2024-10-15,PricingFeedB,2025-12-22
PRC0004767,17132186749,NADAC,22.6124,610.53,2025-03-30,2025-12-16,PricingFeedA,2025-06-01
PRC0004768,84680513981,Contract Rate,36.4149,1019.62,2025-03-12,2026-11-18,PricingFeedB,2026-04-15
PRC0004769,20972530362,AWP,20.9358,1591.12,2025-11-30,2027-05-27,PricingFeedB,2025-08-09
PRC0004770,40837522788,AWP,5.6967,108.24,2025-06-26,2027-05-22,PricingFeedB,2025-03-05
PRC0004771,97224337179,Contract Rate,3.8503,254.12,2025-07-18,2026-02-07,PricingFeedA,2026-01-13
PRC0004772,73825238231,MAC,1.2908,47.76,2026-03-14,2027-08-14,PricingFeedA,2025-12-29
PRC0004773,32786886812,Contract Rate,35.4997,426.0,2025-11-27,2026-03-16,PricingFeedA,2025-01-04
PRC0004774,53358319960,Contract Rate,17.875,947.38,2024-06-03,2025-11-18,PricingFeedB,2025-03-08
PRC0004775,10772533217,Contract Rate,6.4257,449.8,2025-07-08,2027-06-08,PricingFeedB,2026-06-21
PRC0004776,91304485350,WAC,1.6314,31.0,2024-05-23,2024-11-09,PricingFeedA,2025-12-16
PRC0004777,81267869985,MAC,18.7249,187.25,2025-10-28,2026-10-04,PricingFeedA,2025-03-07
PRC0004778,52440734534,WAC,4.2721,64.08,2024-03-20,2024-08-08,PricingFeedB,2025-03-25
PRC0004779,81144656722,MAC,6.111,415.55,2026-03-13,2026-11-21,PricingFeedA,2025-12-26
PRC0004780,42994769258,WAC,4.7969,369.36,2025-01-04,2026-05-19,PricingFeedA,2026-03-19
PRC0004781,76229411744,NADAC,3.3974,200.45,2023-05-10,2024-04-22,PricingFeedB,2026-01-16
PRC0004782,18104794374,WAC,14.1365,1060.24,2023-10-03,2024-09-28,PricingFeedB,2026-02-25
PRC0004783,76439803058,AWP,14.0014,350.04,2026-04-07,2027-12-18,PricingFeedA,2025-05-06
PRC0004784,66887309527,AWP,3.4182,143.56,2025-11-05,2026-11-07,PricingFeedA,2026-02-12
PRC0004785,41115163443,MAC,16.5619,1324.95,2023-11-22,2024-03-21,PricingFeedA,2025-05-23
PRC0004786,22366963895,MAC,17.9697,1671.18,2024-10-02,2026-05-21,PricingFeedA,2025-07-04
PRC0004787,76744433751,NADAC,6.1796,105.05,2024-04-25,2026-01-21,PricingFeedA,2025-03-11
PRC0004788,69398255036,WAC,30.7512,738.03,2023-07-15,2024-09-09,PricingFeedA,2026-01-25
PRC0004789,45395582883,AWP,5.9485,350.96,2024-04-01,2024-11-26,PricingFeedA,2025-03-28
PRC0004790,33848103692,MAC,3.2447,204.42,2023-11-24,2025-05-28,PricingFeedA,2026-04-17
PRC0004791,83727139018,NADAC,63.0666,5612.93,2026-04-15,2027-10-02,PricingFeedA,2026-06-05
PRC0004792,45073829754,WAC,2.2185,73.21,2025-07-27,2027-07-05,PricingFeedA,2026-05-14
PRC0004793,79689644320,Contract Rate,10.6918,780.5,2024-07-20,2026-05-19,PricingFeedA,2026-03-16
PRC0004794,84334385421,AWP,19.8428,694.5,2025-11-27,2026-05-15,PricingFeedB,2026-06-13
PRC0004795,38443858993,NADAC,35.238,986.66,2025-04-03,2027-01-09,PricingFeedB,2025-12-26
PRC0004796,32031366424,WAC,7.5479,294.37,2023-08-17,2024-05-06,PricingFeedA,2026-05-18
PRC0004797,99070622849,Contract Rate,23.9408,2346.2,2023-12-22,2025-06-18,PricingFeedA,2025-04-21
PRC0004798,52855896229,NADAC,10.2114,102.11,2023-05-06,2024-05-01,PricingFeedB,2025-11-13
PRC0004799,69398255036,NADAC,4.7514,451.38,2024-01-28,2024-05-27,PricingFeedB,2025-07-05
PRC0004800,41115163443,AWP,10.1762,295.11,2024-09-12,2026-04-01,PricingFeedA,2025-04-09
PRC0004801,67413273786,AWP,4.909,284.72,2026-02-24,2027-12-03,PricingFeedB,2025-10-20
PRC0004802,18139712589,AWP,1.0034,34.12,2024-04-27,2025-04-13,PricingFeedB,2026-08-03
PRC0004803,99603627774,MAC,18.1636,1761.87,2026-02-16,2026-10-22,PricingFeedB,2025-09-07
PRC0004804,52238926923,WAC,69.9387,2098.16,2024-01-21,2024-04-22,PricingFeedA,2025-07-07
PRC0004805,13165383624,AWP,11.8028,873.41,2025-01-15,2026-07-15,PricingFeedA,2025-03-23
PRC0004806,38481272433,Contract Rate,44.5454,2004.54,2023-04-29,2023-09-07,PricingFeedB,2026-05-13
PRC0004807,83261389024,Contract Rate,5.25,383.25,2025-04-29,2025-08-18,PricingFeedA,2026-08-13
PRC0004808,10394138129,AWP,2.6315,68.42,2024-09-20,2026-08-04,PricingFeedA,2025-01-18
PRC0004809,27560233760,MAC,19.7322,1854.83,2024-06-21,2025-12-20,PricingFeedB,2026-03-06
PRC0004810,82124250653,WAC,3.1825,200.5,2025-07-13,2026-09-20,PricingFeedB,2025-10-30
PRC0004811,52800745415,AWP,6.596,580.45,2024-08-01,2025-07-21,PricingFeedB,2025-07-22
PRC0004812,89918102779,Contract Rate,12.4462,572.53,2025-04-19,2026-02-28,PricingFeedB,2025-10-08
PRC0004813,45869998291,MAC,50.988,1937.54,2025-09-25,2027-01-25,PricingFeedB,2025-06-07
PRC0004814,96381286924,WAC,27.5971,1490.24,2024-09-25,2026-01-17,PricingFeedB,2025-08-13
PRC0004815,46449302181,AWP,4.4063,189.47,2024-10-17,2026-09-18,PricingFeedB,2025-04-26
PRC0004816,58801526081,MAC,1.9308,189.22,2025-08-07,2025-11-05,PricingFeedA,2026-01-08
PRC0004817,40773504873,WAC,2.4666,29.6,2023-01-22,2024-11-14,PricingFeedB,2025-01-09
PRC0004818,81641422556,WAC,1.699,168.2,2024-07-14,2026-01-09,PricingFeedA,2025-07-29
PRC0004819,29586954162,AWP,5.4724,388.54,2023-01-28,2023-10-11,PricingFeedA,2025-06-11
PRC0004820,92965682838,AWP,2.3604,141.62,2025-05-31,2026-07-29,PricingFeedB,2026-02-28
PRC0004821,55068365571,WAC,1.5697,138.13,2024-06-03,2024-10-21,PricingFeedB,2025-09-10
PRC0004822,40026109670,WAC,7.4173,660.14,2024-05-03,2025-08-13,PricingFeedB,2025-06-13
PRC0004823,94599568355,MAC,12.0674,265.48,2024-08-03,2026-03-12,PricingFeedA,2025-03-12
PRC0004824,69323752585,WAC,9.6782,425.84,2023-06-10,2025-01-01,PricingFeedB,2025-08-02
PRC0004825,99070622849,Contract Rate,7.4265,638.68,2025-12-02,2026-09-09,PricingFeedB,2025-04-23
PRC0004826,68430498393,NADAC,4.8683,73.02,2024-04-15,2025-04-15,PricingFeedA,2025-04-12
PRC0004827,72708515673,Contract Rate,4.2593,298.15,2024-09-15,2026-04-02,PricingFeedB,2025-04-14
PRC0004828,98697873751,MAC,6.9229,380.76,2024-06-07,2024-12-21,PricingFeedA,2026-01-01
PRC0004829,87431285235,MAC,4.532,308.18,2023-09-23,2025-03-04,PricingFeedA,2025-05-02
PRC0004830,10581609776,AWP,10.1983,724.08,2023-12-01,2025-06-01,PricingFeedB,2026-06-03
PRC0004831,33745564480,NADAC,11.4959,896.68,2024-12-16,2026-09-15,PricingFeedB,2025-03-12
PRC0004832,93322571389,AWP,3.101,120.94,2025-02-06,2026-07-04,PricingFeedA,2026-03-21
PRC0004833,80264600050,WAC,8.0087,696.76,2026-01-03,2026-04-09,PricingFeedB,2025-05-03
PRC0004834,87009353291,WAC,25.0207,1326.1,2024-01-15,2025-07-10,PricingFeedB,2025-01-23
PRC0004835,25904761313,Contract Rate,15.9847,1230.82,2023-12-05,2025-07-23,PricingFeedA,2025-11-01
PRC0004836,92387647216,AWP,3.8934,241.39,2023-06-29,2024-08-22,PricingFeedB,2025-11-02
PRC0004837,52258384311,WAC,2.6539,127.39,2023-11-10,2024-05-06,PricingFeedA,2025-01-11
PRC0004838,46911488159,AWP,10.302,206.04,2024-07-08,2024-10-29,PricingFeedA,2025-01-26
PRC0004839,31107191665,WAC,37.7785,2380.05,2023-08-25,2024-09-20,PricingFeedB,2025-01-15
PRC0004840,78632194752,WAC,2.1263,110.57,2023-06-27,2024-03-02,PricingFeedA,2026-01-02
PRC0004841,94227785584,NADAC,6.6432,292.3,2023-03-13,2024-08-02,PricingFeedB,2026-08-15
PRC0004842,16463469022,WAC,4.5938,174.56,2023-06-05,2023-09-27,PricingFeedA,2026-05-20
PRC0004843,38327505360,Contract Rate,23.1448,1573.85,2023-08-16,2025-04-08,PricingFeedB,2025-10-22
PRC0004844,52812397130,WAC,14.3632,904.88,2024-10-11,2026-04-30,PricingFeedA,2025-09-04
PRC0004845,59772579378,MAC,53.0554,4774.99,2023-01-10,2024-07-17,PricingFeedA,2025-09-12
PRC0004846,47041166680,MAC,22.9725,1378.35,2023-03-06,2024-09-20,PricingFeedA,2025-12-13
PRC0004847,70444329131,WAC,2.4715,135.93,2023-11-21,2025-06-04,PricingFeedB,2026-07-14
PRC0004848,21424930580,AWP,7.7209,694.88,2025-08-28,2027-02-13,PricingFeedB,2025-09-12
PRC0004849,57373424595,AWP,12.1782,1071.68,2023-09-22,2024-01-17,PricingFeedA,2025-04-30
PRC0004850,33167573583,NADAC,5.44,228.48,2026-05-04,2027-04-09,PricingFeedB,2025-01-11
PRC0004851,13685557379,WAC,9.8053,333.38,2025-01-09,2025-09-19,PricingFeedA,2025-03-07
PRC0004852,17278457796,Contract Rate,12.6638,785.16,2025-08-31,2026-06-26,PricingFeedA,2026-01-03
PRC0004853,19307837771,NADAC,5.1502,484.12,2024-02-28,2024-06-02,PricingFeedA,2025-04-30
PRC0004854,44770351942,AWP,3.2212,228.71,2023-09-20,2024-01-13,PricingFeedA,2026-03-18
PRC0004855,64647425595,Contract Rate,5.664,254.88,2023-03-11,2023-11-05,PricingFeedB,2025-12-22
PRC0004856,83483861176,NADAC,6.7402,269.61,2025-08-15,2026-05-20,PricingFeedA,2025-06-24
PRC0004857,71609142040,AWP,5.3043,79.56,2024-12-25,2026-07-30,PricingFeedB,2025-04-20
PRC0004858,26718530956,Contract Rate,2.7316,79.22,2024-06-05,2025-10-19,PricingFeedB,2025-01-31
PRC0004859,84080407924,UNKNOWN_METHOD,3.1534,135.6,2025-03-07,2026-06-11,PricingFeedB,2025-03-24
PRC0004860,43111470329,NADAC,15.1294,1043.93,2023-09-26,2024-04-04,PricingFeedA,2025-04-07
PRC0004861,33036992193,WAC,35.0561,2488.98,2024-03-21,2025-02-14,PricingFeedA,2026-03-20
PRC0004862,49994194179,AWP,13.9937,741.67,2024-03-23,2025-08-19,PricingFeedA,2025-04-22
PRC0004863,78234779957,Contract Rate,9.9631,109.59,2025-06-08,2026-11-15,PricingFeedB,2025-02-09
PRC0004864,97358934626,AWP,0.6759,51.37,2024-04-29,2025-09-15,PricingFeedA,2025-11-11
PRC0004865,70556245848,AWP,36.1247,3359.6,2023-04-16,2023-12-03,PricingFeedB,2025-04-26
PRC0004866,38443858993,Contract Rate,4.0014,72.03,2025-11-16,2027-05-01,PricingFeedA,2025-01-18
PRC0004867,79563995586,MAC,10.7056,888.56,2024-01-01,2024-07-31,PricingFeedB,2026-03-16
PRC0004868,19962310632,NADAC,0.308,22.48,2025-09-12,2026-03-27,PricingFeedA,2025-01-11
PRC0004869,37929930922,MAC,14.8268,711.69,2025-03-23,2025-12-20,PricingFeedB,2025-06-12
PRC0004870,44211207023,MAC,19.2043,1574.75,2025-08-04,2026-05-07,PricingFeedB,2025-02-18
PRC0004871,76004568133,NADAC,3.0055,129.24,2024-02-24,2024-12-05,PricingFeedB,2025-04-30
PRC0004872,69166455424,WAC,12.1941,646.29,2025-10-03,2026-06-20,PricingFeedA,2026-04-13
PRC0004873,90728447630,NADAC,5.6757,334.87,2025-05-12,2025-10-27,PricingFeedA,2025-04-18
PRC0004874,45970496271,Contract Rate,5.1278,328.18,2025-10-03,2027-03-26,PricingFeedA,2025-11-06
PRC0004875,36017326675,WAC,14.5231,1060.19,2025-06-12,2026-01-27,PricingFeedA,2026-06-04
PRC0004876,74794323539,Contract Rate,6.7439,101.16,2024-08-27,2026-04-19,PricingFeedA,2025-08-10
PRC0004877,17997612230,MAC,2.7807,239.14,2023-04-27,2024-03-01,PricingFeedB,2025-08-16
PRC0004878,26262248157,WAC,7.7363,208.88,2024-01-09,2024-06-09,PricingFeedA,2026-04-04
PRC0004879,44682779034,UNKNOWN_METHOD,6.0726,121.45,2025-10-12,2027-09-11,PricingFeedB,2025-06-15
PRC0004880,51167339278,Contract Rate,9.2908,789.72,2025-12-05,2026-07-06,PricingFeedA,2026-03-24
PRC0004881,61137801874,NADAC,1.9327,77.31,2025-06-17,2027-05-09,PricingFeedA,2025-02-12
PRC0004882,83483861176,NADAC,3.0938,108.28,2025-12-10,2027-04-25,PricingFeedB,2025-05-08
PRC0004883,87709126031,WAC,2.8009,266.09,2025-10-04,2026-05-30,PricingFeedA,2026-03-05
PRC0004884,86876532778,NADAC,6.9479,409.93,2026-03-12,2027-08-08,PricingFeedA,2026-05-14
PRC0004885,27078116314,AWP,2.7618,49.71,2025-04-27,2026-12-17,PricingFeedA,2025-02-14
PRC0004886,49498489686,WAC,1.7841,53.52,2024-10-24,2025-08-20,PricingFeedA,2026-06-22
PRC0004887,73727371375,WAC,18.0234,1531.99,2024-11-16,2026-01-26,PricingFeedB,2025-12-14
PRC0004888,92832990195,AWP,27.1994,2230.35,2024-06-17,2024-09-16,PricingFeedA,2025-08-24
PRC0004889,42883174115,AWP,8.2763,587.62,2023-07-03,2024-11-03,PricingFeedB,2025-12-03
PRC0004890,32444678260,AWP,7.1176,605.0,2026-03-19,2027-03-01,PricingFeedB,2025-09-09
PRC0004891,86680432854,NADAC,8.9316,821.71,2024-04-28,2026-01-21,PricingFeedA,2025-09-29
PRC0004892,76744433751,AWP,18.5885,1096.72,2024-02-24,2025-01-15,PricingFeedA,2026-03-01
PRC0004893,90019313030,NADAC,3.5447,53.17,2023-03-03,2024-06-05,PricingFeedA,2025-03-15
PRC0004894,52862954898,WAC,13.7267,645.15,2024-04-25,2024-09-13,PricingFeedA,2026-05-19
PRC0004895,68484176329,WAC,17.9805,233.75,2025-12-09,2027-06-17,PricingFeedB,2026-02-05
PRC0004896,68068135693,NADAC,4.0387,68.66,2024-08-08,2026-02-28,PricingFeedB,2025-06-05
PRC0004897,19670863570,AWP,1.4616,58.46,2025-07-24,2026-08-11,PricingFeedB,2026-05-09
PRC0004898,54395112517,NADAC,1.4122,124.27,2023-09-22,2025-02-07,PricingFeedB,2025-02-13
PRC0004899,19270364213,WAC,0.4171,30.03,2025-09-02,2026-12-04,PricingFeedA,2026-07-31
PRC0004900,70221820796,WAC,8.0488,716.34,2025-12-11,2027-10-09,PricingFeedB,2025-11-12
PRC0004901,55406762387,NADAC,3.3199,132.8,2025-06-15,2027-01-22,PricingFeedA,2026-01-11
PRC0004902,26718530956,MAC,9.5712,162.71,2025-11-29,2026-04-12,PricingFeedA,2025-08-18
PRC0004903,48045569225,MAC,32.7917,2984.04,2024-06-02,2025-12-19,PricingFeedB,2025-11-15
PRC0004904,18139712589,AWP,8.9151,855.85,2023-05-07,2024-02-11,PricingFeedA,2026-08-04
PRC0004905,23007709819,AWP,16.7989,554.36,2023-04-30,2025-03-17,PricingFeedB,2026-03-07
PRC0004906,40504965642,Contract Rate,4.3493,300.1,2023-04-17,2023-09-09,PricingFeedA,2025-08-10
PRC0004907,62299475227,WAC,41.8626,4018.81,2024-08-12,2025-10-08,PricingFeedA,2026-06-05
PRC0004908,63764194169,WAC,6.6577,565.9,2023-01-30,2024-12-04,PricingFeedA,2025-03-27
PRC0004909,32829657664,NADAC,12.5617,803.95,2025-07-06,2026-06-26,PricingFeedB,2025-06-22
PRC0004910,10581609776,MAC,3.146,173.03,2024-01-14,2025-01-25,PricingFeedB,2025-06-22
PRC0004911,14974572541,WAC,8.27,686.41,2024-01-08,2025-05-21,PricingFeedB,2026-02-14
PRC0004912,97142643090,Contract Rate,8.4942,781.47,2024-04-02,2025-08-19,PricingFeedA,2026-07-26
PRC0004913,62718517427,MAC,10.7233,900.76,2026-04-25,2027-07-03,PricingFeedB,2026-06-07
PRC0004914,76115147727,AWP,13.7974,372.53,2023-01-05,2024-06-10,PricingFeedB,2026-02-02
PRC0004915,97242993023,AWP,44.7416,1476.47,2024-06-10,2025-06-27,PricingFeedB,2025-05-11
PRC0004916,65004145763,WAC,2.538,78.68,2025-09-30,2026-02-19,PricingFeedB,2026-01-31
PRC0004917,20380451050,MAC,6.0732,498.0,2025-09-27,2027-06-10,PricingFeedA,2026-03-01
PRC0004918,54472137420,MAC,160.8716,14639.32,2024-01-16,2024-09-27,PricingFeedA,2026-03-03
PRC0004919,40081577678,MAC,25.3501,2458.96,2025-09-08,2027-03-30,PricingFeedA,2026-06-17
PRC0004920,42883174115,NADAC,10.3532,414.13,2023-11-05,2024-09-19,PricingFeedA,2026-07-12
PRC0004921,95762624064,MAC,28.0125,1148.51,2023-11-17,2025-09-11,PricingFeedA,2025-01-25
PRC0004922,20380451050,WAC,5.9026,182.98,2026-01-28,2026-07-02,PricingFeedA,2025-09-02
PRC0004923,99698815592,WAC,4.2337,309.06,2023-06-30,2024-10-23,PricingFeedB,2026-04-25
PRC0004924,41577609162,MAC,12.3941,1065.89,2023-09-24,2025-05-13,PricingFeedB,2025-05-30
PRC0004925,17888408220,Contract Rate,9.4024,771.0,2025-03-26,2026-11-15,PricingFeedA,2025-10-28
PRC0004926,70317814977,WAC,2.9554,147.77,2025-07-26,2026-07-20,PricingFeedB,2025-12-31
PRC0004927,84031314513,AWP,1.9302,21.23,2026-04-04,2026-12-27,PricingFeedB,2025-11-07
PRC0004928,17278457796,Contract Rate,10.6585,671.49,2025-10-19,2027-01-29,PricingFeedA,2025-09-23
PRC0004929,14612321460,Contract Rate,2.8424,281.4,2025-03-01,2026-05-16,PricingFeedA,2025-09-13
PRC0004930,84047590849,NADAC,12.7609,459.39,2024-01-29,2026-01-01,PricingFeedA,2026-05-27
PRC0004931,58378729732,Contract Rate,6.6516,292.67,2023-03-23,2024-01-31,PricingFeedB,2025-05-19
PRC0004932,59912899015,AWP,2.3796,95.18,2023-04-11,2023-10-05,PricingFeedB,2025-03-13
PRC0004933,81866879412,NADAC,5.2483,230.93,2024-04-19,2024-08-18,PricingFeedA,2026-05-13
PRC0004934,37195598538,AWP,27.4903,2116.75,2024-04-25,2025-09-14,PricingFeedA,2025-05-02
PRC0004935,50540304418,NADAC,5.0004,480.04,2023-10-05,2024-05-17,PricingFeedB,2026-07-23
PRC0004936,10849291063,MAC,5.194,150.63,2023-07-08,2024-06-23,PricingFeedB,2026-06-27
PRC0004937,64532981981,WAC,6.6432,425.16,2025-07-15,2026-07-16,PricingFeedB,2025-11-25
PRC0004938,60441392789,AWP,28.157,478.67,2024-10-02,2025-12-25,PricingFeedB,2026-07-26
PRC0004939,62718517427,MAC,22.2574,1713.82,2026-05-29,2027-10-18,PricingFeedB,2025-01-16
PRC0004940,87009353291,WAC,8.7472,734.76,2025-03-26,2026-05-20,PricingFeedA,2025-05-21
PRC0004941,14382432019,Contract Rate,13.2852,1115.96,2025-12-26,2026-12-28,PricingFeedA,2025-12-29
PRC0004942,35955476733,Contract Rate,9.0562,298.85,2025-04-08,2026-11-25,PricingFeedB,2025-02-03
PRC0004943,38112790984,AWP,13.3679,427.77,2025-08-24,2026-12-03,PricingFeedA,2025-04-02
PRC0004944,73418540749,AWP,26.5044,2411.9,2023-09-14,2025-05-19,PricingFeedB,2025-12-11
PRC0004945,71609142040,MAC,3.2329,210.14,2024-04-24,2025-03-03,PricingFeedB,2026-03-31
PRC0004946,20166640636,Contract Rate,16.1281,403.2,2023-04-30,2025-01-13,PricingFeedB,2025-09-14
PRC0004947,58914968790,AWP,5.8996,466.07,2025-09-21,2026-06-15,PricingFeedA,2026-03-02
PRC0004948,27838113191,Contract Rate,13.4917,539.67,2023-03-27,2024-10-08,PricingFeedB,2025-07-02
PRC0004949,22522938085,NADAC,4.7118,343.96,2024-10-01,2026-07-13,PricingFeedB,2025-06-10
PRC0004950,28309735158,MAC,6.6325,165.81,2024-09-02,2026-05-20,PricingFeedB,2026-04-28
PRC0004951,80745561821,NADAC,8.5841,377.7,2026-03-24,2027-12-30,PricingFeedB,2026-03-02
PRC0004952,13254104910,MAC,4.5262,371.15,2023-07-09,2024-09-27,PricingFeedA,2026-03-08
PRC0004953,14974572541,AWP,9.749,731.18,2023-01-04,2024-03-18,PricingFeedA,2025-08-24
PRC0004954,94306492934,AWP,9.4657,350.23,2023-12-24,2025-04-28,PricingFeedA,2025-06-08
PRC0004955,13685557379,AWP,6.7824,522.24,2024-10-09,2025-02-11,PricingFeedB,2025-08-24
PRC0004956,96688385328,AWP,19.432,291.48,2026-01-08,2027-12-03,PricingFeedB,2026-06-20
PRC0004957,97829657184,NADAC,13.0532,861.51,2023-01-28,2023-08-19,PricingFeedA,2026-01-10
PRC0004958,77801642735,NADAC,13.0209,911.46,2023-12-07,2025-10-08,PricingFeedA,2026-03-12
PRC0004959,97162450186,Contract Rate,58.7462,2173.61,2024-06-20,2025-07-23,PricingFeedB,2025-03-27
PRC0004960,40965220919,NADAC,6.7907,190.14,2024-03-26,2025-01-03,PricingFeedA,2025-09-16
PRC0004961,35743278195,NADAC,6.0016,306.08,2024-07-05,2026-03-17,PricingFeedB,2025-05-19
PRC0004962,93733534314,WAC,5.43,162.9,2023-01-09,2024-11-20,PricingFeedB,2025-08-31
PRC0004963,18077751316,MAC,6.2094,360.15,2025-06-05,2025-09-24,PricingFeedB,2025-07-26
PRC0004964,77675552758,WAC,10.2069,867.59,2024-05-01,2026-01-11,PricingFeedA,2025-11-17
PRC0004965,63166657868,WAC,3.722,156.32,2025-02-03,2026-08-22,PricingFeedA,2026-05-06
PRC0004966,96257168998,AWP,3.988,103.69,2026-01-17,2026-07-30,PricingFeedB,2025-10-16
PRC0004967,94835111213,MAC,3.6522,40.17,2024-10-27,2025-04-29,PricingFeedA,2025-11-18
PRC0004968,80465954660,Contract Rate,13.4434,322.64,2024-02-14,2024-06-06,PricingFeedB,2026-05-14
PRC0004969,89789879626,NADAC,3.281,324.82,2024-01-06,2025-01-27,PricingFeedB,2025-05-11
PRC0004970,43111470329,AWP,9.3666,908.56,2024-06-03,2026-01-12,PricingFeedA,2026-01-04
PRC0004971,41217651162,Contract Rate,16.4293,180.72,2023-12-16,2024-03-26,PricingFeedB,2025-10-10
PRC0004972,70483244548,WAC,2.1602,157.69,2023-12-21,2025-11-05,PricingFeedA,2025-11-08
PRC0004973,91636397347,WAC,3.0598,278.44,2023-03-19,2024-02-10,PricingFeedA,2026-06-17
PRC0004974,37173563991,Contract Rate,6.2436,243.5,2023-07-04,2024-10-05,PricingFeedB,2025-05-31
PRC0004975,76071831723,Contract Rate,4.354,309.13,2026-01-14,2026-11-11,PricingFeedB,2026-05-03
PRC0004976,96338320268,Contract Rate,3.7135,148.54,2023-04-23,2025-02-12,PricingFeedB,2026-02-11
PRC0004977,63430500679,Contract Rate,39.257,1570.28,2023-03-30,2024-10-07,PricingFeedB,2025-05-30
PRC0004978,71012800477,NADAC,1.9448,171.14,2024-12-05,2026-02-24,PricingFeedA,2025-02-04
PRC0004979,24721435259,WAC,5.0482,277.65,2024-10-22,2025-12-07,PricingFeedB,2025-04-22
PRC0004980,24514910454,WAC,1.2096,91.93,2024-10-23,2026-06-28,PricingFeedA,2025-03-30
PRC0004981,60055684146,WAC,1.8826,41.42,2024-01-07,2025-11-04,PricingFeedA,2026-08-12
PRC0004982,73812149827,NADAC,8.4791,644.41,2025-12-21,2027-04-28,PricingFeedA,2025-11-19
PRC0004983,81775220884,AWP,1.5372,133.74,2023-10-29,2025-02-11,PricingFeedA,2026-06-07
PRC0004984,36099200846,MAC,7.2368,267.76,2024-09-23,2025-06-09,PricingFeedA,2025-01-24
PRC0004985,43111470329,NADAC,3.6116,46.95,2025-04-16,2026-02-07,PricingFeedB,2026-01-16
PRC0004986,23338670584,AWP,1.1468,22.94,2023-01-10,2024-07-14,PricingFeedA,2026-04-26
PRC0004987,87647246210,NADAC,14.8412,1053.73,2025-10-25,2027-01-15,PricingFeedB,2025-10-01
PRC0004988,89346159852,NADAC,9.5303,95.3,2023-03-24,2024-06-21,PricingFeedA,2025-08-26
PRC0004989,27306655329,WAC,6.5281,594.06,2023-03-04,2024-10-13,PricingFeedA,2025-07-11
PRC0004990,25951181670,Contract Rate,3.7321,130.62,2025-10-17,2026-12-27,PricingFeedA,2026-06-24
PRC0004991,84799902623,AWP,15.5206,512.18,2023-03-14,2025-02-22,PricingFeedA,2026-07-23
PRC0004992,31028872249,Contract Rate,11.5293,438.11,2024-03-30,2026-02-07,PricingFeedB,2025-07-25
PRC0004993,18083108393,MAC,8.4504,439.42,2024-09-26,2026-06-20,PricingFeedA,2025-06-12
PRC0004994,58349694065,MAC,6.1619,554.57,2024-09-29,2025-06-04,PricingFeedB,2026-01-04
PRC0004995,82145991167,AWP,10.4639,491.8,2026-02-22,2028-02-08,PricingFeedA,2025-07-09
PRC0004996,38649367251,WAC,10.7471,612.58,2023-12-28,2025-09-02,PricingFeedA,2026-01-27
PRC0004997,45865729198,Contract Rate,5.1975,166.32,2026-04-17,2027-04-07,PricingFeedB,2025-11-13
PRC0004998,54493906935,WAC,15.9719,1453.44,2024-06-21,2025-07-26,PricingFeedA,2026-05-24
PRC0004999,74385175975,Contract Rate,18.8496,1149.83,2025-01-06,2025-07-23,PricingFeedB,2026-08-12
PRC0005000,84334385421,WAC,17.8774,822.36,2024-04-12,2024-11-21,PricingFeedA,2025-07-16
PRC0005001,79539911319,MAC,6.6405,478.12,2023-07-28,2024-02-06,PricingFeedA,2025-04-20
PRC0005002,85163650917,AWP,1.7487,17.49,2024-08-08,2025-04-16,PricingFeedB,2026-05-09
PRC0005003,11713731824,WAC,2.4942,224.48,2024-09-17,2026-04-24,PricingFeedB,2025-02-04
PRC0005004,79689644320,Contract Rate,16.1455,1194.77,2024-02-10,2025-02-14,PricingFeedA,2025-06-10
PRC0005005,58801526081,NADAC,3.9366,299.18,2025-03-09,2025-10-27,PricingFeedA,2025-03-10
PRC0005006,40026109670,Contract Rate,25.8128,1832.71,2023-04-24,2024-04-10,PricingFeedA,2026-07-25
PRC0005007,21365601254,AWP,5.4062,270.31,2023-03-17,2024-01-28,PricingFeedB,2025-11-11
PRC0005008,68762387095,NADAC,7.2898,546.74,2026-02-04,2026-07-27,PricingFeedB,2025-06-12
PRC0005009,46822109163,WAC,3.7224,189.84,2023-11-19,2025-01-17,PricingFeedB,2025-08-30
PRC0005010,13912543726,NADAC,1.8036,111.82,2023-03-19,2025-01-19,PricingFeedA,2026-07-26
PRC0005011,54528514686,WAC,3.4482,62.07,2025-09-16,2027-02-01,PricingFeedA,2026-05-15
PRC0005012,62627523121,MAC,2.8006,120.43,2026-04-25,2028-02-07,PricingFeedA,2026-01-04
PRC0005013,99165884188,NADAC,2.1149,129.01,2024-09-09,2024-12-30,PricingFeedA,2026-04-13
PRC0005014,62627523121,WAC,5.6096,465.6,2023-01-19,2023-07-18,PricingFeedA,2025-03-25
PRC0005015,31107191665,MAC,9.2523,490.37,2024-05-03,2025-01-01,PricingFeedA,2025-04-07
PRC0005016,52155953617,MAC,2.551,224.49,2024-05-11,2025-11-04,PricingFeedA,2025-09-25
PRC0005017,25904761313,NADAC,5.614,398.59,2024-09-12,2026-02-20,PricingFeedB,2025-07-16
PRC0005018,13912543726,AWP,8.7139,679.68,2024-10-28,2025-02-03,PricingFeedA,2026-06-26
PRC0005019,93839707777,WAC,7.3239,212.39,2024-08-17,2026-01-05,PricingFeedA,2025-05-06
PRC0005020,48239826657,MAC,30.3968,1124.68,2025-11-24,2026-08-15,PricingFeedB,2025-08-03
PRC0005021,92894865154,MAC,7.2052,72.05,2023-01-06,2024-09-16,PricingFeedA,2025-10-21
PRC0005022,21128586347,Contract Rate,83.9394,6547.27,2023-09-12,2024-08-27,PricingFeedB,2025-11-02
PRC0005023,78632194752,NADAC,1.554,153.85,2024-08-09,2025-01-02,PricingFeedB,2025-12-04
PRC0005024,38649367251,AWP,8.1652,138.81,2024-02-01,2025-04-11,PricingFeedB,2026-05-30
PRC0005025,22934703171,WAC,21.169,1926.38,2024-03-04,2025-07-14,PricingFeedB,2025-06-11
PRC0005026,79689644320,Contract Rate,26.0071,1014.28,2026-02-20,2026-08-08,PricingFeedB,2026-07-31
PRC0005027,58349694065,MAC,14.9337,552.55,2026-02-05,2026-07-29,PricingFeedB,2026-03-18
PRC0005028,37423653148,WAC,15.6369,594.2,2025-09-16,2025-12-24,PricingFeedB,2025-07-11
PRC0005029,27560233760,MAC,8.5587,265.32,2024-04-03,2024-07-31,PricingFeedA,2026-08-09
PRC0005030,18501762876,NADAC,17.2066,1479.77,2025-04-01,2025-09-27,PricingFeedA,2026-01-26
PRC0005031,53024281896,WAC,4.2118,160.05,2023-08-06,2024-03-28,PricingFeedB,2025-12-29
PRC0005032,94714373929,Contract Rate,14.1955,567.82,2026-03-18,2026-10-27,PricingFeedA,2025-12-21
PRC0005033,55296874591,MAC,3.1336,125.34,2025-02-25,2026-05-19,PricingFeedA,2025-10-27
PRC0005034,11492597998,NADAC,21.7051,238.76,2024-10-25,2025-12-31,PricingFeedB,2025-05-11
PRC0005035,45865729198,NADAC,2.3987,223.08,2024-03-08,2024-09-26,PricingFeedB,2025-04-21
PRC0005036,56531179876,WAC,-5.192,-233.64,2025-11-29,2026-07-21,PricingFeedA,2025-05-20
PRC0005037,34198319284,NADAC,16.112,1514.53,2024-10-22,2025-05-11,PricingFeedA,2025-10-03
PRC0005038,29308802360,MAC,23.4859,1456.13,2023-03-12,2024-04-23,PricingFeedA,2026-02-15
PRC0005039,54458104234,NADAC,37.5526,2628.68,2023-03-11,2024-04-08,PricingFeedA,2025-07-30
PRC0005040,81775220884,MAC,4.8607,136.1,2023-12-20,2024-04-11,PricingFeedB,2025-10-10
PRC0005041,25353369992,WAC,2.2247,117.91,2025-12-30,2026-10-31,PricingFeedB,2026-07-07
PRC0005042,60856152434,MAC,1.5045,145.94,2023-03-29,2024-05-27,PricingFeedA,2026-03-16
PRC0005043,94144432921,MAC,27.0979,758.74,2025-03-26,2026-10-30,PricingFeedB,2026-02-05
PRC0005044,26059713727,UNKNOWN_METHOD,12.4828,399.45,2026-02-04,2026-07-09,PricingFeedB,2026-04-06
PRC0005045,72668546049,MAC,1.0918,41.49,2025-12-09,2026-08-15,PricingFeedA,2026-02-10
PRC0005046,24945550574,WAC,22.5597,1872.46,2023-05-17,2025-04-18,PricingFeedA,2026-06-15
PRC0005047,96443863653,AWP,2.873,281.55,2026-04-05,2028-02-08,PricingFeedB,2026-06-15
PRC0005048,39238700621,AWP,6.008,522.7,2024-11-05,2025-09-24,PricingFeedB,2025-06-10
PRC0005049,52558778061,Contract Rate,2.181,183.2,2026-02-20,2027-12-20,PricingFeedB,2026-04-18
PRC0005050,96691540687,AWP,15.3349,674.74,2024-01-07,2024-09-15,PricingFeedB,2026-04-16
PRC0005051,63011707032,AWP,2.3496,190.32,2025-12-16,2026-10-10,PricingFeedB,2025-12-19
PRC0005052,29268903018,MAC,9.457,122.94,2026-04-11,2027-07-18,PricingFeedB,2026-05-22
PRC0005053,13165383624,MAC,8.3274,766.12,2025-05-12,2025-11-01,PricingFeedA,2026-04-03
PRC0005054,70613545988,NADAC,8.6197,103.44,2023-08-16,2024-08-05,PricingFeedA,2025-12-14
PRC0005055,98611238535,WAC,10.0932,272.52,2025-07-06,2026-03-18,PricingFeedA,2026-03-29
PRC0005056,89292409434,AWP,8.4693,160.92,2024-05-07,2025-06-19,PricingFeedA,2025-04-22
PRC0005057,40538581357,AWP,23.7876,1593.77,2024-07-22,2026-03-14,PricingFeedB,2025-09-19
PRC0005058,58140162291,AWP,6.6348,159.24,2025-10-14,2027-01-04,PricingFeedA,2025-04-04
PRC0005059,81165324434,AWP,6.0361,434.6,2023-11-23,2025-06-22,PricingFeedA,2025-11-02
PRC0005060,93234720318,Contract Rate,9.4768,559.13,2023-08-17,2025-03-15,PricingFeedA,2025-02-01
PRC0005061,86257868539,NADAC,5.1614,77.42,2024-06-29,2026-04-21,PricingFeedA,2026-04-10
PRC0005062,94487791738,WAC,12.793,498.93,2026-02-09,2027-05-11,PricingFeedB,2026-01-05
PRC0005063,98755861361,WAC,2.0526,172.42,2026-02-11,2027-12-14,PricingFeedA,2025-11-20
PRC0005064,79775467157,Contract Rate,6.7384,134.77,2024-08-14,2026-02-18,PricingFeedA,2025-07-31
PRC0005065,99309147368,WAC,19.4772,954.38,2023-12-16,2024-11-13,PricingFeedB,2026-04-15
PRC0005066,14904163164,WAC,6.447,322.35,2023-06-21,2024-11-03,PricingFeedA,2025-11-08
PRC0005067,34027958339,AWP,3.8205,129.9,2023-02-16,2024-11-22,PricingFeedA,2026-05-22
PRC0005068,25975107640,NADAC,1.7736,152.53,2023-03-22,2024-10-20,PricingFeedB,2026-05-01
PRC0005069,67413273786,WAC,1.8858,186.69,2025-07-24,2027-04-04,PricingFeedB,2025-03-02
PRC0005070,71609142040,NADAC,6.8321,163.97,2025-01-02,2026-08-08,PricingFeedB,2025-03-29
PRC0005071,59783584950,AWP,13.0896,615.21,2026-04-22,2027-08-23,PricingFeedA,2026-06-03
PRC0005072,18032796468,NADAC,9.3838,422.27,2026-02-03,2026-08-02,PricingFeedB,2025-05-13
PRC0005073,53024281896,Contract Rate,7.4414,193.48,2023-01-11,2023-08-16,PricingFeedB,2025-07-21
PRC0005074,23819199572,Contract Rate,26.352,2371.68,2024-07-09,2025-03-05,PricingFeedA,2025-08-24
PRC0005075,83483861176,AWP,10.9481,919.64,2026-02-15,2027-02-12,PricingFeedB,2025-10-28
PRC0005076,26948834812,Contract Rate,9.0244,631.71,2023-12-18,2025-11-20,PricingFeedB,2026-02-24
PRC0005077,73921220685,MAC,2.2929,75.67,2024-12-08,2026-04-06,PricingFeedB,2025-04-09
PRC0005078,93733534314,MAC,3.0715,288.72,2023-05-20,2025-03-04,PricingFeedA,2025-12-02
PRC0005079,34198319284,WAC,4.6418,422.4,2024-11-25,2026-05-14,PricingFeedA,2025-02-08
PRC0005080,98610652597,WAC,1.3801,64.86,2026-05-28,2027-11-25,PricingFeedB,2026-06-08
PRC0005081,35743278195,AWP,17.6649,1095.22,2023-07-31,2024-05-02,PricingFeedB,2025-02-19
PRC0005082,61966238250,WAC,15.7423,1432.55,2023-02-21,2024-10-18,PricingFeedB,2026-06-05
PRC0005083,76841912411,AWP,6.6398,285.51,2025-08-26,2027-07-18,PricingFeedA,2025-11-13
PRC0005084,75031842748,WAC,8.832,415.1,2023-03-21,2024-03-08,PricingFeedA,2025-04-26
PRC0005085,88756957596,WAC,1.628,39.07,2025-02-01,2026-08-09,PricingFeedA,2025-01-21
PRC0005086,14041368848,AWP,1.146,29.8,2026-03-14,2027-05-23,PricingFeedB,2025-01-07
PRC0005087,98921439381,AWP,2.2105,53.05,2026-01-30,2027-08-13,PricingFeedA,2025-06-09
PRC0005088,84458290728,MAC,15.8066,1122.27,2025-08-17,2026-04-27,PricingFeedA,2026-05-05
PRC0005089,84080407924,Contract Rate,14.7984,813.91,2023-10-07,2025-04-15,PricingFeedB,2025-09-21
PRC0005090,99532189053,WAC,2.6943,94.3,2025-07-11,2026-12-12,PricingFeedA,2026-01-15
PRC0005091,55296874591,NADAC,7.5904,303.62,2025-08-14,2026-07-22,PricingFeedB,2026-07-02
PRC0005092,24945550574,MAC,10.8786,576.57,2025-12-11,2027-06-29,PricingFeedB,2025-09-27
PRC0005093,11107186150,WAC,5.9862,317.27,2024-09-07,2025-07-15,PricingFeedA,2025-05-10
PRC0005094,76841912411,AWP,27.2996,518.69,2023-05-27,2024-08-15,PricingFeedB,2026-02-18
PRC0005095,28226964458,NADAC,1.855,66.78,2024-05-22,2026-04-20,PricingFeedB,2025-06-02
PRC0005096,29312348846,Contract Rate,5.5588,405.79,2024-11-03,2025-06-26,PricingFeedA,2025-12-04
PRC0005097,92690601150,NADAC,59.3022,1423.25,2023-11-05,2024-07-26,PricingFeedA,2026-02-27
PRC0005098,99282121398,MAC,7.4241,683.02,2025-07-25,2025-11-17,PricingFeedB,2025-10-03
PRC0005099,41577609162,NADAC,5.6312,501.18,2024-11-01,2026-03-20,PricingFeedA,2026-03-23
PRC0005100,42374213026,WAC,5.4457,255.95,2023-04-24,2023-09-14,PricingFeedA,2026-04-10
PRC0005101,82391488851,NADAC,7.0282,660.65,2024-10-27,2025-03-16,PricingFeedB,2025-12-01
PRC0005102,38713242066,MAC,5.312,239.04,2024-03-18,2024-10-08,PricingFeedA,2026-06-23
PRC0005103,92294919275,AWP,2.239,102.99,2023-06-28,2024-03-06,PricingFeedA,2026-05-28
PRC0005104,99338867913,AWP,8.2878,754.19,2023-05-05,2023-11-03,PricingFeedA,2025-09-16
PRC0005105,80745561821,Contract Rate,18.1581,254.21,2026-04-01,2027-08-16,PricingFeedA,2026-08-12
PRC0005106,39023637631,NADAC,18.0085,1224.58,2024-11-25,2026-04-22,PricingFeedB,2026-02-17
PRC0005107,70149202243,NADAC,18.3371,1191.91,2024-02-19,2024-12-14,PricingFeedB,2025-04-26
PRC0005108,32786886812,MAC,4.2745,102.59,2026-03-23,2026-10-03,PricingFeedB,2025-01-10
PRC0005109,84031314513,AWP,3.1436,40.87,2023-12-19,2024-10-24,PricingFeedB,2025-04-24
PRC0005110,74966631014,MAC,2.03,32.48,2025-11-27,2026-04-21,PricingFeedA,2025-04-21
PRC0005111,59211433737,NADAC,0.9904,32.68,2023-12-05,2025-06-30,PricingFeedB,2025-07-15
PRC0005112,11616709896,AWP,12.7497,1019.98,2024-04-26,2025-07-04,PricingFeedB,2026-04-24
PRC0005113,86680432854,NADAC,21.7228,1303.37,2024-03-28,2025-12-17,PricingFeedB,2025-10-10
PRC0005114,13254104910,MAC,7.4694,403.35,2026-01-19,2027-11-08,PricingFeedB,2025-12-14
PRC0005115,61820941754,UNKNOWN_METHOD,4.5051,297.34,2024-01-09,2024-05-27,PricingFeedA,2025-02-09
PRC0005116,25871240147,MAC,9.1129,637.9,2025-07-13,2025-12-09,PricingFeedA,2025-07-13
PRC0005117,40837522788,AWP,1.5387,70.78,2024-06-16,2025-06-05,PricingFeedB,2025-03-10
PRC0005118,25951181670,NADAC,1.6662,129.96,2026-04-13,2027-10-30,PricingFeedB,2026-03-11
PRC0005119,87507818254,Contract Rate,4.8225,48.22,2026-02-17,2027-11-30,PricingFeedB,2025-06-26
PRC0005120,70444329131,AWP,4.4278,270.1,2026-04-22,2027-07-24,PricingFeedA,2026-06-30
PRC0005121,86002397952,Contract Rate,2.0411,79.6,2024-07-04,2026-01-22,PricingFeedB,2025-05-04
PRC0005122,34030808751,WAC,5.1125,368.1,2026-01-17,2026-10-24,PricingFeedB,2025-09-19
PRC0005123,22934703171,WAC,33.3586,2668.69,2025-04-25,2026-04-10,PricingFeedA,2026-03-04
PRC0005124,48777918537,WAC,7.5279,120.45,2025-08-22,2026-04-15,PricingFeedA,2025-04-30
PRC0005125,42374213026,Contract Rate,6.436,135.16,2025-04-11,2026-04-23,PricingFeedB,2026-02-14
PRC0005126,73434787752,NADAC,15.8864,1334.46,2023-01-02,2023-04-13,PricingFeedA,2026-05-27
PRC0005127,33167573583,MAC,16.4899,511.19,2026-01-19,2027-06-15,PricingFeedA,2026-01-27
PRC0005128,77205261342,AWP,2.4811,37.22,2024-10-16,2026-03-19,PricingFeedA,2026-05-13
PRC0005129,76071831723,MAC,80.9739,7854.47,2023-02-25,2023-06-11,PricingFeedA,2026-02-13
PRC0005130,82124250653,NADAC,6.4773,272.05,2023-11-01,2024-12-29,PricingFeedB,2025-03-10
PRC0005131,49498489686,AWP,6.8261,75.09,2025-07-15,2026-02-01,PricingFeedA,2025-01-05
PRC0005132,58914968790,Contract Rate,9.6936,193.87,2025-05-27,2027-01-26,PricingFeedA,2025-03-16
PRC0005133,51203246489,AWP,4.8193,385.54,2025-11-14,2027-04-23,PricingFeedA,2025-07-11
PRC0005134,10405956455,MAC,6.169,561.38,2024-05-11,2025-05-30,PricingFeedB,2025-06-24
PRC0005135,70613545988,MAC,11.2069,369.83,2025-04-29,2026-03-09,PricingFeedB,2025-11-20
PRC0005136,36527120523,WAC,14.431,158.74,2025-04-04,2027-01-23,PricingFeedA,2025-01-20
PRC0005137,21882365240,NADAC,6.9951,636.55,2024-05-18,2024-09-07,PricingFeedB,2026-04-06
PRC0005138,44770351942,MAC,28.5642,2627.91,2024-03-26,2025-10-15,PricingFeedB,2025-02-24
PRC0005139,46911488159,WAC,4.9256,438.38,2023-10-02,2024-11-18,PricingFeedB,2025-10-23
PRC0005140,11616709896,AWP,52.2377,731.33,2025-11-18,2027-04-17,PricingFeedA,2026-07-20
PRC0005141,84458290728,Contract Rate,1.1531,33.44,2024-07-28,2026-03-02,PricingFeedB,2025-02-10
PRC0005142,76053633631,AWP,2.9296,172.85,2024-04-20,2025-01-11,PricingFeedB,2026-05-16
PRC0005143,61137801874,WAC,9.5361,257.47,2025-06-27,2026-09-05,PricingFeedB,2026-01-25
PRC0005144,22036487942,AWP,11.548,808.36,2024-07-20,2025-09-04,PricingFeedA,2025-04-21
PRC0005145,38384498011,WAC,10.3325,413.3,2025-11-25,2027-07-21,PricingFeedA,2025-04-24
PRC0005146,20393586211,AWP,-5.7925,-556.08,2024-09-28,2025-07-21,PricingFeedA,2025-04-29
PRC0005147,85086957723,MAC,2.7469,195.03,2025-07-06,2026-09-16,PricingFeedA,2025-07-26
PRC0005148,20379513865,NADAC,19.1638,728.22,2024-11-10,2025-07-16,PricingFeedA,2025-10-22
PRC0005149,39023637631,MAC,13.5755,190.06,2026-03-07,2027-05-27,PricingFeedA,2026-01-18
PRC0005150,22438118591,Contract Rate,8.8878,808.79,2024-05-23,2024-11-06,PricingFeedB,2025-04-23
PRC0005151,86150728282,Contract Rate,11.6188,1115.4,2024-01-24,2025-09-03,PricingFeedA,2026-01-11
PRC0005152,36163874460,AWP,2.9275,178.58,2024-05-30,2025-04-27,PricingFeedA,2025-06-20
PRC0005153,77464349998,Contract Rate,13.0688,810.27,2024-04-23,2024-08-29,PricingFeedB,2025-12-25
PRC0005154,68673966287,WAC,12.7917,562.83,2026-01-17,2026-12-05,PricingFeedA,2025-02-06
PRC0005155,93243253281,AWP,1.8795,171.03,2025-11-30,2026-03-30,PricingFeedB,2026-05-21
PRC0005156,29289502522,MAC,14.0476,1320.47,2023-11-29,2025-09-23,PricingFeedB,2026-06-29
PRC0005157,17735727527,WAC,4.0689,280.75,2026-05-12,2028-02-07,PricingFeedA,2025-04-22
PRC0005158,36099200846,NADAC,9.2376,267.89,2025-09-01,2026-12-28,PricingFeedB,2025-01-23
PRC0005159,52583690494,NADAC,38.6329,1352.15,2023-06-04,2024-06-27,PricingFeedB,2026-04-10
PRC0005160,66700177485,NADAC,3.886,38.86,2026-05-10,2026-10-26,PricingFeedB,2025-05-03
PRC0005161,98076393354,MAC,21.4453,1115.16,2025-03-21,2025-10-14,PricingFeedA,2026-03-21
PRC0005162,92414186439,NADAC,6.3277,164.52,2026-01-28,2027-01-05,PricingFeedB,2025-02-02
PRC0005163,86257868539,AWP,11.2563,968.04,2026-02-10,2027-02-05,PricingFeedB,2025-11-19
PRC0005164,79740234754,NADAC,14.6975,1161.1,2025-11-13,2027-04-13,PricingFeedA,2025-05-10
PRC0005165,69179660314,Contract Rate,,219.5,2023-08-31,2024-01-09,PricingFeedA,2025-06-04
PRC0005166,32903672787,MAC,1.3599,92.47,2025-03-21,2026-05-05,PricingFeedB,2025-03-18
PRC0005167,95394474535,NADAC,3.2935,253.6,2024-11-08,2025-06-26,PricingFeedA,2026-06-06
PRC0005168,80550996369,WAC,1.1271,94.68,2024-01-25,2025-02-28,PricingFeedA,2026-06-15
PRC0005169,29696691682,MAC,10.5332,189.6,2025-12-12,2026-08-16,PricingFeedB,2025-02-01
PRC0005170,43873981962,MAC,3.9649,79.3,2024-08-14,2024-12-21,PricingFeedB,2025-06-28
PRC0005171,43412851646,WAC,21.466,1846.08,2024-05-13,2024-11-03,PricingFeedA,2025-03-23
PRC0005172,55579529783,AWP,15.5555,1166.66,2026-05-01,2027-08-25,PricingFeedB,2026-07-05
PRC0005173,35516352970,AWP,5.5763,490.71,2024-05-24,2025-09-27,PricingFeedA,2026-01-08
PRC0005174,47958975815,MAC,13.2358,1058.86,2025-11-06,2026-10-06,PricingFeedA,2026-03-29
PRC0005175,26665254060,MAC,21.6888,715.73,2023-02-20,2025-01-04,PricingFeedA,2025-09-04
PRC0005176,99338867913,Contract Rate,1.0155,53.82,2024-09-29,2026-05-15,PricingFeedA,2026-03-05
PRC0005177,15134521550,AWP,3.7979,246.86,2025-12-15,2026-04-27,PricingFeedB,2025-05-11
PRC0005178,29976903633,Contract Rate,4.5184,320.81,2024-08-15,2025-02-14,PricingFeedA,2025-04-03
PRC0005179,78831371488,AWP,10.9167,600.42,2023-10-04,2024-06-17,PricingFeedB,2025-07-12
PRC0005180,51498372568,NADAC,8.3955,478.54,2023-11-16,2025-05-16,PricingFeedA,2025-08-06
PRC0005181,54528514686,AWP,57.4719,1839.1,2024-09-20,2026-06-23,PricingFeedA,2025-04-03
PRC0005182,92414186439,MAC,2.8667,269.47,2025-08-15,2025-11-16,PricingFeedA,2025-02-19
PRC0005183,46911488159,Contract Rate,12.9945,1117.53,2025-07-20,2027-04-08,PricingFeedA,2026-01-22
PRC0005184,31107191665,NADAC,27.3808,2053.56,2026-05-12,2028-01-02,PricingFeedA,2025-02-25
PRC0005185,80745561821,NADAC,9.5826,105.41,2023-07-24,2024-10-03,PricingFeedB,2025-05-07
PRC0005186,41115163443,Contract Rate,6.0356,126.75,2026-01-29,2026-10-04,PricingFeedB,2026-03-23
PRC0005187,20775807220,MAC,4.1186,284.18,2025-07-15,2026-03-12,PricingFeedB,2025-12-18
PRC0005188,54472137420,Contract Rate,2.366,28.39,2025-06-03,2027-03-11,PricingFeedB,2025-08-23
PRC0005189,96493569992,WAC,3.4403,223.62,2024-04-23,2024-09-30,PricingFeedA,2026-05-31
PRC0005190,79740234754,MAC,6.0396,217.43,2026-04-09,2027-11-23,PricingFeedB,2026-01-28
PRC0005191,87709126031,NADAC,1.0833,57.41,2025-05-01,2026-06-23,PricingFeedB,2026-05-02
PRC0005192,29268903018,MAC,23.6469,378.35,2026-01-24,2027-04-15,PricingFeedB,2026-07-26
PRC0005193,86876532778,NADAC,4.9242,182.2,2025-03-02,2026-11-12,PricingFeedA,2025-06-09
PRC0005194,89346159852,AWP,5.2923,439.26,2024-03-14,2025-06-14,PricingFeedA,2025-03-30
PRC0005195,80550996369,Contract Rate,3.8467,246.19,2024-07-17,2024-12-07,PricingFeedB,2025-11-14
PRC0005196,94459224162,MAC,9.9426,487.19,2026-05-14,2026-11-03,PricingFeedA,2025-03-30
PRC0005197,78677417938,MAC,1.5909,38.18,2026-03-07,2028-02-02,PricingFeedA,2026-02-25
PRC0005198,94714373929,Contract Rate,2.8421,62.53,2023-08-11,2025-01-17,PricingFeedB,2026-07-21
PRC0005199,95394214840,AWP,4.1676,325.07,2023-06-23,2024-11-24,PricingFeedB,2026-04-13
PRC0005200,40026109670,MAC,439.4034,7469.86,2023-06-20,2024-09-18,PricingFeedB,2026-03-16
PRC0005201,25353369992,AWP,6.6174,132.35,2023-12-24,2024-12-05,PricingFeedA,2026-03-11
PRC0005202,25866246025,MAC,15.0141,1111.04,2023-11-15,2025-06-05,PricingFeedA,2025-07-06
PRC0005203,38837974554,MAC,10.6485,170.38,2024-06-30,2024-11-05,PricingFeedB,2025-07-30
PRC0005204,86150728282,NADAC,6.4093,589.66,2024-02-29,2025-06-18,PricingFeedB,2026-05-09
PRC0005205,91814375357,Contract Rate,11.212,796.05,2023-06-05,2025-03-19,PricingFeedB,2026-05-27
PRC0005206,36285274953,MAC,6.1019,286.79,2024-01-14,2024-07-13,PricingFeedA,2026-02-15
PRC0005207,80465954660,WAC,3.6642,190.54,2024-04-08,2025-12-27,PricingFeedA,2026-02-06
PRC0005208,54493906935,WAC,3.2412,249.57,2023-11-18,2025-06-20,PricingFeedA,2026-04-22
PRC0005209,57323670373,AWP,7.4126,726.43,2023-10-08,2024-10-17,PricingFeedB,2025-03-26
PRC0005210,49994194179,Contract Rate,3.1248,131.24,2023-09-23,2025-01-03,PricingFeedA,2026-08-14
PRC0005211,66897831639,NADAC,5.3924,237.27,2024-03-13,2024-08-21,PricingFeedA,2025-12-19
PRC0005212,72668546049,WAC,20.6321,1299.82,2025-12-31,2026-09-15,PricingFeedA,2025-05-25
PRC0005213,34027958339,AWP,18.338,586.82,2026-05-27,2028-02-10,PricingFeedA,2025-09-02
PRC0005214,12237637159,WAC,1.5859,23.79,2023-11-14,2024-06-23,PricingFeedB,2025-01-10
PRC0005215,61687887076,NADAC,4.5165,365.84,2023-05-07,2024-12-01,PricingFeedA,2026-05-02
PRC0005216,67086806285,Contract Rate,9.4665,624.79,2024-08-16,2026-01-10,PricingFeedB,2025-11-20
PRC0005217,43111470329,WAC,20.3137,1421.96,2025-04-19,2027-02-13,PricingFeedB,2025-12-30
PRC0005218,76229411744,Contract Rate,4.3977,241.87,2024-12-28,2026-03-09,PricingFeedB,2026-04-27
PRC0005219,92131319328,MAC,12.3259,184.89,2025-11-30,2026-10-27,PricingFeedA,2025-05-15
PRC0005220,35955476733,WAC,3.7156,78.03,2025-12-20,2026-10-23,PricingFeedB,2025-10-10
PRC0005221,52855896229,AWP,19.7138,1892.52,2026-03-29,2028-02-19,PricingFeedA,2025-02-08
PRC0005222,78528685790,NADAC,3.715,267.48,2024-05-12,2026-04-06,PricingFeedB,2025-07-04
PRC0005223,55751721745,MAC,3.5376,215.79,2026-05-20,2028-04-15,PricingFeedB,2025-01-26
PRC0005224,31674507922,AWP,9.3456,345.79,2023-11-18,2024-02-27,PricingFeedA,2026-04-02
PRC0005225,43412851646,AWP,3.1418,226.21,2025-04-16,2025-09-25,PricingFeedA,2025-12-29
PRC0005226,42790921133,Contract Rate,4.8419,397.04,2024-05-19,2025-09-02,PricingFeedB,2025-02-25
PRC0005227,31553546728,MAC,3.0866,182.11,2023-04-22,2024-10-01,PricingFeedB,2025-04-22
PRC0005228,94306492934,WAC,4.1445,45.59,2026-01-30,2027-03-11,PricingFeedB,2026-07-22
PRC0005229,27560233760,NADAC,20.6209,577.39,2026-04-21,2027-01-28,PricingFeedA,2025-07-20
PRC0005230,86713966277,WAC,15.3871,1215.58,2024-01-09,2024-08-23,PricingFeedB,2026-03-21
PRC0005231,67213385883,WAC,14.5683,218.52,2025-12-04,2027-05-30,PricingFeedA,2026-05-08
PRC0005232,92690601150,MAC,4.532,394.28,2026-05-28,2026-12-27,PricingFeedB,2026-05-28
PRC0005233,52004247373,MAC,10.5495,453.63,2023-01-13,2023-11-24,PricingFeedA,2025-05-01
PRC0005234,58801526081,NADAC,7.1904,603.99,2023-04-06,2023-12-26,PricingFeedA,2026-07-05
PRC0005235,77633965520,WAC,4.5163,252.91,2026-03-25,2027-07-05,PricingFeedA,2026-05-06
PRC0005236,85340859181,WAC,,1068.56,2026-05-09,2027-07-06,PricingFeedA,2026-05-28
PRC0005237,79715188913,WAC,11.3673,1079.89,2023-08-27,2023-12-05,PricingFeedB,2025-11-13
PRC0005238,91304485350,AWP,19.5519,1153.56,2023-07-09,2024-02-13,PricingFeedA,2025-04-13
PRC0005239,88689159412,NADAC,1.4208,136.4,2023-06-20,2024-02-10,PricingFeedB,2025-12-15
PRC0005240,45479462789,MAC,13.6373,859.15,2023-02-08,2024-08-19,PricingFeedA,2025-11-17
PRC0005241,49343244684,AWP,5.2521,147.06,2024-05-11,2025-02-09,PricingFeedB,2025-02-06
PRC0005242,69323752585,MAC,3.2263,129.05,2023-11-14,2024-09-02,PricingFeedA,2025-10-31
PRC0005243,96424932254,Contract Rate,19.3757,1085.04,2023-02-04,2024-05-31,PricingFeedA,2025-01-12
PRC0005244,19962310632,AWP,13.9847,895.02,2025-01-27,2025-05-20,PricingFeedB,2026-06-28
PRC0005245,69323752585,MAC,11.2483,326.2,2024-05-10,2025-03-31,PricingFeedB,2025-11-03
PRC0005246,97242993023,AWP,4.7574,85.63,2025-04-15,2025-10-16,PricingFeedB,2026-05-03
PRC0005247,26411345874,WAC,7.6583,390.57,2025-03-24,2026-05-22,PricingFeedA,2025-04-09
PRC0005248,47131206943,WAC,41.6153,1623.0,2024-10-12,2025-04-13,PricingFeedA,2026-06-11
PRC0005249,40965220919,Contract Rate,28.2797,2347.22,2024-01-17,2024-12-01,PricingFeedA,2026-07-27
PRC0005250,28309735158,WAC,11.4906,206.83,2024-04-21,2025-11-15,PricingFeedA,2026-07-31
PRC0005251,76910235985,Contract Rate,3.6881,51.63,2024-01-28,2024-09-16,PricingFeedB,2025-12-02
PRC0005252,85163650917,Contract Rate,1.6127,143.53,2023-05-16,2024-07-23,PricingFeedB,2025-10-01
PRC0005253,59783584950,AWP,5.0208,215.89,2023-04-15,2025-02-27,PricingFeedA,2025-05-31
PRC0005254,49343244684,Contract Rate,6.9811,160.57,2025-04-12,2025-11-08,PricingFeedA,2026-03-08
PRC0005255,26331939675,AWP,5.5809,279.04,2024-05-14,2026-02-11,PricingFeedB,2025-11-09
PRC0005256,35021253272,MAC,14.3332,630.66,2025-03-18,2026-02-15,PricingFeedB,2025-07-30
PRC0005257,58140162291,MAC,4.7046,348.14,2025-02-06,2025-08-27,PricingFeedB,2026-02-21
PRC0005258,26801997786,WAC,19.7969,475.13,2025-09-18,2027-02-11,PricingFeedB,2025-02-23
PRC0005259,75031842748,WAC,2.8447,59.74,2024-02-13,2025-04-03,PricingFeedA,2025-04-02
PRC0005260,89292409434,NADAC,4.9505,54.46,2026-05-03,2026-11-10,PricingFeedB,2025-08-14
PRC0005261,13954840715,WAC,4.2931,55.81,2023-12-03,2024-09-20,PricingFeedB,2025-01-17
PRC0005262,86677200466,AWP,6.2677,162.96,2026-03-27,2027-11-18,PricingFeedB,2025-11-30
PRC0005263,26059713727,WAC,2.4382,107.28,2025-04-15,2027-03-09,PricingFeedA,2025-03-24
PRC0005264,14954435394,Contract Rate,5.1727,51.73,2025-08-17,2026-02-07,PricingFeedA,2025-05-27
PRC0005265,20972530362,Contract Rate,32.1974,1803.05,2023-02-20,2023-09-14,PricingFeedA,2025-05-26
PRC0005266,46919436288,AWP,-10.0284,-431.22,2024-03-15,2026-02-15,PricingFeedA,2025-10-20
PRC0005267,92139958992,AWP,4.8964,425.99,2024-06-10,2026-01-03,PricingFeedA,2025-03-28
PRC0005268,60986106546,MAC,1.0472,45.03,2024-06-02,2025-12-11,PricingFeedA,2025-04-21
PRC0005269,45869998291,AWP,2.1334,155.74,2023-02-12,2024-06-14,PricingFeedB,2026-04-25
PRC0005270,91233214850,NADAC,10.7553,1021.75,2023-01-01,2024-11-08,PricingFeedA,2025-03-08
PRC0005271,14612321460,WAC,19.1017,916.88,2025-10-23,2027-01-17,PricingFeedA,2025-04-01
PRC0005272,41290491468,NADAC,6.4411,502.41,2023-03-20,2024-10-27,PricingFeedA,2025-07-12
PRC0005273,96012885450,AWP,36.8285,2209.71,2025-06-05,2026-10-23,PricingFeedA,2025-02-28
PRC0005274,49501356011,Contract Rate,14.8736,490.83,2026-05-13,2026-10-21,PricingFeedA,2025-08-19
PRC0005275,75313622617,MAC,1.6591,164.25,2023-12-07,2024-05-05,PricingFeedB,2025-10-10
PRC0005276,74291518137,Contract Rate,8.1425,195.42,2026-03-20,2028-01-02,PricingFeedB,2025-03-19
PRC0005277,24069146482,WAC,7.153,464.94,2025-02-07,2026-07-06,PricingFeedA,2025-01-19
PRC0005278,73362282174,AWP,52.1953,5062.94,2025-07-29,2026-01-18,PricingFeedA,2026-02-15
PRC0005279,48791769150,Contract Rate,1.7179,61.84,2024-01-08,2025-05-08,PricingFeedB,2025-06-10
PRC0005280,36285274953,WAC,6.6534,432.47,2023-10-29,2025-04-16,PricingFeedB,2026-06-25
PRC0005281,23809467884,AWP,4.0391,40.39,2025-01-01,2026-05-20,PricingFeedA,2025-06-18
PRC0005282,33667709457,AWP,3.7295,298.36,2025-04-21,2026-11-14,PricingFeedB,2025-04-06
PRC0005283,20972530362,AWP,25.1924,478.66,2024-07-17,2025-08-17,PricingFeedB,2025-03-14
PRC0005284,40812726846,Contract Rate,30.5817,2232.46,2025-05-30,2027-01-06,PricingFeedB,2025-02-05
PRC0005285,89918102779,AWP,51.8726,1141.2,2023-09-22,2025-07-31,PricingFeedB,2025-11-03
PRC0005286,96005568835,Contract Rate,4.4436,231.07,2023-06-27,2024-07-30,PricingFeedA,2025-02-07
PRC0005287,79775467157,NADAC,49.1763,1573.64,2024-02-16,2024-09-02,PricingFeedB,2026-07-19
PRC0005288,59002120957,AWP,54.4051,5277.29,2025-03-28,2026-12-26,PricingFeedB,2025-07-28
PRC0005289,25245820746,MAC,15.5702,1105.48,2023-09-29,2025-01-31,PricingFeedA,2025-11-08
PRC0005290,23809467884,NADAC,3.5795,53.69,2025-04-21,2026-11-25,PricingFeedA,2026-01-20
PRC0005291,22593438668,NADAC,4.0377,177.66,2023-01-29,2024-01-13,PricingFeedA,2025-03-11
PRC0005292,22313207361,WAC,,2702.96,2023-07-25,2024-10-20,PricingFeedA,2025-08-17
PRC0005293,22366963895,Contract Rate,1.2805,119.09,2023-05-02,2024-05-23,PricingFeedB,2025-11-22
PRC0005294,82051876664,NADAC,3.8644,378.71,2023-01-09,2024-11-20,PricingFeedA,2026-03-04
PRC0005295,93234720318,Contract Rate,18.4798,554.39,2024-10-18,2026-05-11,PricingFeedB,2025-04-13
PRC0005296,43701205518,WAC,26.0779,495.48,2024-07-31,2025-07-03,PricingFeedA,2026-01-28
PRC0005297,22187365237,NADAC,10.0923,615.63,2025-05-10,2026-08-09,PricingFeedB,2025-09-26
PRC0005298,52398869460,NADAC,6.7303,450.93,2023-01-17,2024-09-16,PricingFeedA,2026-06-21
PRC0005299,86169955947,AWP,7.007,266.27,2023-06-08,2023-11-14,PricingFeedB,2026-07-05
PRC0005300,23819199572,NADAC,6.5859,381.98,2023-10-09,2025-04-24,PricingFeedB,2026-01-14
PRC0005301,63039619641,MAC,7.7876,700.88,2025-08-25,2026-07-22,PricingFeedA,2025-07-01
PRC0005302,72668546049,AWP,8.9174,107.01,2026-01-22,2026-12-11,PricingFeedB,2025-12-09
PRC0005303,11107186150,NADAC,28.9229,1272.61,2023-12-12,2024-03-24,PricingFeedB,2025-10-29
PRC0005304,44983140537,AWP,4.733,175.12,2023-12-09,2024-11-26,PricingFeedB,2025-08-24
PRC0005305,91814375357,AWP,8.5247,511.48,2024-01-04,2024-07-29,PricingFeedB,2026-01-25
PRC0005306,51057281520,NADAC,18.3356,275.03,2023-06-21,2025-05-14,PricingFeedA,2025-02-03
PRC0005307,12237637159,NADAC,3.4625,62.32,2023-06-18,2025-05-27,PricingFeedB,2025-02-17
PRC0005308,61680269653,Contract Rate,10.4366,626.2,2025-05-15,2026-07-31,PricingFeedA,2025-02-06
PRC0005309,19610428526,WAC,3.1782,152.55,2024-12-10,2026-01-30,PricingFeedB,2025-12-12
PRC0005310,98361822465,MAC,1.9913,155.32,2025-04-12,2027-02-02,PricingFeedA,2025-02-22
PRC0005311,93785641343,AWP,6.7881,400.5,2024-10-16,2025-11-16,PricingFeedB,2025-05-04
PRC0005312,97815836329,AWP,39.9489,2237.14,2024-11-15,2026-10-02,PricingFeedB,2025-03-13
PRC0005313,96688660979,Contract Rate,5.9239,533.15,2023-03-04,2025-02-13,PricingFeedB,2025-10-22
PRC0005314,20662343885,MAC,5.5708,167.12,2024-07-04,2026-05-07,PricingFeedA,2025-08-25
PRC0005315,60055684146,WAC,4.7255,122.86,2024-05-26,2024-10-15,PricingFeedA,2026-03-12
PRC0005316,87787823612,AWP,10.1982,112.18,2024-12-27,2026-05-05,PricingFeedB,2026-03-02
PRC0005317,47349867456,WAC,3.4481,55.17,2024-05-27,2025-09-16,PricingFeedA,2026-07-31
PRC0005318,22036487942,Contract Rate,33.6241,2420.94,2025-07-26,2025-11-18,PricingFeedA,2025-01-09
PRC0005319,95759671235,MAC,6.6147,158.75,2025-03-19,2026-09-28,PricingFeedA,2025-07-13
PRC0005320,22581320920,AWP,69.6266,2854.69,2023-03-25,2024-11-15,PricingFeedA,2025-12-08
PRC0005321,57938753177,NADAC,5.2378,497.59,2023-05-25,2025-02-27,PricingFeedB,2025-01-28
PRC0005322,36069903176,Contract Rate,18.4984,1146.9,2025-11-20,2027-04-12,PricingFeedA,2026-02-05
PRC0005323,83931760396,AWP,3.4868,271.97,2025-01-18,2026-10-25,PricingFeedB,2025-06-30
PRC0005324,70221820796,MAC,9.7695,918.33,2023-11-19,2025-10-23,PricingFeedB,2026-04-08
PRC0005325,96012885450,MAC,7.1574,472.39,2024-12-04,2026-08-05,PricingFeedA,2025-10-28
PRC0005326,99873357727,Contract Rate,11.2304,393.06,2025-09-16,2027-01-20,PricingFeedA,2025-01-12
PRC0005327,96443863653,MAC,11.5117,1059.08,2023-09-16,2025-07-04,PricingFeedA,2026-01-16
PRC0005328,52862954898,NADAC,4.2461,246.27,2025-04-03,2026-01-04,PricingFeedA,2025-08-31
PRC0005329,69347757174,WAC,25.0719,1654.75,2024-05-08,2025-08-30,PricingFeedA,2025-09-17
PRC0005330,26801997786,NADAC,10.1789,732.88,2025-07-09,2026-02-14,PricingFeedB,2026-04-21
PRC0005331,12391577414,Contract Rate,1.4115,19.76,2025-01-09,2026-09-06,PricingFeedA,2026-05-08
PRC0005332,80822802269,NADAC,2.7686,188.26,2026-01-06,2027-03-17,PricingFeedA,2025-11-08
PRC0005333,29976903633,AWP,3.068,254.64,2025-04-12,2027-02-06,PricingFeedB,2025-03-10
PRC0005334,60563234574,Contract Rate,12.2839,147.41,2024-10-30,2025-04-17,PricingFeedA,2026-07-23
PRC0005335,25766628880,AWP,6.0403,169.13,2025-06-14,2026-04-18,PricingFeedA,2026-03-24
PRC0005336,14382432019,WAC,14.3846,906.23,2023-11-15,2024-03-05,PricingFeedB,2025-10-05
PRC0005337,11417343618,MAC,32.5547,748.76,2023-03-13,2023-09-17,PricingFeedA,2025-11-24
PRC0005338,89305404592,WAC,1.91,145.16,2023-12-25,2024-06-17,PricingFeedA,2025-09-13
PRC0005339,67080423748,Contract Rate,12.9847,662.22,2023-08-25,2024-02-17,PricingFeedA,2026-07-24
PRC0005340,87424262238,AWP,33.0133,792.32,2026-04-14,2027-11-07,PricingFeedB,2026-03-08
PRC0005341,94421963775,Contract Rate,3.8881,139.97,2026-01-15,2027-03-22,PricingFeedB,2025-08-24
PRC0005342,46919436288,AWP,2.3487,213.73,2025-07-31,2026-05-17,PricingFeedA,2025-07-16
PRC0005343,92832990195,NADAC,11.6718,466.87,2024-04-25,2026-04-02,PricingFeedA,2026-01-24
PRC0005344,25964239840,MAC,5.848,105.26,2024-02-09,2024-05-26,PricingFeedB,2025-03-29
PRC0005345,93026770242,Contract Rate,2.1832,148.46,2026-03-10,2027-02-02,PricingFeedA,2025-03-07
PRC0005346,48887377765,Contract Rate,1.3447,94.13,2025-03-11,2026-08-23,PricingFeedA,2026-06-19
PRC0005347,23819199572,AWP,13.2384,1244.41,2026-01-06,2027-03-15,PricingFeedB,2025-04-09
PRC0005348,69323752585,AWP,7.7946,194.87,2023-04-02,2023-10-08,PricingFeedA,2025-10-22
PRC0005349,99338867913,AWP,3.5422,70.84,2024-05-10,2026-04-23,PricingFeedA,2025-03-16
PRC0005350,25245820746,NADAC,7.617,182.81,2025-03-06,2026-04-28,PricingFeedA,2025-07-25
PRC0005351,63430500679,NADAC,5.0994,387.55,2023-04-13,2023-09-12,PricingFeedA,2025-07-25
PRC0005352,54458104234,AWP,3.0583,58.11,2025-08-18,2026-06-28,PricingFeedB,2025-05-02
PRC0005353,65882951085,AWP,4.1911,352.05,2023-10-24,2024-02-04,PricingFeedA,2026-06-16
PRC0005354,52258384311,WAC,2.0023,118.14,2024-03-29,2026-02-18,PricingFeedB,2025-12-01
PRC0005355,23809467884,NADAC,4.7691,453.06,2023-09-13,2025-05-26,PricingFeedA,2025-05-05
PRC0005356,12391577414,MAC,3.2734,216.04,2023-06-21,2024-02-15,PricingFeedB,2025-02-27
PRC0005357,73548373375,NADAC,7.4414,171.15,2025-09-18,2026-07-19,PricingFeedB,2026-02-03
PRC0005358,76216784973,MAC,3.1629,56.93,2023-08-15,2024-10-25,PricingFeedA,2025-07-13
PRC0005359,94312952831,Contract Rate,3.0225,269.0,2024-06-19,2024-11-08,PricingFeedA,2025-06-09
PRC0005360,35021253272,MAC,3.7931,155.52,2024-08-17,2025-05-04,PricingFeedA,2025-12-27
PRC0005361,70444329131,Contract Rate,6.947,590.5,2023-10-16,2024-01-29,PricingFeedB,2026-07-30
PRC0005362,14041368848,AWP,11.0419,397.51,2025-02-20,2026-09-03,PricingFeedA,2025-11-27
PRC0005363,94306492934,WAC,2.8544,268.31,2025-03-25,2026-12-04,PricingFeedA,2025-05-06
PRC0005364,30303185760,NADAC,3.2205,241.54,2024-12-04,2025-08-10,PricingFeedA,2025-05-07
PRC0005365,83931760396,NADAC,8.9497,402.74,2026-05-08,2028-04-17,PricingFeedB,2025-02-11
PRC0005366,31723369638,WAC,9.0069,783.6,2023-11-09,2025-08-15,PricingFeedB,2025-09-12
PRC0005367,39552514457,MAC,4.7814,205.6,2024-09-12,2025-09-01,PricingFeedA,2026-08-07
PRC0005368,74584984923,MAC,6.8632,432.38,2023-07-12,2025-03-13,PricingFeedB,2025-07-26
PRC0005369,90728447630,NADAC,5.0418,211.76,2024-03-10,2024-11-24,PricingFeedB,2026-06-09
PRC0005370,62840208185,AWP,2.0939,171.7,2023-09-25,2025-07-08,PricingFeedA,2026-03-04
PRC0005371,59990586381,MAC,2.8825,49.0,2023-08-13,2024-05-10,PricingFeedA,2025-06-15
PRC0005372,92690601150,AWP,0.9755,63.41,2023-12-25,2024-11-10,PricingFeedA,2025-07-03
PRC0005373,89307815129,NADAC,2.9753,107.11,2025-08-17,2027-03-11,PricingFeedB,2026-02-12
PRC0005374,32345951358,NADAC,5.8631,228.66,2025-09-19,2027-07-12,PricingFeedA,2025-03-07
PRC0005375,40802338292,WAC,30.4315,1247.69,2024-02-10,2025-08-15,PricingFeedA,2025-01-27
PRC0005376,19599866643,NADAC,20.598,556.15,2023-08-25,2025-05-29,PricingFeedA,2026-06-24
PRC0005377,13745261453,MAC,15.4042,646.98,2024-04-22,2024-08-27,PricingFeedA,2025-06-13
PRC0005378,54493906935,WAC,3.8758,85.27,2023-01-26,2023-08-11,PricingFeedB,2025-05-02
PRC0005379,25766628880,NADAC,1.2212,90.37,2025-04-22,2025-09-05,PricingFeedA,2025-12-25
PRC0005380,69179660314,Contract Rate,3.3128,218.64,2026-03-12,2027-09-02,PricingFeedB,2025-03-28
PRC0005381,81673281655,NADAC,18.3593,1083.2,2024-04-12,2025-07-09,PricingFeedB,2026-01-08
PRC0005382,61102807993,AWP,30.828,1017.32,2024-03-22,2025-01-13,PricingFeedB,2025-01-05
PRC0005383,76115147727,Contract Rate,2.3191,120.59,2024-01-03,2024-12-05,PricingFeedB,2025-05-22
PRC0005384,42627468935,MAC,22.9154,1329.09,2025-01-26,2026-09-04,PricingFeedA,2025-12-07
PRC0005385,25866246025,WAC,30.8141,1571.52,2026-05-02,2027-08-03,PricingFeedA,2026-03-02
PRC0005386,84761668910,NADAC,5.7592,247.65,2024-08-23,2025-04-24,PricingFeedA,2026-01-01
PRC0005387,65464801075,WAC,2.0931,184.19,2023-11-28,2024-10-14,PricingFeedB,2025-03-19
PRC0005388,47734931755,MAC,16.518,891.97,2023-07-27,2025-05-07,PricingFeedB,2025-08-27
PRC0005389,19606146745,MAC,3.5925,104.18,2024-03-10,2024-12-02,PricingFeedB,2026-08-07
PRC0005390,32792508824,MAC,1.6468,156.45,2023-03-07,2023-11-22,PricingFeedB,2025-11-26
PRC0005391,25766628880,AWP,8.6524,155.74,2024-03-15,2026-03-04,PricingFeedA,2026-07-07
PRC0005392,19307837771,AWP,3.7927,37.93,2023-05-18,2025-01-17,PricingFeedB,2025-07-28
PRC0005393,57675334230,Contract Rate,8.4078,344.72,2025-12-13,2027-04-21,PricingFeedA,2026-01-07
PRC0005394,11616709896,AWP,20.3285,1057.08,2026-01-23,2026-06-12,PricingFeedB,2025-05-22
PRC0005395,74970912325,NADAC,18.856,603.39,2024-03-31,2025-06-25,PricingFeedA,2026-05-15
PRC0005396,46919436288,NADAC,4.69,323.61,2025-03-19,2026-11-09,PricingFeedA,2025-12-12
PRC0005397,14382432019,WAC,4.6148,96.91,2023-02-12,2024-03-17,PricingFeedA,2025-05-30
PRC0005398,65882951085,Contract Rate,2.8929,190.93,2025-03-15,2025-11-01,PricingFeedA,2025-12-19
PRC0005399,98361822465,AWP,21.7307,977.88,2024-12-30,2026-09-14,PricingFeedA,2025-06-13
PRC0005400,42368965233,WAC,10.4215,177.17,2026-01-01,2026-11-08,PricingFeedA,2026-02-15
PRC0005401,80033254784,WAC,6.8876,199.74,2024-05-13,2025-05-06,PricingFeedA,2026-05-29
PRC0005402,74737938088,MAC,4.0862,339.15,2025-09-11,2026-12-31,PricingFeedA,2026-03-09
PRC0005403,49834139728,WAC,9.2495,388.48,2024-06-07,2025-05-18,PricingFeedA,2025-05-17
PRC0005404,41935957662,AWP,10.3004,834.33,2025-09-18,2027-07-30,PricingFeedA,2025-11-17
PRC0005405,13912543726,MAC,7.1895,86.27,2025-08-30,2026-01-24,PricingFeedB,2025-08-20
PRC0005406,94835111213,AWP,9.8306,393.22,2024-07-17,2025-04-26,PricingFeedB,2026-01-22
PRC0005407,54458104234,Contract Rate,46.0159,2392.83,2024-08-12,2025-11-15,PricingFeedA,2026-04-13
PRC0005408,82124250653,WAC,38.2283,1452.68,2024-02-03,2024-09-07,PricingFeedB,2026-04-25
PRC0005409,63060557974,MAC,4.7163,89.61,2026-02-25,2027-01-16,PricingFeedB,2025-02-01
PRC0005410,75313622617,AWP,7.8685,102.29,2025-07-21,2026-09-24,PricingFeedA,2025-08-08
PRC0005411,44151264671,NADAC,6.5077,605.22,2023-08-07,2025-06-19,PricingFeedB,2025-02-09
PRC0005412,40965220919,AWP,1.9754,191.61,2026-02-12,2026-11-25,PricingFeedA,2025-06-16
PRC0005413,47040255743,Contract Rate,3.109,80.83,2026-02-25,2027-04-18,PricingFeedB,2025-02-27
PRC0005414,13658312760,WAC,,127.14,2025-01-29,2026-03-01,PricingFeedB,2026-08-14
PRC0005415,65882951085,AWP,5.3423,219.03,2023-10-12,2025-09-23,PricingFeedB,2025-06-02
PRC0005416,68749757957,MAC,3.9393,224.54,2025-10-08,2026-10-05,PricingFeedB,2026-07-26
PRC0005417,89346159852,NADAC,11.8623,711.74,2024-04-09,2024-10-22,PricingFeedA,2026-04-20
PRC0005418,90019313030,AWP,2.4506,71.07,2024-06-20,2026-03-20,PricingFeedA,2026-08-09
PRC0005419,12234647192,AWP,3.821,282.75,2023-10-11,2025-03-31,PricingFeedB,2025-05-19
PRC0005420,66887309527,WAC,4.1325,140.5,2023-05-28,2024-11-12,PricingFeedA,2025-10-08
PRC0005421,44518564169,Contract Rate,1.5109,48.35,2024-12-14,2026-07-20,PricingFeedA,2025-07-08
PRC0005422,81267869985,WAC,3.5772,132.36,2025-01-30,2026-08-31,PricingFeedB,2025-10-28
PRC0005423,12871210416,NADAC,4.8104,125.07,2023-10-08,2024-05-02,PricingFeedB,2025-01-29
PRC0005424,21128586347,NADAC,5.0759,121.82,2025-08-12,2027-06-07,PricingFeedB,2025-09-13
PRC0005425,45869998291,AWP,25.976,363.66,2026-01-12,2027-05-09,PricingFeedA,2026-06-08
PRC0005426,37423653148,NADAC,2.28,223.44,2026-02-27,2027-05-08,PricingFeedB,2025-04-21
PRC0005427,76004568133,WAC,0.7742,21.68,2025-04-23,2026-03-09,PricingFeedA,2026-06-25
PRC0005428,87471341583,NADAC,17.2861,380.29,2025-02-11,2026-06-24,PricingFeedA,2025-08-01
PRC0005429,18501762876,MAC,6.8111,245.2,2025-03-14,2026-07-17,PricingFeedA,2025-01-29
PRC0005430,59760482618,NADAC,14.0105,168.13,2026-01-09,2026-08-27,PricingFeedB,2026-02-23
PRC0005431,92958990830,MAC,13.8512,817.22,2024-09-23,2026-07-04,PricingFeedB,2026-04-02
PRC0005432,72668546049,MAC,12.3296,160.28,2024-02-09,2026-01-09,PricingFeedB,2025-04-22
PRC0005433,92131319328,MAC,17.4725,1170.66,2025-08-02,2027-01-27,PricingFeedB,2025-01-12
PRC0005434,62718517427,Contract Rate,7.5494,505.81,2023-04-19,2025-03-14,PricingFeedA,2026-02-21
PRC0005435,26665254060,NADAC,2.1712,128.1,2024-08-05,2026-02-16,PricingFeedB,2026-03-24
PRC0005436,65507462258,NADAC,3.9283,349.62,2024-11-03,2025-12-02,PricingFeedA,2025-12-22
PRC0005437,81987321337,WAC,26.6676,560.02,2025-06-05,2027-05-10,PricingFeedB,2025-05-09
PRC0005438,92375297554,Contract Rate,1.3107,95.68,2024-10-07,2026-01-22,PricingFeedA,2025-08-12
PRC0005439,87431285235,MAC,13.321,1132.29,2023-12-25,2025-08-11,PricingFeedB,2026-05-28
PRC0005440,33667709457,WAC,9.4882,303.62,2025-10-29,2026-03-15,PricingFeedB,2025-06-23
PRC0005441,64140385391,WAC,15.651,610.39,2025-11-17,2026-03-03,PricingFeedB,2026-06-04
PRC0005442,83261389024,MAC,7.7399,487.61,2025-11-22,2027-04-11,PricingFeedA,2026-03-12
PRC0005443,77497673240,MAC,1.699,39.08,2023-10-06,2025-07-03,PricingFeedA,2025-07-01
PRC0005444,87088473643,AWP,2.7053,200.19,2023-04-22,2024-10-09,PricingFeedA,2025-10-28
PRC0005445,95701180452,MAC,7.1492,371.76,2023-08-17,2024-04-29,PricingFeedB,2026-07-09
PRC0005446,75769382415,NADAC,2.2625,178.74,2023-08-11,2024-06-15,PricingFeedA,2025-09-15
PRC0005447,99165884188,Contract Rate,7.3939,288.36,2023-04-21,2024-08-13,PricingFeedA,2025-01-23
PRC0005448,18567714974,WAC,8.8936,160.08,2023-12-08,2024-07-18,PricingFeedA,2025-09-13
PRC0005449,22620625618,WAC,1.3784,121.3,2024-11-18,2026-10-15,PricingFeedA,2026-03-16
PRC0005450,96688385328,NADAC,13.8182,221.09,2023-12-01,2024-10-02,PricingFeedB,2026-06-07
PRC0005451,54348747469,Contract Rate,11.5347,692.08,2026-04-15,2028-03-24,PricingFeedB,2025-02-13
PRC0005452,91638946513,MAC,21.6217,1081.09,2024-09-20,2025-02-07,PricingFeedA,2026-06-30
PRC0005453,66292157738,WAC,92.8158,7610.9,2025-09-27,2026-02-08,PricingFeedB,2026-06-13
PRC0005454,93733534314,Contract Rate,19.8327,1646.11,2026-02-11,2027-05-10,PricingFeedB,2025-01-25
PRC0005455,54493906935,Contract Rate,15.0682,527.39,2025-09-21,2027-08-07,PricingFeedA,2025-10-21
PRC0005456,33167573583,NADAC,25.3719,1293.97,2024-01-19,2024-08-29,PricingFeedB,2025-10-25
PRC0005457,31107191665,AWP,21.7505,1631.29,2024-11-12,2026-06-15,PricingFeedA,2026-07-15
PRC0005458,15456605232,NADAC,34.8131,2924.3,2024-08-23,2026-02-23,PricingFeedA,2025-03-25
PRC0005459,30333466448,NADAC,18.1207,724.83,2025-08-05,2026-05-27,PricingFeedB,2026-04-30
PRC0005460,79480401968,MAC,16.7979,1259.84,2024-09-17,2025-12-09,PricingFeedA,2025-03-28
PRC0005461,15585457750,Contract Rate,11.8001,1168.21,2025-05-06,2026-02-05,PricingFeedA,2025-07-17
PRC0005462,42994769258,MAC,4.6811,374.49,2025-12-15,2026-11-23,PricingFeedB,2025-10-29
PRC0005463,36017326675,AWP,22.262,979.53,2023-05-30,2025-03-28,PricingFeedA,2025-05-12
PRC0005464,38458321680,WAC,22.2063,1332.38,2026-04-05,2027-05-10,PricingFeedA,2026-04-21
PRC0005465,41115163443,AWP,5.5736,479.33,2023-12-20,2025-09-28,PricingFeedA,2025-10-30
PRC0005466,46658209727,UNKNOWN_METHOD,22.2384,1223.11,2023-11-14,2025-01-04,PricingFeedA,2025-05-28
PRC0005467,15426453054,Contract Rate,10.6657,533.28,2023-06-04,2025-04-29,PricingFeedA,2025-03-08
PRC0005468,15035164887,WAC,9.1998,643.99,2023-07-25,2025-05-14,PricingFeedB,2026-07-15
PRC0005469,52039804315,AWP,1.6388,88.5,2026-01-27,2027-09-11,PricingFeedB,2026-03-20
PRC0005470,79689644320,NADAC,14.1843,865.24,2025-07-15,2026-11-03,PricingFeedA,2026-07-16
PRC0005471,15501225748,NADAC,2.8309,48.13,2023-09-24,2025-08-17,PricingFeedB,2025-04-07
PRC0005472,36527120523,WAC,3.8004,231.82,2026-03-31,2028-01-28,PricingFeedB,2025-10-06
PRC0005473,65494134693,Contract Rate,8.976,736.03,2024-02-12,2024-09-03,PricingFeedA,2026-02-12
PRC0005474,52004247373,WAC,4.6117,447.33,2023-10-15,2025-06-17,PricingFeedB,2026-03-24
PRC0005475,88687101335,WAC,1.5177,21.25,2025-11-28,2026-09-12,PricingFeedB,2025-04-07
PRC0005476,65593261567,WAC,4.2087,366.16,2023-05-11,2025-04-17,PricingFeedA,2026-01-24
PRC0005477,36001690590,MAC,2.8156,197.09,2026-01-03,2027-11-22,PricingFeedB,2026-07-28
PRC0005478,19150183984,WAC,10.2969,247.13,2025-06-04,2026-03-24,PricingFeedB,2025-07-22
PRC0005479,39455777027,MAC,6.0257,548.34,2024-09-06,2026-02-16,PricingFeedB,2025-02-22
PRC0005480,24959442831,MAC,11.4725,814.55,2025-05-13,2026-09-20,PricingFeedA,2026-07-10
PRC0005481,46910396234,WAC,,494.24,2023-04-13,2024-03-22,PricingFeedA,2026-04-27
PRC0005482,93381483220,Contract Rate,26.0632,1068.59,2023-01-29,2024-07-08,PricingFeedB,2025-06-24
PRC0005483,34666508457,Contract Rate,12.3228,862.6,2023-10-06,2025-02-07,PricingFeedA,2025-04-23
PRC0005484,97224337179,AWP,3.7774,336.19,2023-12-25,2025-02-17,PricingFeedB,2026-08-03
PRC0005485,92139958992,WAC,24.5079,2058.66,2023-11-24,2025-02-11,PricingFeedA,2025-10-29
PRC0005486,46919436288,MAC,3.4304,178.38,2025-09-02,2026-07-13,PricingFeedA,2025-10-19
PRC0005487,82822319745,NADAC,3.1589,221.12,2026-04-07,2028-01-20,PricingFeedB,2025-02-11
PRC0005488,94312952831,Contract Rate,3.4789,250.48,2025-11-13,2027-05-26,PricingFeedA,2026-03-03
PRC0005489,66586455165,MAC,30.2559,2299.45,2025-04-06,2026-03-24,PricingFeedA,2025-06-10
PRC0005490,54493906935,NADAC,1.961,72.56,2024-03-13,2025-07-24,PricingFeedA,2026-01-16
PRC0005491,17735727527,Contract Rate,2.5922,111.46,2024-05-25,2025-06-21,PricingFeedA,2026-03-02
PRC0005492,79715188913,Contract Rate,6.449,625.55,2023-02-12,2023-12-14,PricingFeedA,2026-01-03
PRC0005493,62176247065,AWP,4.6536,237.33,2025-12-28,2027-08-06,PricingFeedB,2026-07-30
PRC0005494,74359942977,NADAC,2.3347,46.69,2024-01-05,2024-09-18,PricingFeedB,2025-08-16
PRC0005495,61680269653,AWP,2.0431,202.27,2024-04-02,2025-06-24,PricingFeedA,2025-01-08
PRC0005496,62995547857,WAC,36.0337,1801.69,2024-08-15,2025-01-07,PricingFeedA,2025-10-29
PRC0005497,76841912411,NADAC,4.5072,315.5,2026-02-25,2027-04-21,PricingFeedB,2025-07-22
PRC0005498,25092429310,MAC,12.7289,1120.14,2023-10-16,2025-06-25,PricingFeedA,2025-12-30
PRC0005499,33036992193,Contract Rate,1.9385,40.71,2026-04-03,2028-03-06,PricingFeedA,2025-07-07
PRC0005500,49994194179,WAC,5.7935,139.04,2025-01-26,2026-01-24,PricingFeedB,2026-03-13
PRC0005501,23007709819,MAC,11.9751,538.88,2026-01-23,2027-09-21,PricingFeedA,2026-04-02
PRC0005502,84031314513,MAC,2.3899,207.92,2024-05-08,2025-04-16,PricingFeedB,2025-03-27
PRC0005503,81681687310,MAC,3.9255,129.54,2023-03-10,2023-08-26,PricingFeedA,2025-08-29
PRC0005504,31559714166,NADAC,4.5195,329.92,2025-10-25,2026-09-07,PricingFeedB,2025-06-16
PRC0005505,80571446571,AWP,6.1866,235.09,2025-02-07,2025-07-29,PricingFeedB,2025-01-20
PRC0005506,20166640636,WAC,3.255,74.86,2025-03-01,2026-10-06,PricingFeedB,2026-01-01
PRC0005507,58914968790,NADAC,6.0287,283.35,2023-03-26,2023-07-04,PricingFeedB,2026-05-28
PRC0005508,15897986050,Contract Rate,16.2402,276.08,2024-10-13,2026-04-24,PricingFeedA,2025-10-10
PRC0005509,49994194179,NADAC,4.0941,315.25,2025-10-12,2027-07-04,PricingFeedB,2025-04-16
PRC0005510,70556245848,NADAC,6.7896,74.69,2024-01-16,2025-08-22,PricingFeedB,2025-05-25
PRC0005511,40802338292,WAC,4.6491,255.7,2025-11-16,2027-02-05,PricingFeedB,2025-04-01
PRC0005512,12237637159,AWP,8.4113,176.64,2026-03-24,2027-09-09,PricingFeedA,2026-04-29
PRC0005513,62299475227,MAC,4.2385,194.97,2025-11-14,2027-10-16,PricingFeedA,2026-03-12
PRC0005514,17735727527,NADAC,5.007,480.67,2026-03-30,2027-10-27,PricingFeedB,2026-07-20
PRC0005515,63166657868,Contract Rate,2.1492,161.19,2025-03-19,2027-03-02,PricingFeedB,2026-03-05
PRC0005516,25766628880,AWP,40.9713,901.37,2024-07-01,2026-03-26,PricingFeedA,2025-08-01
PRC0005517,90250181876,NADAC,5.5279,221.12,2024-10-23,2025-01-26,PricingFeedA,2026-08-04
PRC0005518,90122185551,AWP,,288.54,2024-12-13,2025-08-02,PricingFeedB,2026-03-14
PRC0005519,57938753177,WAC,37.9817,1709.18,2025-10-14,2026-07-11,PricingFeedB,2025-08-08
PRC0005520,86150728282,Contract Rate,22.6639,1745.12,2023-09-08,2024-09-24,PricingFeedB,2025-02-06
PRC0005521,39764892488,Contract Rate,56.7115,4196.65,2025-04-18,2026-06-16,PricingFeedB,2025-05-22
PRC0005522,30303185760,MAC,23.2399,418.32,2025-05-05,2026-03-04,PricingFeedA,2026-04-15
PRC0005523,29471563846,NADAC,10.3107,639.26,2024-02-14,2026-01-05,PricingFeedB,2026-07-26
PRC0005524,74966631014,AWP,5.9362,492.7,2024-06-06,2025-07-02,PricingFeedB,2025-12-06
PRC0005525,49343244684,AWP,4.2456,297.19,2024-09-04,2026-01-17,PricingFeedB,2025-11-25
PRC0005526,47131206943,NADAC,15.1994,349.59,2026-05-10,2027-07-08,PricingFeedA,2026-01-21
PRC0005527,84334385421,Contract Rate,0.8523,67.33,2024-11-29,2025-12-12,PricingFeedA,2026-02-05
PRC0005528,29398974548,Contract Rate,52.9407,4658.78,2026-05-20,2028-01-31,PricingFeedA,2025-01-02
PRC0005529,52087160927,Contract Rate,9.4644,747.69,2023-06-17,2024-09-17,PricingFeedB,2025-02-26
PRC0005530,47494236310,WAC,-3.7125,-360.11,2026-01-11,2027-04-29,PricingFeedB,2025-11-06
PRC0005531,78528685790,WAC,2.5826,30.99,2025-07-16,2026-07-18,PricingFeedB,2026-05-06
PRC0005532,60323145092,WAC,3.499,325.41,2023-06-04,2023-12-07,PricingFeedA,2026-06-14
PRC0005533,85417501813,WAC,17.2769,777.46,2026-05-01,2028-03-14,PricingFeedA,2025-11-22
PRC0005534,50593972260,AWP,6.2036,533.51,2024-11-09,2025-05-27,PricingFeedB,2025-07-13
PRC0005535,49343244684,NADAC,0.8012,32.05,2024-05-05,2026-03-12,PricingFeedB,2026-01-22
PRC0005536,44983140537,WAC,2.786,183.88,2025-09-14,2027-06-07,PricingFeedA,2025-05-30
PRC0005537,67213385883,Contract Rate,8.1779,531.56,2025-10-20,2026-08-30,PricingFeedB,2026-07-08
PRC0005538,78211193483,NADAC,1.728,51.84,2025-03-10,2026-01-09,PricingFeedB,2025-10-24
PRC0005539,26884937862,AWP,5.3097,361.06,2024-06-10,2024-12-21,PricingFeedA,2025-03-15
PRC0005540,46911488159,Contract Rate,6.0712,236.78,2023-07-28,2024-01-31,PricingFeedB,2025-07-01
PRC0005541,42790921133,AWP,24.9729,674.27,2023-09-15,2024-06-12,PricingFeedA,2025-04-19
PRC0005542,26059713727,WAC,11.3781,750.95,2025-02-13,2026-07-21,PricingFeedB,2025-04-28
PRC0005543,50540304418,MAC,5.3998,156.59,2024-11-23,2025-08-19,PricingFeedA,2026-06-06
PRC0005544,62176247065,AWP,1.9342,52.22,2023-10-29,2025-05-03,PricingFeedA,2026-07-28
PRC0005545,68762387095,Contract Rate,19.3087,753.04,2024-05-10,2025-08-19,PricingFeedA,2025-07-06
PRC0005546,38299381624,MAC,4.4278,230.25,2023-08-12,2023-12-23,PricingFeedA,2025-07-08
PRC0005547,73548373375,Contract Rate,11.3725,636.86,2024-01-06,2025-11-24,PricingFeedB,2025-12-14
PRC0005548,53008248547,AWP,10.0926,847.78,2024-11-14,2025-07-23,PricingFeedB,2025-04-21
PRC0005549,47349867456,AWP,12.8039,1254.78,2025-06-09,2027-05-23,PricingFeedB,2026-07-10
PRC0005550,69179660314,AWP,4.8467,135.71,2023-09-20,2024-05-26,PricingFeedB,2025-01-19
PRC0005551,14030276734,Contract Rate,3.19,76.56,2023-09-25,2025-06-22,PricingFeedA,2026-02-21
PRC0005552,57323670373,WAC,6.4821,311.14,2024-11-01,2025-10-25,PricingFeedB,2025-03-22
PRC0005553,94714373929,MAC,26.7778,990.78,2024-07-12,2024-10-11,PricingFeedB,2026-05-17
PRC0005554,89346159852,NADAC,5.1192,184.29,2023-02-12,2023-05-13,PricingFeedB,2026-05-31
PRC0005555,78627670934,WAC,276.8925,4984.06,2023-05-08,2025-01-26,PricingFeedB,2026-04-14
PRC0005556,78173474180,WAC,23.8522,1550.39,2024-05-23,2025-11-12,PricingFeedB,2026-07-26
PRC0005557,89789879626,WAC,3.3225,259.15,2024-04-07,2025-06-21,PricingFeedB,2026-03-09
PRC0005558,79345667836,MAC,2.18,61.04,2024-11-05,2025-09-08,PricingFeedB,2025-01-01
PRC0005559,12082289297,WAC,16.7992,1444.73,2026-04-27,2027-11-12,PricingFeedB,2025-07-05
PRC0005560,18554568464,AWP,9.3983,874.04,2026-03-10,2027-05-01,PricingFeedA,2025-11-16
PRC0005561,39388824427,Contract Rate,7.6228,487.86,2024-10-05,2026-09-17,PricingFeedB,2025-06-12
PRC0005562,99603627774,MAC,2.4018,201.75,2025-11-02,2026-12-26,PricingFeedB,2026-05-06
PRC0005563,88756957596,AWP,27.941,2430.87,2023-03-02,2025-01-03,PricingFeedA,2026-03-31
PRC0005564,26059713727,NADAC,38.7756,2946.95,2024-11-07,2026-01-17,PricingFeedB,2026-04-09
PRC0005565,97074469738,NADAC,2.3149,171.3,2023-05-25,2025-01-07,PricingFeedB,2026-03-07
PRC0005566,48051460965,NADAC,1.3404,120.64,2024-08-06,2026-06-23,PricingFeedB,2025-03-25
PRC0005567,11590371650,AWP,10.2634,164.21,2026-03-10,2027-11-25,PricingFeedB,2025-07-28
PRC0005568,42576948965,MAC,3.4271,263.89,2024-11-07,2025-04-17,PricingFeedA,2026-01-22
PRC0005569,65464801075,AWP,6.1289,551.6,2023-10-28,2025-01-02,PricingFeedA,2026-04-30
PRC0005570,73418540749,WAC,2.4656,125.75,2024-08-30,2026-01-30,PricingFeedA,2025-06-24
PRC0005571,47499455138,NADAC,9.8173,952.28,2025-07-06,2026-03-25,PricingFeedA,2026-02-05
PRC0005572,92515101438,WAC,9.4817,540.46,2025-11-27,2026-08-05,PricingFeedA,2026-08-15
PRC0005573,89572512973,MAC,7.5738,492.3,2025-05-12,2026-02-13,PricingFeedB,2025-08-12
PRC0005574,27054682245,AWP,2.0526,43.1,2024-12-08,2026-07-31,PricingFeedB,2026-03-30
PRC0005575,76216784973,NADAC,6.7563,304.03,2024-09-06,2025-11-09,PricingFeedB,2025-11-20
PRC0005576,93139577848,WAC,1.1151,71.37,2026-03-13,2027-11-27,PricingFeedB,2025-03-12
PRC0005577,45865729198,NADAC,24.1953,362.93,2026-03-04,2027-08-31,PricingFeedB,2026-06-02
PRC0005578,81775220884,AWP,3.4128,44.37,2025-07-13,2026-06-06,PricingFeedA,2026-04-18
PRC0005579,24945550574,NADAC,16.7796,637.62,2023-12-01,2024-03-20,PricingFeedA,2025-09-15
PRC0005580,12237637159,MAC,3.4925,174.62,2024-07-08,2025-09-06,PricingFeedB,2025-10-21
PRC0005581,80870713084,MAC,7.1245,505.84,2025-12-24,2026-05-23,PricingFeedA,2025-03-14
PRC0005582,40802338292,Contract Rate,20.1816,585.27,2025-12-12,2027-04-01,PricingFeedA,2026-05-14
PRC0005583,30333466448,NADAC,0.6747,8.77,2023-01-01,2024-08-04,PricingFeedA,2025-02-04
PRC0005584,13745261453,MAC,12.9385,892.76,2023-07-02,2024-04-13,PricingFeedB,2025-07-05
PRC0005585,24514910454,Contract Rate,2.2938,206.44,2024-01-27,2024-09-23,PricingFeedA,2025-01-23
PRC0005586,44770351942,AWP,19.0857,1355.08,2023-08-15,2025-03-31,PricingFeedB,2026-05-15
PRC0005587,92274531886,WAC,46.8538,2904.94,2025-02-27,2026-03-07,PricingFeedB,2025-02-01
PRC0005588,30516747666,AWP,3.9431,47.32,2024-07-27,2026-06-25,PricingFeedA,2026-07-05
PRC0005589,45469791921,AWP,58.6011,4805.29,2025-12-25,2026-06-13,PricingFeedA,2025-08-30
PRC0005590,84334385421,MAC,2.7339,270.66,2023-12-10,2024-07-06,PricingFeedA,2025-01-23
PRC0005591,21882365240,MAC,9.1592,512.92,2026-02-22,2027-05-26,PricingFeedB,2026-05-02
PRC0005592,17735727527,Contract Rate,17.9624,1490.88,2023-01-10,2023-04-18,PricingFeedB,2025-11-20
PRC0005593,74192691278,MAC,32.0592,2500.62,2024-07-28,2025-10-05,PricingFeedB,2026-06-23
PRC0005594,66897831639,Contract Rate,2.0623,82.49,2026-01-14,2026-07-25,PricingFeedA,2025-04-14
PRC0005595,22438118591,WAC,2.9353,73.38,2023-03-30,2025-02-15,PricingFeedA,2026-05-03
PRC0005596,82718305778,AWP,48.4528,1453.58,2025-10-02,2027-02-13,PricingFeedA,2025-09-06
PRC0005597,49498489686,NADAC,3.0171,211.2,2025-08-01,2027-07-01,PricingFeedB,2026-02-26
PRC0005598,10581609776,Contract Rate,6.2869,421.22,2025-10-02,2026-12-08,PricingFeedB,2025-06-22
PRC0005599,79510138828,WAC,6.2577,337.92,2024-08-21,2025-03-24,PricingFeedB,2025-05-18
PRC0005600,25353369992,AWP,1.1551,13.86,2025-09-17,2026-10-10,PricingFeedB,2026-01-14
PRC0005601,77497673240,AWP,30.0161,360.19,2025-10-11,2026-07-08,PricingFeedB,2025-03-13
PRC0005602,33202515562,Contract Rate,10.5385,590.16,2025-10-14,2026-12-16,PricingFeedA,2025-02-13
PRC0005603,42506952673,Contract Rate,7.6435,366.89,2023-12-23,2024-12-20,PricingFeedA,2025-11-17
PRC0005604,11417343618,WAC,7.8497,478.83,2023-10-20,2024-04-15,PricingFeedA,2025-01-11
PRC0005605,86890799081,WAC,12.9088,735.8,2023-02-14,2024-03-08,PricingFeedA,2026-01-08
PRC0005606,99165884188,MAC,2.2966,188.32,2025-10-15,2026-09-06,PricingFeedB,2026-07-05
PRC0005607,60247897621,NADAC,27.4513,2690.23,2025-12-14,2026-10-18,PricingFeedA,2026-06-26
PRC0005608,23885768970,NADAC,4.1605,141.46,2023-05-25,2025-03-17,PricingFeedB,2025-07-02
PRC0005609,94324240174,Contract Rate,12.8888,1082.66,2025-03-27,2026-04-20,PricingFeedB,2025-02-18
PRC0005610,50146274292,NADAC,9.7248,680.74,2024-02-15,2025-05-21,PricingFeedB,2025-01-24
PRC0005611,66849248677,MAC,90.1664,2975.49,2025-12-28,2026-07-10,PricingFeedA,2026-03-06
PRC0005612,85086957723,AWP,3.276,140.87,2025-01-20,2026-02-19,PricingFeedB,2025-06-30
PRC0005613,96338320268,NADAC,6.9818,460.8,2024-12-16,2026-05-20,PricingFeedA,2025-06-26
PRC0005614,84080407924,WAC,7.2125,79.34,2024-10-14,2026-03-18,PricingFeedA,2025-01-16
PRC0005615,17204851877,WAC,0.4999,33.99,2025-02-05,2025-10-31,PricingFeedB,2026-04-29
PRC0005616,76440908482,WAC,4.4261,154.91,2026-01-02,2027-12-10,PricingFeedB,2025-01-26
PRC0005617,60323145092,Contract Rate,9.3491,299.17,2024-08-28,2025-07-05,PricingFeedB,2026-02-15
PRC0005618,98323115551,WAC,8.2906,497.44,2025-09-17,2026-03-23,PricingFeedB,2025-11-24
PRC0005619,36069903176,Contract Rate,4.023,205.17,2024-09-15,2026-07-19,PricingFeedB,2025-08-29
PRC0005620,60036280484,WAC,2.4648,108.45,2023-10-17,2025-05-22,PricingFeedB,2025-02-10
PRC0005621,98755861361,AWP,3.7025,88.86,2023-08-29,2025-06-10,PricingFeedA,2025-04-26
PRC0005622,96381286924,WAC,11.7743,553.39,2023-09-07,2024-02-13,PricingFeedA,2025-02-02
PRC0005623,61102807993,WAC,10.0692,130.9,2025-01-27,2026-05-29,PricingFeedA,2025-12-10
PRC0005624,61023340877,MAC,31.2012,811.23,2026-01-26,2027-12-03,PricingFeedB,2025-11-05
PRC0005625,31054839415,Contract Rate,8.2167,369.75,2025-03-31,2025-09-11,PricingFeedB,2025-07-12
PRC0005626,47131206943,WAC,22.1844,1686.01,2025-02-27,2026-11-18,PricingFeedA,2025-03-22
PRC0005627,68762387095,AWP,6.9301,471.25,2023-06-10,2024-07-17,PricingFeedA,2025-11-24
PRC0005628,37085218953,MAC,53.8325,2583.96,2025-11-10,2027-01-24,PricingFeedB,2025-07-31
PRC0005629,71012800477,AWP,5.8081,69.7,2024-02-13,2025-05-01,PricingFeedA,2025-12-17
PRC0005630,96005568835,Contract Rate,16.4897,412.24,2025-09-25,2027-07-30,PricingFeedB,2025-12-28
PRC0005631,64943476728,Contract Rate,7.5216,308.39,2023-05-02,2023-11-12,PricingFeedB,2025-02-11
PRC0005632,66586455165,MAC,5.0906,468.34,2024-06-18,2024-11-30,PricingFeedB,2026-01-16
PRC0005633,27306655329,AWP,3.5446,248.12,2023-09-22,2025-01-22,PricingFeedA,2026-04-21
PRC0005634,56133530192,MAC,4.5718,429.75,2024-12-11,2026-05-22,PricingFeedB,2026-04-21
PRC0005635,99885674336,WAC,18.9383,1742.32,2025-06-08,2026-02-02,PricingFeedA,2026-02-14
PRC0005636,11590371650,Contract Rate,4.4723,326.48,2025-05-16,2026-03-29,PricingFeedA,2026-01-06
PRC0005637,47515972719,NADAC,17.3474,1058.19,2025-09-09,2026-11-19,PricingFeedA,2026-02-02
PRC0005638,75031842748,AWP,7.146,686.02,2023-06-04,2024-12-27,PricingFeedA,2025-11-16
PRC0005639,33202515562,MAC,3.5305,328.34,2024-06-14,2025-02-16,PricingFeedA,2025-11-21
PRC0005640,92690601150,Contract Rate,19.4963,1111.29,2025-04-18,2025-07-22,PricingFeedB,2026-04-01
PRC0005641,44363144090,AWP,6.7107,630.81,2025-12-22,2027-08-01,PricingFeedB,2025-07-28
PRC0005642,81144656722,AWP,2.1842,45.87,2023-11-07,2024-08-28,PricingFeedB,2025-01-17
PRC0005643,15134521550,AWP,40.442,3761.11,2025-11-05,2027-05-06,PricingFeedB,2026-06-29
PRC0005644,52833519370,AWP,10.0922,666.09,2024-10-24,2026-03-16,PricingFeedB,2025-07-27
PRC0005645,12082289297,Contract Rate,12.163,133.79,2025-02-22,2026-02-11,PricingFeedB,2025-09-26
PRC0005646,48967225613,Contract Rate,83.1861,6654.89,2023-08-13,2025-07-06,PricingFeedA,2026-03-05
PRC0005647,14752304010,NADAC,6.4613,407.06,2023-01-11,2023-11-17,PricingFeedA,2026-05-03
PRC0005648,80550996369,WAC,25.4581,1298.36,2026-04-28,2027-05-06,PricingFeedB,2025-08-09
PRC0005649,85163650917,WAC,6.5023,455.16,2025-09-09,2027-03-09,PricingFeedA,2026-04-09
PRC0005650,38862821761,AWP,2.9071,84.31,2025-07-07,2027-02-03,PricingFeedA,2026-04-10
PRC0005651,55747428354,Contract Rate,7.1186,512.54,2024-08-29,2026-05-29,PricingFeedA,2025-08-07
PRC0005652,56735853544,MAC,1.8728,65.55,2023-02-11,2023-08-10,PricingFeedA,2025-01-08
PRC0005653,36017326675,AWP,21.7401,1869.65,2024-11-01,2025-12-30,PricingFeedA,2025-03-20
PRC0005654,37423653148,WAC,35.8725,2259.97,2023-05-28,2024-04-01,PricingFeedA,2026-05-17
PRC0005655,88056214772,Contract Rate,10.8068,248.56,2025-01-08,2026-04-19,PricingFeedA,2025-01-23
PRC0005656,81866879412,WAC,1.6821,127.84,2023-12-24,2025-05-31,PricingFeedA,2025-01-22
PRC0005657,37135715266,AWP,5.4043,162.13,2026-05-19,2027-04-23,PricingFeedA,2025-03-25
PRC0005658,78234779957,MAC,1.546,91.21,2023-11-19,2024-05-01,PricingFeedB,2025-02-10
PRC0005659,67041360337,MAC,3.8456,49.99,2023-02-19,2024-07-07,PricingFeedB,2025-03-16
PRC0005660,91356729487,Contract Rate,2.6155,183.09,2026-02-27,2027-05-09,PricingFeedB,2026-04-08
PRC0005661,76324394748,AWP,4.5164,397.44,2025-05-27,2027-03-10,PricingFeedA,2025-11-19
PRC0005662,89292409434,MAC,194.2825,2331.39,2025-02-06,2026-10-16,PricingFeedB,2025-02-05
PRC0005663,84538386197,WAC,2.3188,23.19,2023-09-16,2025-02-11,PricingFeedA,2026-03-06
PRC0005664,68485665817,AWP,4.4752,326.69,2024-06-20,2024-10-16,PricingFeedA,2025-07-11
PRC0005665,12237637159,NADAC,3.4383,319.76,2023-08-27,2025-02-28,PricingFeedA,2025-06-05
PRC0005666,54493906935,AWP,2.8839,66.33,2023-06-29,2025-01-11,PricingFeedA,2025-07-23
PRC0005667,20269556375,Contract Rate,3.838,356.93,2023-06-14,2024-05-28,PricingFeedA,2025-03-29
PRC0005668,43392739451,NADAC,4.4234,92.89,2026-02-26,2026-12-04,PricingFeedA,2026-08-08
PRC0005669,17735727527,Contract Rate,1.2442,72.16,2023-10-21,2024-12-27,PricingFeedA,2025-10-26
PRC0005670,62842687164,WAC,6.3556,95.33,2023-02-23,2024-06-07,PricingFeedB,2025-04-28
PRC0005671,32792508824,NADAC,1.7844,46.39,2024-10-13,2026-05-11,PricingFeedA,2025-07-30
PRC0005672,47131206943,NADAC,7.8717,236.15,2023-09-21,2025-07-25,PricingFeedB,2026-06-29
PRC0005673,40085120419,MAC,3.4471,337.82,2023-09-09,2025-04-03,PricingFeedA,2026-07-04
PRC0005674,84799902623,NADAC,4.6144,78.44,2024-09-05,2026-03-18,PricingFeedA,2026-03-17
PRC0005675,98361822465,MAC,20.6272,1258.26,2025-01-22,2025-08-30,PricingFeedB,2026-01-26
PRC0005676,42994769258,AWP,5.9231,272.46,2023-10-28,2025-01-05,PricingFeedA,2026-04-15
PRC0005677,31559714166,MAC,5.1365,241.42,2026-01-16,2026-05-04,PricingFeedA,2025-11-19
PRC0005678,78929224734,AWP,1.9455,116.73,2026-01-27,2026-09-25,PricingFeedA,2025-09-12
PRC0005679,73890570297,MAC,2.5134,168.4,2023-02-09,2024-12-09,PricingFeedA,2025-10-27
PRC0005680,13622989050,MAC,18.2405,1185.63,2025-04-25,2025-11-13,PricingFeedA,2025-06-13
PRC0005681,19998557234,Contract Rate,8.3638,719.29,2024-09-05,2025-05-02,PricingFeedB,2025-03-18
PRC0005682,86802579865,MAC,54.6897,4812.69,2025-12-26,2027-01-25,PricingFeedA,2026-07-16
PRC0005683,49501356011,AWP,0.9035,55.11,2023-09-04,2025-07-14,PricingFeedA,2025-01-01
PRC0005684,91190199574,MAC,10.4355,563.52,2023-05-05,2024-01-10,PricingFeedA,2025-02-05
PRC0005685,31620645567,WAC,12.9889,1052.1,2025-05-05,2025-08-31,PricingFeedB,2025-12-30
PRC0005686,24212233551,NADAC,64.9154,4544.08,2026-02-21,2026-10-03,PricingFeedB,2026-03-13
PRC0005687,45469791921,MAC,7.0638,233.11,2023-03-12,2023-09-02,PricingFeedA,2026-01-30
PRC0005688,28814780756,NADAC,4.9259,354.66,2023-04-11,2024-07-05,PricingFeedA,2026-03-27
PRC0005689,37158569890,NADAC,4.3534,261.2,2025-10-08,2026-03-12,PricingFeedA,2026-06-22
PRC0005690,85528237583,AWP,63.5866,5849.97,2025-08-19,2026-08-27,PricingFeedA,2026-02-19
PRC0005691,89111529797,WAC,6.4614,633.22,2024-10-20,2025-02-28,PricingFeedB,2025-09-15
PRC0005692,92233526721,Contract Rate,32.6715,1078.16,2023-07-20,2024-06-27,PricingFeedB,2026-03-30
PRC0005693,57300408459,WAC,4.1959,230.77,2025-07-10,2027-04-03,PricingFeedB,2025-04-13
PRC0005694,57576578668,MAC,13.0128,1054.04,2025-03-23,2026-12-16,PricingFeedB,2026-06-30
PRC0005695,44518564169,Contract Rate,5.7574,328.17,2025-05-17,2026-12-20,PricingFeedB,2025-07-09
PRC0005696,84047590849,MAC,24.7326,939.84,2024-06-11,2025-01-30,PricingFeedA,2025-09-13
PRC0005697,24931475984,WAC,3.075,282.9,2025-09-24,2025-12-25,PricingFeedA,2025-06-09
PRC0005698,64322142638,NADAC,2.6035,143.19,2025-06-07,2025-12-24,PricingFeedB,2025-10-24
PRC0005699,67426983874,WAC,1.4413,73.51,2023-03-17,2023-11-15,PricingFeedB,2026-04-20
PRC0005700,62842687164,Contract Rate,11.6561,221.47,2025-03-19,2026-07-30,PricingFeedA,2025-07-12
PRC0005701,40815151380,MAC,5.1891,186.81,2023-03-22,2023-07-30,PricingFeedA,2025-07-11
PRC0005702,90728447630,AWP,10.0729,261.9,2024-10-09,2026-07-13,PricingFeedB,2025-08-13
PRC0005703,97829657184,WAC,17.3358,710.77,2026-05-18,2026-11-30,PricingFeedA,2025-06-01
PRC0005704,41217651162,WAC,3.7376,355.07,2026-01-12,2026-11-11,PricingFeedA,2026-02-28
PRC0005705,65882951085,AWP,17.9234,806.55,2024-12-25,2026-02-11,PricingFeedB,2025-09-19
PRC0005706,48104454958,NADAC,12.3562,815.51,2025-01-01,2026-03-13,PricingFeedA,2026-07-07
PRC0005707,14904163164,NADAC,6.0471,380.97,2026-04-27,2026-10-11,PricingFeedB,2025-07-28
PRC0005708,38862821761,UNKNOWN_METHOD,7.9897,551.29,2023-01-14,2023-08-30,PricingFeedA,2026-07-01
PRC0005709,96959249363,AWP,54.8443,3345.5,2026-03-23,2026-12-08,PricingFeedB,2026-03-16
PRC0005710,35743278195,WAC,3.9795,346.22,2025-05-11,2027-02-09,PricingFeedA,2025-10-01
PRC0005711,10394138129,Contract Rate,30.7967,554.34,2025-08-05,2027-04-13,PricingFeedA,2026-05-27
PRC0005712,82097839974,NADAC,9.5436,267.22,2023-05-29,2025-03-16,PricingFeedB,2025-12-16
PRC0005713,75670258359,MAC,2.5544,99.62,2025-07-12,2026-09-15,PricingFeedA,2025-09-22
PRC0005714,45073829754,MAC,0.8371,14.23,2023-04-03,2023-12-27,PricingFeedA,2025-01-14
PRC0005715,87647246210,NADAC,3.8808,50.45,2024-05-30,2025-08-25,PricingFeedB,2025-06-11
PRC0005716,66849248677,WAC,11.7639,894.06,2024-12-01,2025-12-09,PricingFeedA,2025-11-24
PRC0005717,19150183984,WAC,35.6879,2426.78,2023-02-02,2023-10-04,PricingFeedA,2025-03-17
PRC0005718,84799902623,MAC,3.4819,181.06,2024-09-29,2025-08-16,PricingFeedB,2025-07-10
PRC0005719,32444678260,MAC,0.8958,50.16,2023-12-07,2024-12-17,PricingFeedB,2025-05-23
PRC0005720,39273980031,AWP,5.3857,285.44,2025-08-24,2026-09-11,PricingFeedB,2026-08-03
PRC0005721,52238926923,AWP,2.7027,75.68,2023-12-31,2024-04-27,PricingFeedB,2026-04-11
PRC0005722,39556565835,MAC,16.197,907.03,2024-11-20,2026-09-18,PricingFeedB,2025-11-27
PRC0005723,63764194169,MAC,29.4857,1562.74,2025-06-06,2026-01-19,PricingFeedA,2025-07-04
PRC0005724,47515972719,Contract Rate,4.3309,134.26,2025-06-11,2026-09-07,PricingFeedA,2026-06-27
PRC0005725,60563234574,MAC,12.6481,164.43,2024-10-18,2025-08-01,PricingFeedA,2026-08-05
PRC0005726,10405956455,NADAC,13.7167,919.02,2026-01-12,2027-12-31,PricingFeedA,2025-01-17
PRC0005727,43240994052,NADAC,56.5656,5317.17,2023-11-02,2024-06-13,PricingFeedB,2025-06-29
PRC0005728,22934703171,NADAC,13.5174,784.01,2024-08-08,2025-03-29,PricingFeedA,2026-01-19
PRC0005729,94250599448,MAC,3.0112,174.65,2025-01-27,2026-03-08,PricingFeedB,2026-02-28
PRC0005730,96381286924,NADAC,62.0817,5152.78,2024-07-23,2025-05-24,PricingFeedA,2026-08-08
PRC0005731,82718305778,Contract Rate,3.2037,38.44,2026-02-23,2026-10-14,PricingFeedB,2025-03-17
PRC0005732,44211207023,AWP,14.3372,301.08,2026-05-29,2027-01-23,PricingFeedB,2026-03-19
PRC0005733,67080423748,WAC,6.366,82.76,2026-01-20,2026-12-29,PricingFeedB,2025-10-21
PRC0005734,85393162035,AWP,19.0377,437.87,2025-10-15,2027-09-30,PricingFeedA,2026-03-09
PRC0005735,37135715266,NADAC,6.6179,615.46,2024-07-04,2024-11-01,PricingFeedA,2026-02-15
PRC0005736,60844107060,Contract Rate,33.1006,2714.25,2025-08-25,2026-06-27,PricingFeedB,2025-11-01
PRC0005737,99706788130,MAC,12.0346,673.94,2025-03-22,2026-09-26,PricingFeedA,2025-11-11
PRC0005738,29398974548,AWP,9.8264,756.63,2024-05-03,2025-08-25,PricingFeedA,2025-09-04
PRC0005739,87787823612,Contract Rate,24.7747,1065.31,2024-12-29,2025-11-09,PricingFeedA,2025-11-21
PRC0005740,89572512973,Contract Rate,0.3255,11.07,2025-08-06,2026-06-14,PricingFeedA,2025-04-01
PRC0005741,39764892488,Contract Rate,7.4501,469.36,2025-09-19,2026-06-12,PricingFeedB,2026-01-17
PRC0005742,93500208178,AWP,7.9801,151.62,2024-01-19,2025-11-22,PricingFeedA,2025-08-05
PRC0005743,85086957723,AWP,19.6877,1240.33,2025-05-08,2026-11-22,PricingFeedB,2025-09-22
PRC0005744,81276626479,AWP,2.0578,80.25,2023-06-28,2024-10-02,PricingFeedA,2026-08-13
PRC0005745,78375177340,NADAC,5.6678,504.43,2024-12-11,2025-08-17,PricingFeedB,2025-03-12
PRC0005746,31106224472,Contract Rate,34.8083,2993.51,2024-03-10,2024-11-10,PricingFeedA,2025-11-30
PRC0005747,37017591044,WAC,6.5218,345.66,2025-10-01,2027-09-01,PricingFeedB,2026-04-07
PRC0005748,54054126339,Contract Rate,34.6675,2600.06,2025-09-04,2026-12-26,PricingFeedA,2026-05-26
PRC0005749,62579571575,AWP,9.4895,151.83,2025-05-02,2026-07-05,PricingFeedB,2025-01-19
PRC0005750,26703687825,AWP,6.4937,344.17,2025-07-24,2027-01-03,PricingFeedB,2025-11-19
PRC0005751,55577596931,Contract Rate,2.7312,65.55,2025-07-03,2025-10-27,PricingFeedA,2026-06-07
PRC0005752,60563234574,AWP,2.5264,232.43,2026-01-11,2027-04-15,PricingFeedB,2026-02-09
PRC0005753,49954258793,AWP,9.2428,887.31,2023-01-19,2023-06-06,PricingFeedB,2025-04-13
PRC0005754,64540939887,MAC,6.1672,154.18,2023-12-18,2025-08-31,PricingFeedB,2025-05-02
PRC0005755,70003467749,AWP,11.888,309.09,2025-03-10,2025-12-16,PricingFeedA,2025-04-20
PRC0005756,35021253272,Contract Rate,29.0998,1658.69,2025-03-23,2026-11-16,PricingFeedB,2025-03-20
PRC0005757,25245820746,NADAC,7.2441,130.39,2024-08-04,2026-06-06,PricingFeedA,2026-01-15
PRC0005758,29312348846,NADAC,2.0043,176.38,2024-02-23,2024-06-10,PricingFeedA,2025-12-27
PRC0005759,73548373375,Contract Rate,10.8047,896.79,2023-11-12,2025-04-26,PricingFeedB,2025-04-04
PRC0005760,19270364213,Contract Rate,16.45,904.75,2024-03-07,2024-07-13,PricingFeedB,2025-12-09
PRC0005761,47220155350,Contract Rate,7.535,557.59,2026-03-20,2026-11-09,PricingFeedB,2025-04-06
PRC0005762,38837974554,WAC,7.7335,510.41,2024-07-30,2024-10-29,PricingFeedA,2026-05-12
PRC0005763,34030808751,AWP,3.2506,81.27,2025-11-19,2026-07-22,PricingFeedA,2026-05-12
PRC0005764,95759671235,Contract Rate,2.651,201.48,2026-03-04,2027-07-15,PricingFeedA,2025-06-21
PRC0005765,47253753474,Contract Rate,9.521,780.72,2024-12-06,2026-10-08,PricingFeedB,2025-04-30
PRC0005766,44363144090,AWP,16.8382,1195.51,2023-08-12,2025-07-26,PricingFeedB,2026-04-27
PRC0005767,39077562796,Contract Rate,2.0383,36.69,2025-12-25,2027-04-11,PricingFeedB,2025-07-18
PRC0005768,40423439442,AWP,18.6759,1269.96,2025-11-27,2027-02-03,PricingFeedA,2025-04-19
PRC0005769,32345951358,NADAC,7.8481,470.89,2024-10-31,2026-06-18,PricingFeedB,2025-03-17
PRC0005770,68335772779,Contract Rate,14.2525,1353.99,2025-06-21,2027-05-10,PricingFeedA,2025-04-29
PRC0005771,39903246537,AWP,1.5227,57.86,2024-10-19,2025-11-27,PricingFeedB,2025-04-12
PRC0005772,27306842138,NADAC,4.2484,237.91,2023-06-12,2024-03-31,PricingFeedB,2025-06-10
PRC0005773,17888408220,Contract Rate,2.0856,133.48,2024-12-03,2026-07-27,PricingFeedB,2025-01-04
PRC0005774,17813492685,WAC,8.8357,371.1,2025-07-17,2026-04-09,PricingFeedB,2025-07-13
PRC0005775,40538581357,AWP,26.4341,1083.8,2026-01-09,2027-11-07,PricingFeedA,2026-05-10
PRC0005776,92375297554,MAC,7.6319,373.96,2023-01-08,2023-04-23,PricingFeedB,2026-01-28
PRC0005777,13954840715,AWP,4.8875,430.1,2025-09-12,2027-06-16,PricingFeedB,2026-03-23
PRC0005778,85532169173,MAC,7.0663,134.26,2023-08-30,2024-04-06,PricingFeedB,2025-11-04
PRC0005779,57373424595,WAC,18.1689,1707.88,2025-07-05,2027-03-28,PricingFeedA,2025-03-04
PRC0005780,95759671235,Contract Rate,6.5159,579.92,2024-06-05,2025-01-10,PricingFeedB,2025-01-15
PRC0005781,38721413264,MAC,4.0972,65.56,2025-11-28,2026-03-04,PricingFeedB,2026-01-28
PRC0005782,55747428354,AWP,8.2378,741.4,2026-04-02,2028-01-12,PricingFeedB,2025-05-22
PRC0005783,76582366385,NADAC,6.024,192.77,2024-10-12,2026-09-11,PricingFeedB,2026-07-29
PRC0005784,58140162291,AWP,3.4461,272.24,2024-10-24,2025-09-29,PricingFeedB,2026-08-07
PRC0005785,37017591044,WAC,3.5793,304.24,2024-04-30,2026-03-27,PricingFeedB,2025-03-26
PRC0005786,26059713727,WAC,15.4003,200.2,2025-10-15,2027-04-21,PricingFeedB,2025-12-23
PRC0005787,44682779034,AWP,3.925,243.35,2024-05-23,2026-02-05,PricingFeedA,2025-01-05
PRC0005788,91227369073,WAC,11.6184,1010.8,2025-07-04,2025-12-31,PricingFeedA,2025-11-29
PRC0005789,49343244684,MAC,9.6217,298.27,2024-12-25,2025-11-29,PricingFeedA,2026-05-05
PRC0005790,96005568835,Contract Rate,4.2598,93.72,2023-05-01,2024-07-29,PricingFeedB,2025-02-03
PRC0005791,82822319745,WAC,0.6747,14.84,2024-05-01,2024-11-02,PricingFeedA,2025-12-05
PRC0005792,20698353031,Contract Rate,2.1332,132.26,2026-05-23,2027-04-08,PricingFeedB,2026-03-04
PRC0005793,15134521550,Contract Rate,4.8605,145.81,2024-06-24,2025-09-22,PricingFeedB,2025-07-06
PRC0005794,92375297554,Contract Rate,2.4928,137.1,2024-12-12,2025-09-23,PricingFeedB,2025-01-20
PRC0005795,69207755847,NADAC,5.8023,568.63,2024-06-18,2026-05-30,PricingFeedA,2026-07-05
PRC0005796,40085120419,WAC,8.7872,659.04,2024-10-16,2025-05-20,PricingFeedA,2025-11-25
PRC0005797,38443858993,AWP,2.597,199.97,2026-05-18,2027-08-03,PricingFeedB,2025-03-22
PRC0005798,30333466448,Contract Rate,19.8966,895.35,2024-12-28,2026-11-26,PricingFeedA,2026-05-28
PRC0005799,91233214850,MAC,10.1212,506.06,2025-07-10,2026-07-05,PricingFeedA,2026-05-01
PRC0005800,42374213026,MAC,4.6221,332.79,2026-02-19,2026-08-31,PricingFeedB,2025-02-04
PRC0005801,57373424595,NADAC,7.8646,597.71,2024-10-11,2026-05-30,PricingFeedA,2026-03-16
PRC0005802,82718305778,AWP,24.4647,1761.46,2025-09-20,2026-04-24,PricingFeedB,2025-07-19
PRC0005803,57344228998,Contract Rate,4.4055,237.9,2023-11-17,2024-03-14,PricingFeedB,2026-04-13
PRC0005804,39556565835,Contract Rate,16.062,1252.84,2025-06-14,2027-05-24,PricingFeedA,2026-01-08
PRC0005805,63060557974,NADAC,4.8904,430.36,2023-08-11,2025-04-20,PricingFeedA,2026-06-16
PRC0005806,13289945916,Contract Rate,5.502,539.2,2026-01-03,2027-12-19,PricingFeedB,2025-12-31
PRC0005807,93961156923,NADAC,2.5601,217.61,2026-05-02,2028-03-03,PricingFeedB,2025-12-13
PRC0005808,64322142638,WAC,14.2241,995.69,2025-12-07,2026-11-06,PricingFeedA,2026-05-05
PRC0005809,20698353031,AWP,36.274,2720.55,2024-01-29,2025-02-18,PricingFeedB,2025-11-15
PRC0005810,98921439381,MAC,16.7798,1560.52,2025-06-27,2025-11-15,PricingFeedA,2025-07-12
PRC0005811,31106224472,AWP,0.8922,12.49,2024-06-12,2026-01-15,PricingFeedA,2026-04-06
PRC0005812,55296874591,NADAC,18.3191,659.49,2024-06-09,2026-05-03,PricingFeedA,2026-06-02
PRC0005813,93669729418,AWP,3.2951,118.62,2023-06-27,2024-05-28,PricingFeedB,2025-10-11
PRC0005814,11713731824,WAC,13.2473,914.06,2024-07-10,2026-03-28,PricingFeedA,2025-03-02
PRC0005815,36163874460,NADAC,90.476,2442.85,2023-02-22,2024-02-06,PricingFeedB,2025-06-01
PRC0005816,92608453526,Contract Rate,23.4267,327.97,2025-09-09,2027-08-17,PricingFeedA,2025-05-13
PRC0005817,87424262238,MAC,5.8596,146.49,2026-03-13,2026-12-13,PricingFeedA,2025-07-06
PRC0005818,63166657868,AWP,17.7425,940.35,2024-03-06,2025-12-21,PricingFeedA,2025-01-01
PRC0005819,89292409434,AWP,7.2417,115.87,2024-05-16,2024-12-12,PricingFeedB,2025-12-23
PRC0005820,67141494586,NADAC,28.9297,2487.95,2024-09-18,2025-02-03,PricingFeedB,2026-03-18
PRC0005821,87471341583,NADAC,24.9662,873.82,2026-05-24,2027-02-20,PricingFeedA,2025-02-15
PRC0005822,72708515673,NADAC,6.1594,166.3,2025-05-01,2027-01-19,PricingFeedB,2025-04-20
PRC0005823,40895504647,MAC,2.1647,138.54,2023-07-13,2025-01-25,PricingFeedB,2025-04-06
PRC0005824,27054682245,WAC,3.3807,111.56,2024-06-15,2025-02-25,PricingFeedA,2025-09-09
PRC0005825,36527120523,WAC,21.2134,551.55,2024-05-26,2025-07-28,PricingFeedA,2025-11-25
PRC0005826,39077562796,NADAC,12.2006,622.23,2023-01-22,2024-04-17,PricingFeedA,2026-07-09
PRC0005827,27517427451,Contract Rate,3.1476,31.48,2025-02-03,2026-11-27,PricingFeedA,2025-05-25
PRC0005828,64322142638,MAC,1.2062,57.9,2024-09-20,2025-04-14,PricingFeedB,2026-05-28
PRC0005829,13745261453,AWP,6.3346,120.36,2026-03-24,2027-04-18,PricingFeedA,2025-09-22
PRC0005830,47340976831,WAC,1.2964,80.38,2023-12-23,2025-09-18,PricingFeedB,2025-09-03
PRC0005831,51057281520,Contract Rate,93.924,2160.25,2024-02-29,2025-07-13,PricingFeedB,2025-02-09
PRC0005832,40504965642,WAC,1.0625,28.69,2025-10-22,2026-01-21,PricingFeedA,2025-06-05
PRC0005833,57323670373,Contract Rate,11.9797,587.01,2024-07-31,2026-06-14,PricingFeedB,2025-02-26
PRC0005834,57089942274,NADAC,21.3295,405.26,2023-04-02,2025-02-21,PricingFeedA,2025-06-11
PRC0005835,25353369992,AWP,4.7993,163.18,2024-07-21,2025-12-09,PricingFeedA,2025-08-30
PRC0005836,52862954898,Contract Rate,7.3951,687.74,2024-05-19,2024-12-21,PricingFeedB,2025-11-13
PRC0005837,30516747666,MAC,5.1232,399.61,2024-12-25,2026-08-06,PricingFeedB,2026-04-02
PRC0005838,92375297554,NADAC,3.6645,172.23,2025-06-14,2026-04-06,PricingFeedB,2026-05-09
PRC0005839,96691540687,NADAC,5.7084,199.79,2025-02-04,2026-10-05,PricingFeedA,2025-07-17
PRC0005840,31054839415,NADAC,41.421,3106.57,2023-07-07,2023-11-09,PricingFeedA,2025-01-20
PRC0005841,55747428354,AWP,40.879,449.67,2023-08-14,2024-03-09,PricingFeedB,2026-04-01
PRC0005842,85340859181,NADAC,6.748,121.46,2024-05-23,2024-09-13,PricingFeedB,2025-11-12
PRC0005843,40427686976,MAC,20.1634,221.8,2023-04-09,2025-02-19,PricingFeedB,2025-03-12
PRC0005844,22620625618,WAC,6.5436,314.09,2025-10-10,2026-02-14,PricingFeedB,2026-02-25
PRC0005845,21243727554,NADAC,4.0627,329.08,2023-12-02,2024-06-21,PricingFeedB,2026-01-12
PRC0005846,67259185565,AWP,62.0054,6138.53,2024-03-12,2025-12-17,PricingFeedA,2025-05-02
PRC0005847,93234720318,MAC,2.1553,58.19,2026-03-12,2026-08-10,PricingFeedB,2025-04-16
PRC0005848,89111529797,WAC,0.4821,7.71,2023-06-30,2024-09-27,PricingFeedB,2025-06-21
PRC0005849,48967225613,NADAC,1.319,77.82,2024-12-01,2025-12-16,PricingFeedA,2025-12-03
PRC0005850,48777918537,Contract Rate,6.5941,125.29,2024-06-13,2026-03-29,PricingFeedB,2025-05-20
PRC0005851,77633965520,Contract Rate,6.3818,268.04,2023-10-15,2024-03-25,PricingFeedA,2025-02-05
PRC0005852,44872908135,Contract Rate,7.4622,716.37,2024-05-15,2024-12-22,PricingFeedB,2025-08-01
PRC0005853,38481272433,Contract Rate,3.939,114.23,2025-08-01,2026-01-11,PricingFeedA,2025-07-15
PRC0005854,52004247373,NADAC,21.1922,1992.07,2025-04-04,2026-09-18,PricingFeedA,2026-06-29
PRC0005855,50146274292,NADAC,15.8513,1537.58,2026-03-23,2027-05-20,PricingFeedA,2025-09-25
PRC0005856,27306842138,MAC,14.4225,692.28,2024-12-15,2026-06-25,PricingFeedA,2025-05-26
PRC0005857,25094254121,NADAC,5.3981,259.11,2025-03-30,2026-10-26,PricingFeedA,2026-06-16
PRC0005858,18475573796,WAC,10.4542,752.7,2026-04-02,2027-12-20,PricingFeedA,2026-04-11
PRC0005859,63011707032,Contract Rate,4.5112,338.34,2026-02-18,2026-11-22,PricingFeedA,2026-03-30
PRC0005860,41115163443,Contract Rate,1.812,30.8,2024-04-29,2025-07-30,PricingFeedA,2026-02-15
PRC0005861,79715188913,AWP,18.4069,460.17,2023-09-23,2025-09-09,PricingFeedA,2025-11-18
PRC0005862,37452117788,MAC,9.9793,938.05,2025-12-29,2027-02-27,PricingFeedB,2025-08-13
PRC0005863,93474724778,AWP,13.9391,850.29,2023-01-20,2023-06-23,PricingFeedB,2025-12-26
PRC0005864,51057281520,NADAC,11.6008,533.64,2026-02-25,2027-04-26,PricingFeedB,2026-06-13
PRC0005865,12493232019,AWP,3.9875,167.47,2023-06-14,2023-12-13,PricingFeedB,2025-03-26
PRC0005866,22522938085,WAC,10.5086,231.19,2023-01-25,2023-06-25,PricingFeedB,2025-04-04
PRC0005867,37195598538,AWP,3.2109,61.01,2023-07-05,2024-07-16,PricingFeedA,2025-04-17
PRC0005868,64140385391,MAC,9.2738,435.87,2024-05-01,2025-03-08,PricingFeedB,2025-06-19
PRC0005869,52039804315,Contract Rate,1.8891,34.0,2023-06-02,2024-01-10,PricingFeedB,2025-10-20
PRC0005870,37104711512,AWP,6.8668,384.54,2023-11-16,2025-02-04,PricingFeedB,2026-04-24
PRC0005871,31265213479,WAC,2.5157,221.38,2024-05-07,2026-01-29,PricingFeedA,2026-02-05
PRC0005872,43412851646,NADAC,3.8837,275.74,2023-03-20,2025-01-23,PricingFeedB,2025-06-13
PRC0005873,96682671088,Contract Rate,14.1227,1384.02,2025-04-20,2026-08-02,PricingFeedB,2026-03-15
PRC0005874,57892185137,NADAC,1.48,118.4,2024-02-19,2025-06-07,PricingFeedA,2026-06-04
PRC0005875,26851855697,AWP,9.7644,410.1,2025-06-07,2026-05-26,PricingFeedA,2025-07-05
PRC0005876,58257248865,NADAC,8.2649,173.56,2023-01-13,2024-06-05,PricingFeedB,2025-12-31
PRC0005877,23809467884,AWP,21.0302,1093.57,2023-09-24,2025-04-28,PricingFeedB,2026-01-17
PRC0005878,64943476728,NADAC,9.2313,230.78,2024-05-17,2026-02-03,PricingFeedB,2025-11-26
PRC0005879,40026109670,WAC,11.7084,702.5,2024-05-01,2026-04-01,PricingFeedB,2026-01-17
PRC0005880,25320855947,AWP,,105.76,2023-11-01,2025-07-10,PricingFeedB,2025-05-06
PRC0005881,20698353031,Contract Rate,3.5772,296.91,2024-01-20,2025-12-24,PricingFeedB,2025-06-28
PRC0005882,44605799615,Contract Rate,11.9027,428.5,2024-07-07,2025-11-14,PricingFeedA,2026-02-26
PRC0005883,50389239682,WAC,12.1132,1162.87,2025-11-23,2026-11-03,PricingFeedB,2026-06-24
PRC0005884,28631979336,AWP,6.679,647.86,2024-02-03,2025-09-05,PricingFeedB,2025-07-07
PRC0005885,81214270455,Contract Rate,49.2245,3150.37,2026-01-04,2026-05-04,PricingFeedA,2025-08-15
PRC0005886,96282694513,NADAC,24.3412,949.31,2023-07-26,2025-05-15,PricingFeedB,2026-03-03
PRC0005887,84538386197,NADAC,6.9241,207.72,2024-11-02,2026-09-27,PricingFeedA,2025-06-30
PRC0005888,19307837771,MAC,15.5117,1473.61,2023-07-13,2023-10-14,PricingFeedB,2025-10-05
PRC0005889,43701205518,WAC,9.0624,561.87,2025-10-19,2026-09-16,PricingFeedA,2025-10-27
PRC0005890,14420419723,NADAC,2.8787,86.36,2026-05-31,2026-12-27,PricingFeedB,2025-07-10
PRC0005891,13245368747,Contract Rate,23.9884,887.57,2023-08-04,2023-12-10,PricingFeedB,2025-01-13
PRC0005892,58801526081,WAC,3.1617,268.74,2023-06-10,2023-12-18,PricingFeedB,2025-02-24
PRC0005893,20858309589,MAC,8.4664,313.26,2024-06-03,2024-09-18,PricingFeedA,2025-11-14
PRC0005894,76053633631,Contract Rate,4.7001,206.8,2025-02-05,2026-04-29,PricingFeedA,2026-05-30
PRC0005895,51850973745,Contract Rate,3.4411,309.7,2024-05-28,2026-02-21,PricingFeedA,2026-02-11
PRC0005896,62299475227,MAC,7.2301,303.66,2025-06-21,2027-05-01,PricingFeedB,2025-07-12
PRC0005897,74385175975,WAC,4.6449,325.14,2025-03-04,2026-02-01,PricingFeedB,2025-10-18
PRC0005898,80264600050,MAC,3.1187,43.66,2026-01-23,2027-02-18,PricingFeedB,2026-02-03
PRC0005899,70400541549,WAC,2.8235,31.06,2023-05-19,2024-10-24,PricingFeedB,2025-10-29
PRC0005900,21365601254,AWP,40.7967,693.54,2026-05-13,2028-02-04,PricingFeedB,2025-10-13
PRC0005901,48887377765,Contract Rate,18.5056,1554.47,2023-03-25,2023-11-08,PricingFeedB,2026-01-28
PRC0005902,49169824284,Contract Rate,9.4876,683.11,2025-01-04,2026-04-26,PricingFeedA,2026-02-01
PRC0005903,66286287567,AWP,-4.8911,-234.77,2023-09-15,2025-06-02,PricingFeedA,2026-08-03
PRC0005904,90122185551,WAC,8.0857,574.08,2025-12-30,2026-04-03,PricingFeedA,2026-07-29
PRC0005905,96443863653,MAC,10.0384,722.76,2023-04-04,2024-03-31,PricingFeedB,2025-12-15
PRC0005906,93322571389,Contract Rate,9.7211,136.1,2023-09-17,2024-03-14,PricingFeedB,2025-03-28
PRC0005907,13912543726,NADAC,33.461,401.53,2024-11-22,2026-07-14,PricingFeedB,2026-08-11
PRC0005908,47041166680,WAC,2.4652,130.66,2024-07-18,2025-03-27,PricingFeedA,2025-06-07
PRC0005909,65244152274,Contract Rate,10.1186,910.67,2024-04-12,2025-03-02,PricingFeedB,2026-06-25
PRC0005910,90409204356,NADAC,1.1719,92.58,2024-08-07,2025-05-14,PricingFeedA,2025-04-07
PRC0005911,74039272223,Contract Rate,41.4315,3190.23,2024-03-26,2025-05-29,PricingFeedA,2026-05-12
PRC0005912,86150728282,MAC,19.6569,1336.67,2025-02-03,2026-05-29,PricingFeedB,2026-08-14
PRC0005913,20662343885,AWP,6.9573,243.51,2024-05-03,2025-12-11,PricingFeedA,2025-01-12
PRC0005914,62176247065,MAC,5.0151,366.1,2023-07-24,2024-10-03,PricingFeedA,2026-02-10
PRC0005915,85393162035,Contract Rate,31.0316,620.63,2025-01-09,2025-05-09,PricingFeedB,2026-06-05
PRC0005916,52800745415,NADAC,3.4191,270.11,2025-07-31,2025-12-15,PricingFeedB,2025-09-09
PRC0005917,73179592267,WAC,22.0344,462.72,2023-02-13,2025-01-20,PricingFeedB,2025-12-23
PRC0005918,73825238231,NADAC,0.8797,15.83,2024-10-02,2026-06-07,PricingFeedA,2025-07-08
PRC0005919,70613545988,MAC,12.4449,323.57,2023-03-11,2023-10-24,PricingFeedB,2026-01-23
PRC0005920,73825238231,WAC,1.2366,102.64,2024-04-10,2025-01-03,PricingFeedB,2025-06-05
PRC0005921,25245820746,AWP,2.0711,188.47,2025-11-21,2026-02-25,PricingFeedB,2026-01-04
PRC0005922,91237315897,Contract Rate,4.1005,340.34,2025-05-25,2026-02-27,PricingFeedB,2025-09-12
PRC0005923,68912388929,MAC,19.37,774.8,2023-10-30,2024-04-03,PricingFeedA,2025-10-26
PRC0005924,98244356040,NADAC,6.0079,162.21,2025-05-01,2026-10-07,PricingFeedB,2025-11-08
PRC0005925,31620645567,UNKNOWN_METHOD,5.6742,175.9,2024-07-29,2025-05-14,PricingFeedA,2025-08-19
PRC0005926,22187365237,WAC,6.5348,254.86,2023-05-01,2025-01-26,PricingFeedB,2026-06-13
PRC0005927,55068365571,MAC,6.1562,566.37,2023-06-12,2024-09-24,PricingFeedB,2025-02-10
PRC0005928,50757578276,WAC,2.1974,103.28,2024-05-28,2024-10-16,PricingFeedB,2025-11-30
PRC0005929,25871240147,NADAC,12.0377,625.96,2025-08-29,2026-05-17,PricingFeedA,2025-10-18
PRC0005930,67141494586,MAC,29.8306,2147.8,2025-01-29,2026-12-18,PricingFeedB,2026-04-10
PRC0005931,97378960743,MAC,6.2822,408.34,2025-04-03,2025-08-20,PricingFeedA,2026-07-19
PRC0005932,96593890261,AWP,0.5033,10.07,2025-06-29,2027-03-03,PricingFeedA,2025-11-21
PRC0005933,26004482228,Contract Rate,5.7558,425.93,2025-10-02,2027-04-14,PricingFeedB,2026-06-19
PRC0005934,93139577848,AWP,2.2636,76.96,2024-08-10,2025-05-16,PricingFeedA,2025-08-11
PRC0005935,59760482618,Contract Rate,1.4552,90.22,2023-05-14,2024-08-19,PricingFeedB,2025-09-06
PRC0005936,84335217948,MAC,14.7315,1355.3,2024-03-05,2024-08-02,PricingFeedA,2026-03-30
PRC0005937,96691540687,NADAC,2.6444,60.82,2025-08-07,2027-05-08,PricingFeedB,2025-08-21
PRC0005938,99873357727,Contract Rate,1.3406,124.68,2023-07-20,2024-07-21,PricingFeedB,2025-04-28
PRC0005939,59772579378,WAC,22.4209,1143.47,2024-09-30,2025-02-28,PricingFeedA,2025-01-22
PRC0005940,46826465747,Contract Rate,12.5888,302.13,2026-01-22,2026-08-10,PricingFeedB,2025-07-29
PRC0005941,12859564719,AWP,0.2448,5.14,2024-06-01,2026-03-14,PricingFeedB,2025-10-24
PRC0005942,40842594127,Contract Rate,4.7397,118.49,2023-05-18,2024-06-03,PricingFeedB,2025-02-05
PRC0005943,45469791921,AWP,5.3483,149.75,2023-11-23,2024-05-12,PricingFeedA,2025-01-03
PRC0005944,14382432019,AWP,4.766,333.62,2023-03-05,2024-03-26,PricingFeedA,2026-02-16
PRC0005945,44199500329,MAC,4.5238,122.14,2024-12-15,2025-07-28,PricingFeedB,2026-03-28
PRC0005946,53008248547,WAC,9.784,528.34,2024-05-27,2025-11-01,PricingFeedA,2026-01-07
PRC0005947,71237921960,MAC,2.7523,187.16,2023-11-27,2024-03-01,PricingFeedA,2026-04-07
PRC0005948,79775467157,WAC,7.2204,324.92,2023-11-14,2024-11-18,PricingFeedB,2025-09-13
PRC0005949,47494236310,NADAC,3.4344,157.98,2025-08-10,2027-03-14,PricingFeedA,2026-02-16
PRC0005950,31559714166,WAC,7.386,265.9,2023-12-29,2025-05-04,PricingFeedA,2025-01-07
PRC0005951,95701180452,AWP,3.0586,238.57,2025-01-26,2026-03-09,PricingFeedA,2025-04-21
PRC0005952,45073829754,NADAC,16.5465,694.95,2024-01-12,2025-03-01,PricingFeedA,2026-04-04
PRC0005953,85778839614,NADAC,2.399,225.51,2025-08-10,2027-07-19,PricingFeedB,2025-03-23
PRC0005954,22593438668,NADAC,8.662,485.07,2025-09-11,2027-04-03,PricingFeedA,2025-01-18
PRC0005955,55066490222,NADAC,2.847,34.16,2023-08-08,2023-12-31,PricingFeedA,2025-03-23
PRC0005956,40842594127,Contract Rate,0.8973,15.25,2025-01-20,2026-07-09,PricingFeedA,2025-03-21
PRC0005957,77464349998,AWP,4.7706,300.55,2023-10-12,2024-03-24,PricingFeedB,2026-02-27
PRC0005958,76013679988,MAC,14.7599,1254.59,2024-04-28,2024-10-28,PricingFeedA,2025-07-20
PRC0005959,48045569225,WAC,6.8199,75.02,2024-04-15,2026-03-12,PricingFeedB,2025-10-31
PRC0005960,91356729487,AWP,17.0659,477.85,2024-07-29,2025-04-12,PricingFeedA,2025-01-26
PRC0005961,93961156923,AWP,21.2961,1937.95,2023-02-14,2024-04-04,PricingFeedA,2025-01-01
PRC0005962,25866246025,NADAC,7.1534,665.27,2025-09-27,2027-08-06,PricingFeedA,2025-01-23
PRC0005963,62107980910,Contract Rate,5.9781,346.73,2023-10-23,2025-01-10,PricingFeedA,2026-07-03
PRC0005964,19150183984,AWP,24.1286,675.6,2023-05-13,2024-11-28,PricingFeedB,2025-06-21
PRC0005965,75313622617,NADAC,10.1764,905.7,2023-02-20,2024-05-04,PricingFeedA,2025-03-09
PRC0005966,13658312760,AWP,44.885,628.39,2024-04-23,2025-01-28,PricingFeedB,2026-05-20
PRC0005967,79715188913,Contract Rate,29.3656,1350.82,2023-05-03,2023-12-11,PricingFeedA,2026-05-28
PRC0005968,96012885450,Contract Rate,36.8599,2359.03,2024-02-19,2025-10-03,PricingFeedB,2026-07-20
PRC0005969,52800745415,WAC,20.8467,687.94,2023-05-11,2024-06-21,PricingFeedA,2026-02-15
PRC0005970,66887309527,MAC,1.117,69.25,2023-05-08,2024-06-18,PricingFeedA,2025-04-13
PRC0005971,91638946513,MAC,3.2446,243.34,2024-02-21,2024-06-05,PricingFeedB,2025-05-22
PRC0005972,38327505360,Contract Rate,75.4183,6636.81,2026-04-08,2026-10-26,PricingFeedB,2025-10-20
PRC0005973,42627468935,NADAC,5.2448,377.63,2023-10-28,2024-02-17,PricingFeedB,2026-04-24
PRC0005974,58378729732,Contract Rate,5.7152,451.5,2023-02-24,2023-11-28,PricingFeedA,2025-03-06
PRC0005975,89789879626,AWP,11.0524,618.93,2024-11-22,2026-08-12,PricingFeedA,2026-01-01
PRC0005976,88056214772,AWP,11.5916,637.54,2023-06-09,2024-02-18,PricingFeedA,2025-09-13
PRC0005977,49498489686,WAC,5.7033,393.53,2026-03-21,2027-08-01,PricingFeedB,2025-10-18
PRC0005978,48166992874,AWP,17.3566,1405.88,2024-06-04,2025-07-09,PricingFeedB,2026-08-12
PRC0005979,63498422023,Contract Rate,3.2073,237.34,2023-05-03,2023-12-29,PricingFeedA,2026-04-10
PRC0005980,97829657184,Contract Rate,8.5932,206.24,2024-05-06,2025-03-07,PricingFeedB,2026-06-10
PRC0005981,59990586381,MAC,7.3572,125.07,2026-02-18,2027-11-01,PricingFeedB,2025-05-08
PRC0005982,23817377057,AWP,31.4666,3020.79,2024-09-11,2025-12-14,PricingFeedA,2025-08-02
PRC0005983,13254104910,Contract Rate,11.0106,902.87,2025-02-14,2026-02-02,PricingFeedB,2026-08-12
PRC0005984,90728447630,AWP,4.6673,378.05,2025-08-30,2026-01-06,PricingFeedB,2026-03-04
PRC0005985,94227785584,Contract Rate,5.7313,63.04,2023-05-19,2024-11-21,PricingFeedA,2026-06-17
PRC0005986,35743278195,NADAC,3.3886,142.32,2025-03-14,2026-06-06,PricingFeedB,2025-10-29
PRC0005987,47349867456,MAC,2.0268,89.18,2026-01-07,2026-09-24,PricingFeedB,2025-04-23
PRC0005988,62718517427,Contract Rate,13.2196,475.91,2025-03-01,2026-11-23,PricingFeedB,2026-07-16
PRC0005989,78375177340,NADAC,0.6533,38.54,2024-07-18,2025-05-18,PricingFeedA,2026-07-30
PRC0005990,10394138129,AWP,13.7938,662.1,2025-08-31,2026-10-08,PricingFeedB,2025-08-28
PRC0005991,74618978456,NADAC,11.2132,280.33,2023-01-11,2023-12-09,PricingFeedB,2026-04-22
PRC0005992,40773504873,NADAC,8.8922,275.66,2024-01-24,2024-08-02,PricingFeedA,2025-06-14
PRC0005993,19952451798,MAC,2.7897,170.17,2023-11-01,2024-05-31,PricingFeedA,2026-02-04
PRC0005994,36069903176,AWP,9.3448,691.52,2025-12-08,2027-06-13,PricingFeedB,2026-05-27
PRC0005995,92294919275,WAC,37.7713,3210.56,2023-11-24,2024-06-21,PricingFeedB,2025-09-24
PRC0005996,40837522788,AWP,52.6833,3213.68,2025-10-20,2026-12-27,PricingFeedB,2025-05-19
PRC0005997,69710507219,MAC,28.3476,1218.95,2024-04-21,2025-02-01,PricingFeedA,2026-05-16
PRC0005998,54800139458,AWP,6.2238,516.58,2023-09-10,2024-12-08,PricingFeedA,2026-07-30
PRC0005999,36582971350,AWP,3.1264,128.18,2026-02-28,2026-09-19,PricingFeedB,2026-02-13
PRC0006000,67259185565,MAC,8.5932,154.68,2025-01-16,2026-08-22,PricingFeedB,2025-09-08
PRC_DUP00001,96257168998,AWP,3.988,103.69,2026-01-17,2026-07-30,PricingFeedB,2025-10-16
PRC_DUP00002,51098510786,WAC,13.0564,1201.19,2026-01-12,2026-11-17,PricingFeedB,2026-03-27
PRC_DUP00003,33036992193,Contract Rate,1.9385,40.71,2026-04-03,2028-03-06,PricingFeedA,2025-07-07
PRC_DUP00004,14974572541,WAC,8.27,686.41,2024-01-08,2025-05-21,PricingFeedB,2026-02-14
PRC_DUP00005,33036992193,AWP,23.1492,1597.29,2023-04-16,2024-05-16,PricingFeedA,2025-10-24
PRC_DUP00006,13254104910,MAC,12.5364,1002.91,2025-08-07,2026-10-02,PricingFeedA,2026-07-19
PRC_DUP00007,47040255743,Contract Rate,3.109,80.83,2026-02-25,2027-04-18,PricingFeedB,2025-02-27
PRC_DUP00008,17813492685,MAC,0.7606,30.42,2026-02-06,2026-12-08,PricingFeedB,2025-04-11
PRC_DUP00009,74192691278,Contract Rate,33.6063,1277.04,2023-05-26,2024-11-05,PricingFeedB,2026-03-01
PRC_DUP00010,26718530956,Contract Rate,2.7316,79.22,2024-06-05,2025-10-19,PricingFeedB,2025-01-31
PRC_DUP00011,32345951358,NADAC,5.8631,228.66,2025-09-19,2027-07-12,PricingFeedA,2025-03-07
PRC_DUP00012,71609142040,NADAC,1.5531,100.95,2024-08-24,2025-09-06,PricingFeedB,2025-06-16
PRC_DUP00013,76324394748,NADAC,10.8616,890.65,2025-05-06,2025-10-31,PricingFeedA,2025-02-22
PRC_DUP00014,43412851646,NADAC,3.8837,275.74,2023-03-20,2025-01-23,PricingFeedB,2025-06-13
PRC_DUP00015,52833519370,AWP,13.0418,899.88,2024-04-30,2024-10-22,PricingFeedB,2025-10-01
PRC_DUP00016,26940396868,MAC,5.5326,99.59,2023-01-28,2024-11-30,PricingFeedB,2026-02-24
PRC_DUP00017,76548454081,Contract Rate,3.7909,367.72,2024-10-30,2026-01-07,PricingFeedA,2025-04-10
PRC_DUP00018,15456605232,NADAC,34.8131,2924.3,2024-08-23,2026-02-23,PricingFeedA,2025-03-25
PRC_DUP00019,37986793471,AWP,11.465,1135.04,2023-05-10,2025-01-18,PricingFeedA,2025-07-03
PRC_DUP00020,25904761313,WAC,6.4493,367.61,2023-03-11,2024-01-27,PricingFeedA,2025-06-16
PRC_DUP00021,20269556375,AWP,52.7953,1267.09,2024-06-05,2026-03-01,PricingFeedA,2025-10-30
PRC_DUP00022,68669877665,WAC,13.8707,429.99,2023-04-22,2023-09-06,PricingFeedB,2025-01-28
PRC_DUP00023,26059713727,AWP,9.5222,247.58,2023-05-08,2023-12-22,PricingFeedA,2026-01-01
PRC_DUP00024,17278457796,WAC,7.4885,89.86,2023-05-22,2025-01-27,PricingFeedB,2025-09-27
PRC_DUP00025,99282121398,WAC,1.3136,80.13,2025-11-16,2027-08-28,PricingFeedB,2026-01-14
PRC_DUP00026,13745261453,MAC,5.0544,237.56,2024-10-31,2025-08-12,PricingFeedA,2025-04-18
PRC_DUP00027,62299475227,WAC,10.2846,575.94,2025-09-17,2026-10-17,PricingFeedA,2026-06-14
PRC_DUP00028,33667709457,AWP,23.0961,1478.15,2023-08-16,2025-06-20,PricingFeedA,2026-05-26
PRC_DUP00029,70400541549,AWP,10.9552,635.4,2026-03-05,2027-07-18,PricingFeedB,2025-07-21
PRC_DUP00030,80152664967,WAC,1.3575,85.52,2023-08-25,2025-04-23,PricingFeedA,2026-01-01
PRC_DUP00031,30303185760,NADAC,14.0157,770.86,2025-05-11,2027-01-10,PricingFeedB,2025-07-17
PRC_DUP00032,86680432854,NADAC,3.9575,280.98,2024-10-06,2026-04-25,PricingFeedB,2025-07-31
PRC_DUP00033,42374213026,Contract Rate,6.436,135.16,2025-04-11,2026-04-23,PricingFeedB,2026-02-14
PRC_DUP00034,22951612888,NADAC,10.0184,761.4,2023-09-28,2025-05-15,PricingFeedB,2025-07-05
PRC_DUP00035,74794323539,NADAC,3.5037,133.14,2025-06-12,2025-11-05,PricingFeedB,2025-05-19
PRC_DUP00036,97142643090,Contract Rate,8.4942,781.47,2024-04-02,2025-08-19,PricingFeedA,2026-07-26
PRC_OVR00001,31553546728,WAC,11.6964,666.7,2025-04-23,2027-07-07,PricingFeedA,2025-03-09
PRC_OVR00002,56529194411,NADAC,6.6388,265.56,2025-02-14,2026-12-10,PricingFeedA,2025-01-07
PRC_OVR00003,54705453523,AWP,2.185,203.2,2023-12-23,2025-06-05,PricingFeedB,2025-10-16
PRC_OVR00004,89572512973,Contract Rate,0.3743,12.73,2025-08-21,2026-10-12,PricingFeedA,2025-04-01
PRC_OVR00005,92131319328,Contract Rate,1.5819,110.73,2024-09-17,2025-07-17,PricingFeedB,2025-03-24
PRC_OVR00006,20269556375,AWP,8.723,758.9,2025-11-16,2026-09-01,PricingFeedA,2025-03-10
PRC_OVR00007,87647246210,NADAC,3.481,111.39,2026-02-12,2027-07-15,PricingFeedA,2025-05-20
PRC_OVR00008,70221820796,AWP,7.167,688.03,2023-11-11,2026-02-02,PricingFeedB,2025-03-13
PRC_OVR00009,29268903018,WAC,5.5078,209.3,2023-06-13,2024-04-04,PricingFeedA,2025-05-23
PRC_OVR00010,43701205518,NADAC,50.2547,4924.96,2023-05-08,2025-01-05,PricingFeedA,2026-02-06
PRC_OVR00011,43873981962,AWP,8.5093,791.36,2026-06-15,2028-09-09,PricingFeedA,2025-08-05
PRC_OVR00012,50540304418,NADAC,5.7505,552.05,2023-10-20,2024-09-14,PricingFeedB,2026-07-23
PRC_OVR00013,39273980031,NADAC,6.732,572.22,2026-02-07,2026-10-15,PricingFeedB,2025-01-11
PRC_OVR00014,58914968790,NADAC,15.4168,1079.17,2025-11-09,2026-06-16,PricingFeedA,2025-11-01
PRC_OVR00015,44363144090,WAC,7.3323,139.31,2023-08-09,2025-01-21,PricingFeedA,2025-05-14
PRC_OVR00016,40085120419,NADAC,11.5591,277.41,2025-01-31,2026-09-21,PricingFeedA,2025-10-06
PRC_OVR00017,28631979336,NADAC,45.308,724.93,2024-10-08,2026-03-13,PricingFeedB,2025-02-15
PRC_OVR00018,35743278195,AWP,20.3146,1259.5,2023-08-15,2024-08-30,PricingFeedB,2025-02-19
PRC_OVR00019,82440106680,MAC,14.8388,682.58,2024-03-08,2026-01-28,PricingFeedA,2025-05-18
PRC_OVR00020,22187365237,NADAC,17.2989,397.88,2025-01-23,2025-11-11,PricingFeedB,2026-01-21
PRC_OVR00021,29289502522,NADAC,2.3371,107.51,2024-06-13,2025-07-01,PricingFeedA,2026-08-12
PRC_OVR00022,94714373929,AWP,52.3548,2146.54,2023-09-16,2024-07-30,PricingFeedB,2025-10-08
PRC_OVR00023,69347757174,Contract Rate,8.5599,479.35,2025-03-24,2026-02-28,PricingFeedA,2025-04-01
PRC_OVR00024,36582971350,Contract Rate,38.4969,923.92,2023-04-04,2024-01-18,PricingFeedB,2026-02-14
PRC_OVR00025,20379513865,NADAC,22.0384,837.45,2024-11-25,2025-11-13,PricingFeedA,2025-10-22
PRC_OVR00026,24514910454,MAC,-2.3849,-71.54,2023-07-03,2024-03-20,PricingFeedB,2026-05-10
PRC_OVR00027,96515232917,MAC,2.7031,27.02,2025-04-10,2026-02-07,PricingFeedB,2025-05-14
PRC_OVR00028,70613545988,MAC,14.3116,372.11,2023-03-26,2024-02-21,PricingFeedB,2026-01-23
PRC_OVR00029,77783196614,WAC,1.2863,21.86,2024-02-21,2025-03-31,PricingFeedA,2026-02-23
PRC_OVR00030,82822319745,WAC,10.6664,426.65,2025-07-23,2027-05-26,PricingFeedB,2025-10-22
PRC_OVR00031,80701649845,MAC,5.4225,347.04,2024-02-15,2024-09-04,PricingFeedB,2025-03-16
PRC_OVR00032,59221259051,MAC,9.5395,171.71,2023-12-30,2025-02-05,PricingFeedB,2026-02-23
PRC_OVR00033,58914968790,NADAC,2.0048,100.25,2025-11-09,2026-05-28,PricingFeedB,2025-08-23
PRC_OVR00034,82100899412,Contract Rate,1.3113,83.93,2026-03-19,2028-02-19,PricingFeedA,2025-01-18
PRC_OVR00035,52259816026,AWP,7.717,586.49,2026-02-03,2027-05-07,PricingFeedA,2026-05-27
PRC_OVR00036,18567714974,WAC,10.2276,184.09,2023-12-23,2024-11-15,PricingFeedA,2025-09-13
PRC_OVR00037,37173563991,NADAC,14.6406,497.78,2025-01-23,2026-08-13,PricingFeedB,2026-05-04
PRC_OVR00038,13289945916,WAC,3.3328,313.28,2025-07-16,2027-06-21,PricingFeedB,2025-09-05
PRC_OVR00039,88689159412,WAC,1.5803,124.84,2024-03-19,2025-11-21,PricingFeedB,2025-12-20
PRC_OVR00040,38443858993,NADAC,40.5237,1134.66,2025-04-18,2027-05-09,PricingFeedB,2025-12-26
PRC_OVR00041,61687887076,Contract Rate,1.2653,15.18,2024-11-06,2027-01-15,PricingFeedB,2025-08-07
PRC_OVR00042,69710507219,WAC,11.3477,215.6,2025-10-03,2027-02-25,PricingFeedA,2025-04-05
PRC_OVR00043,70613545988,Contract Rate,12.6945,977.48,2025-11-12,2027-03-19,PricingFeedA,2026-07-19
PRC_OVR00044,47499455138,NADAC,1.1164,108.3,2024-06-03,2026-08-28,PricingFeedB,2026-03-12
PRC_OVR00045,93243253281,AWP,2.1614,196.68,2025-12-15,2026-07-28,PricingFeedB,2026-05-21
PRC_OVR00046,81987321337,WAC,30.6677,644.02,2025-06-20,2027-09-07,PricingFeedB,2025-05-09
PRC_OVR00047,43701205518,WAC,16.0265,576.95,2026-04-07,2027-10-19,PricingFeedA,2025-04-14
PRC_OVR00048,94144432921,MAC,31.1626,872.55,2025-04-10,2027-02-27,PricingFeedB,2026-02-05
PRC_OVR00049,49343244684,AWP,6.0399,169.12,2024-05-26,2025-06-09,PricingFeedB,2025-02-06
PRC_OVR00050,22438118591,WAC,8.8819,497.39,2023-11-28,2025-04-10,PricingFeedB,2026-06-05
PRC_OVR00051,46005730687,Contract Rate,18.4376,387.19,2024-03-30,2026-06-14,PricingFeedB,2025-07-17
PRC_OVR00052,26262248157,AWP,6.3046,119.78,2024-12-26,2025-08-02,PricingFeedA,2025-12-01
PRC_OVR00053,96012885450,WAC,33.7062,1213.42,2025-10-18,2026-09-25,PricingFeedB,2025-09-22
PRC_OVR00054,20964366855,WAC,33.5582,1879.26,2023-03-22,2025-02-26,PricingFeedB,2025-09-02
PRC_OVR00055,73978849161,WAC,26.9272,2504.23,2026-03-26,2027-07-22,PricingFeedB,2025-05-27
PRC_OVR00056,28216637671,AWP,21.9898,637.71,2024-12-09,2026-05-23,PricingFeedB,2025-03-14
PRC_OVR00057,29696691682,WAC,7.4423,349.8,2025-09-03,2027-03-02,PricingFeedA,2026-02-21
PRC_OVR00058,93949757344,AWP,4.5181,352.42,2024-07-25,2025-04-16,PricingFeedA,2026-07-12
PRC_OVR00059,24897240235,AWP,9.8001,186.2,2024-11-15,2026-04-03,PricingFeedB,2026-02-05
PRC_OVR00060,32444678260,AWP,3.0041,270.38,2026-04-12,2027-05-05,PricingFeedB,2025-01-06
