Formulary_Record_ID,Plan_ID,NDC,Drug_Name,Formulary_Tier,Coverage_Status,Prior_Authorization_Flag,Step_Therapy_Flag,Quantity_Limit_Flag,Effective_Date,End_Date,Source_System
FRM000001,PLAN014,88756957596,Cymbalta,2,Non-Preferred,N,Y,Y,2025-01-18,2026-06-23,FormularyManager
FRM000002,PLAN020,56531179876,Eliquis,3,Covered,N,N,N,2024-04-07,2025-02-28,FormularyManager
FRM000003,PLAN012,21421615389,Lasix,1,Covered,N,N,N,2024-06-23,2026-01-10,FormularyManager
FRM000004,PLAN011,41577281759,Glucophage,1,Covered,N,N,N,2026-03-22,2027-08-01,FormularyManager
FRM000005,PLAN017,49834139728,FORMULARY NAME MISMATCH,5,Covered,N,N,N,2024-12-10,2025-10-12,FormularyManager
FRM000006,PLAN009,38655593381,Singulair,1,Non-Preferred,Y,N,N,2025-01-02,2026-03-08,FormularyManager
FRM000007,PLAN012,14041368848,Plavix,2,Non-Preferred,N,Y,N,2024-09-04,2026-05-10,FormularyManager
FRM000008,PLAN015,96682671088,Humalog,2,,N,N,N,2025-11-14,2026-07-15,FormularyManager
FRM000009,PLAN011,90800728349,Jardiance,1,Non-Preferred,N,Y,Y,2024-07-01,2025-12-08,FormularyManager
FRM000010,PLAN016,95759671235,Lipitor,4,Covered,N,N,N,2024-05-20,2026-03-01,FormularyManager
FRM000011,PLAN005,47041166680,Jardiance,2,Non-Preferred,N,N,N,2024-05-22,2025-10-14,FormularyManager
FRM000012,PLAN020,22187365237,Cozaar,3,Covered,N,N,N,2026-04-15,2027-03-23,FormularyManager
FRM000013,PLAN003,76324394748,Glucophage,3,Covered,N,N,Y,2024-12-13,2025-06-25,FormularyManager
FRM000014,PLAN017,64532981981,Crestor,1,Covered,N,N,N,2025-06-29,2026-01-24,FormularyManager
FRM000015,PLAN001,68995759668,Ventolin,5,Excluded,N,N,Y,2025-12-25,2027-02-11,FormularyManager
FRM000016,PLAN019,50442763134,Plavix,4,Covered,Y,Y,N,2024-06-22,2025-05-04,FormularyManager
FRM000017,PLAN020,80264600050,Crestor,5,Covered,N,N,N,2024-04-09,2026-03-23,FormularyManager
FRM000018,PLAN014,25094254121,Synthroid,2,Covered,N,N,N,2024-10-28,2026-06-06,FormularyManager
FRM000019,PLAN003,98076393354,Neurontin,2,Covered,N,N,N,2025-06-21,2027-03-04,FormularyManager
FRM000020,PLAN005,28226964458,Lexapro,5,Covered,N,N,N,2025-08-21,2026-10-15,FormularyManager
FRM000021,PLAN010,93500208178,Cozaar,5,Non-Preferred,N,N,N,2026-02-04,2027-12-20,FormularyManager
FRM000022,PLAN009,42368965233,Zoloft,3,Covered,Y,N,N,2025-09-05,2026-12-07,FormularyManager
FRM000023,PLAN004,80152664967,Lopressor,3,Covered,N,Y,N,2026-04-19,2026-10-20,FormularyManager
FRM000024,PLAN008,18475573796,Protonix,3,Covered,N,N,N,2025-05-30,2026-10-13,FormularyManager
FRM000025,PLAN001,95394474535,Cymbalta,2,Covered,Y,N,N,2024-05-03,2025-09-15,FormularyManager
FRM000026,PLAN013,57938753177,Lopressor,4,Covered,N,Y,N,2026-02-08,2027-11-06,FormularyManager
FRM000027,PLAN020,39077562796,Glucophage,3,Covered,Y,N,N,2025-01-11,2026-01-23,FormularyManager
FRM000028,PLAN004,26670320788,Aldactone,2,Covered,N,Y,Y,2025-08-07,2027-05-26,FormularyManager
FRM000029,PLAN013,51057281520,Singulair,4,Covered,Y,N,N,2024-05-16,2026-04-21,FormularyManager
FRM000030,PLAN013,80158561493,Prinivil,1,Covered,N,Y,N,2025-05-19,2026-02-22,FormularyManager
FRM000031,PLAN019,67141494586,Neurontin,2,Non-Preferred,N,N,Y,2024-06-22,2025-11-25,FormularyManager
FRM000032,PLAN013,85864453239,Lexapro,3,Covered,N,N,N,2024-12-29,2026-11-17,FormularyManager
FRM000033,PLAN001,23817377057,Lexapro,1,Excluded,Y,N,N,2024-04-05,2025-01-09,FormularyManager
FRM000034,PLAN008,32305341731,FORMULARY NAME MISMATCH,4,Covered,N,N,N,2024-09-08,2026-08-21,FormularyManager
FRM000035,PLAN019,54154506357,Prozac,5,Covered,N,N,Y,2025-08-27,2027-01-20,FormularyManager
FRM000036,PLAN010,45865729198,Cymbalta,1,Covered,N,N,N,2026-05-15,2027-11-08,FormularyManager
FRM000037,PLAN019,40427686976,Lipitor,5,Covered,N,N,N,2025-05-12,2026-05-15,FormularyManager
FRM000038,PLAN018,47040255743,Prozac,1,Covered,N,N,Y,2024-03-08,2025-01-15,FormularyManager
FRM000039,PLAN015,59581445583,Prozac,1,Covered,N,N,Y,2024-02-29,2025-05-13,FormularyManager
FRM000040,PLAN013,31553546728,Lasix,4,Non-Preferred,Y,Y,N,2025-11-17,2026-12-11,FormularyManager
FRM000041,PLAN006,23007709819,Vibramycin,1,Non-Preferred,N,N,Y,2025-11-16,2027-07-13,FormularyManager
FRM000042,PLAN001,47494236310,Lipitor,1,Covered,Y,N,Y,2024-01-29,2025-07-31,FormularyManager
FRM000043,PLAN003,29398974548,Lopressor,3,Covered,Y,N,N,2025-11-30,2026-10-03,FormularyManager
FRM000044,PLAN009,84538386197,Aldactone,3,Covered,Y,N,N,2024-08-31,2025-05-14,FormularyManager
FRM000045,PLAN003,39023637631,Cymbalta,2,Covered,Y,Y,Y,2024-04-23,2025-07-04,FormularyManager
FRM000046,PLAN002,64647425595,Wellbutrin,1,,N,N,N,2025-11-25,2027-04-10,FormularyManager
FRM000047,PLAN016,41935957662,Synthroid,4,Non-Preferred,N,N,Y,2025-04-14,2026-03-21,FormularyManager
FRM000048,PLAN008,85922868666,Crestor,1,Covered,N,N,N,2025-03-23,2027-02-24,FormularyManager
FRM000049,PLAN006,59002120957,Cozaar,4,Covered,N,N,Y,2024-07-16,2025-02-22,FormularyManager
FRM000050,PLAN014,12371232115,Ozempic,4,Covered,N,N,N,2025-04-19,2026-11-20,FormularyManager
FRM000051,PLAN018,59002120957,Cozaar,1,Covered,N,N,N,2024-05-30,2026-01-28,FormularyManager
FRM000052,PLAN017,62299475227,Coreg,2,Covered,N,N,N,2025-11-18,2026-09-07,FormularyManager
FRM000053,PLAN004,93961156923,Singulair,5,Covered,N,N,N,2024-05-01,2025-02-24,FormularyManager
FRM000054,PLAN009,49110425221,Ventolin,1,Excluded,N,Y,Y,2025-06-09,2027-01-18,FormularyManager
FRM000055,PLAN020,13658312760,Norvasc,3,Non-Preferred,N,N,N,2025-12-05,2026-10-28,FormularyManager
FRM000056,PLAN016,74794323539,Aldactone,2,Covered,N,N,N,2025-08-22,2026-05-12,FormularyManager
FRM000057,PLAN006,44905932967,Lasix,3,Covered,N,N,N,2026-02-03,2026-10-14,FormularyManager
FRM000058,PLAN017,28226964458,Lexapro,5,Non-Preferred,N,N,N,2025-10-03,2027-07-19,FormularyManager
FRM000059,PLAN012,34030808751,Prilosec,3,Covered,Y,N,Y,2026-02-20,2027-03-14,FormularyManager
FRM000060,PLAN006,70613545988,Plavix,4,Covered,N,N,Y,2025-02-25,2027-01-29,FormularyManager
FRM000061,PLAN016,17888408220,Lantus,2,Non-Preferred,N,N,N,2024-04-22,2024-11-01,FormularyManager
FRM000062,PLAN020,96682671088,Humalog,3,Covered,N,N,N,2026-03-14,2026-09-13,FormularyManager
FRM000063,PLAN018,95141181032,Prilosec,1,Covered,N,N,N,2026-04-17,2027-11-20,FormularyManager
FRM000064,PLAN018,59049568585,Eliquis,1,Excluded,Y,N,Y,2024-12-05,2026-04-21,FormularyManager
FRM000065,PLAN012,71012800477,Norvasc,3,Covered,N,Y,N,2025-09-28,2027-03-25,FormularyManager
FRM000066,PLAN015,27388983519,Vibramycin,5,Covered,Y,Y,Y,2024-03-20,2025-02-17,FormularyManager
FRM000067,PLAN012,92375297554,Lipitor,2,Covered,N,N,N,2024-06-02,2026-04-06,FormularyManager
FRM000068,PLAN020,78234779957,Microzide,2,Covered,Y,N,N,2025-11-18,2026-08-21,FormularyManager
FRM000069,PLAN004,68484176329,Plavix,2,Excluded,N,N,N,2024-12-11,2026-05-07,FormularyManager
FRM000070,PLAN008,77497673240,Lipitor,5,Covered,Y,N,Y,2026-02-17,2027-10-24,FormularyManager
FRM000071,PLAN009,48836820566,Lipitor,3,Covered,N,N,Y,2026-01-23,2027-10-26,FormularyManager
FRM000072,PLAN016,86445320315,Eliquis,2,Covered,N,N,Y,2024-12-22,2025-07-11,FormularyManager
FRM000073,PLAN010,94312952831,Lasix,1,Excluded,N,Y,N,2024-01-21,2025-01-23,FormularyManager
FRM000074,PLAN004,86680432854,Norvasc,4,Covered,N,Y,N,2025-09-29,2027-05-31,FormularyManager
FRM000075,PLAN015,11616709896,Crestor,4,Covered,N,Y,N,2024-02-12,2024-09-23,FormularyManager
FRM000076,PLAN007,61023340877,Lipitor,5,Covered,Y,N,N,2025-10-26,2027-02-27,FormularyManager
FRM000077,PLAN007,49564701468,Synthroid,2,Covered,N,N,N,2024-10-09,2026-04-25,FormularyManager
FRM000078,PLAN005,80158561493,Prinivil,5,Covered,N,N,N,2026-04-16,2027-11-04,FormularyManager
FRM000079,PLAN006,20379513865,Prilosec,4,Covered,N,N,N,2024-11-21,2026-11-04,FormularyManager
FRM000080,PLAN015,81775220884,Zoloft,2,Covered,N,N,N,2025-04-17,2026-10-15,FormularyManager
FRM000081,PLAN020,58801526081,Ozempic,5,Covered,N,N,Y,2024-01-07,2025-08-06,FormularyManager
FRM000082,PLAN020,12859564719,Glucophage,4,Excluded,Y,Y,N,2024-12-01,2026-03-18,FormularyManager
FRM000083,PLAN019,93949757344,Lantus,4,Covered,Y,N,N,2025-12-15,2026-11-25,FormularyManager
FRM000084,PLAN014,72171503347,Cozaar,5,Covered,N,N,N,2024-05-02,2025-07-28,FormularyManager
FRM000085,PLAN011,56758128355,Lasix,3,Excluded,N,N,N,2024-02-17,2024-08-18,FormularyManager
FRM000086,PLAN014,94227785584,Humalog,3,Covered,Y,N,N,2024-10-18,2026-06-13,FormularyManager
FRM000087,PLAN012,57576578668,Zoloft,4,Covered,N,N,N,2024-01-03,2025-03-23,FormularyManager
FRM000088,PLAN011,96012885450,Wellbutrin,3,Covered,N,Y,N,2024-11-21,2026-07-16,FormularyManager
FRM000089,PLAN002,25094254121,Synthroid,1,Non-Preferred,N,N,N,2026-02-03,2027-09-24,FormularyManager
FRM000090,PLAN012,27388983519,Vibramycin,2,Non-Preferred,N,N,N,2024-01-28,2025-11-08,FormularyManager
FRM000091,PLAN020,15035164887,Glucophage,1,Covered,N,N,Y,2025-07-17,2027-05-26,FormularyManager
FRM000092,PLAN008,82097839974,Glucophage,1,Excluded,N,N,N,2024-01-29,2025-10-03,FormularyManager
FRM000093,PLAN013,41322801585,Aldactone,4,Covered,N,Y,Y,2025-01-13,2026-09-19,FormularyManager
FRM000094,PLAN015,19606146745,Microzide,5,Covered,N,Y,N,2026-02-10,2027-10-19,FormularyManager
FRM000095,PLAN014,18199892246,Aldactone,1,Covered,N,N,N,2024-04-14,2026-01-21,FormularyManager
FRM000096,PLAN008,13254104910,Eliquis,4,Non-Preferred,N,N,N,2026-02-24,2026-10-11,FormularyManager
FRM000097,PLAN010,98272669316,Ventolin,5,Covered,N,N,Y,2025-09-19,2026-11-11,FormularyManager
FRM000098,PLAN002,55375584876,Microzide,2,Non-Preferred,N,N,N,2025-09-30,2027-03-10,FormularyManager
FRM000099,PLAN006,75670258359,Cymbalta,3,Covered,N,Y,Y,2024-10-24,2025-06-11,FormularyManager
FRM000100,PLAN003,27517427451,Plavix,4,Covered,N,Y,N,2026-03-06,2026-12-29,FormularyManager
FRM000101,PLAN009,68762387095,Eliquis,3,Covered,Y,N,N,2024-11-18,2025-07-05,FormularyManager
FRM000102,PLAN016,38299381624,Singulair,2,Non-Preferred,N,N,Y,2026-05-26,2027-09-01,FormularyManager
FRM000103,PLAN017,68749757957,Prozac,5,Non-Preferred,N,N,Y,2026-01-08,2027-03-05,FormularyManager
FRM000104,PLAN013,59002120957,Cozaar,2,Covered,N,N,N,2026-01-26,2027-02-13,FormularyManager
FRM000105,PLAN007,92608453526,Ozempic,4,Covered,N,Y,N,2024-11-12,2025-06-18,FormularyManager
FRM000106,PLAN014,68673966287,Ventolin,4,Covered,N,N,Y,2025-08-09,2026-09-30,FormularyManager
FRM000107,PLAN005,76440908482,Lexapro,5,Covered,N,N,N,2024-01-27,2025-11-29,FormularyManager
FRM000108,PLAN009,41577281759,Glucophage,5,Covered,Y,N,N,2024-01-22,2025-08-30,FormularyManager
FRM000109,PLAN012,38750191648,Neurontin,5,Covered,N,N,N,2025-08-07,2027-05-01,FormularyManager
FRM000110,PLAN011,30516747666,Cymbalta,1,Covered,N,N,N,2025-02-11,2027-02-02,FormularyManager
FRM000111,PLAN009,79775467157,Crestor,2,Covered,N,N,N,2025-02-28,2026-06-14,FormularyManager
FRM000112,PLAN010,64140385391,Singulair,1,Non-Preferred,Y,N,N,2025-12-17,2027-08-24,FormularyManager
FRM000113,PLAN018,71492399930,Protonix,4,Excluded,N,N,N,2025-01-17,2026-10-07,FormularyManager
FRM000114,PLAN020,23338670584,Lasix,4,Covered,N,N,Y,2025-06-21,2026-09-04,FormularyManager
FRM000115,PLAN015,49041763570,Synthroid,1,Covered,Y,N,N,2024-08-15,2025-03-06,FormularyManager
FRM000116,PLAN013,84080407924,Prinivil,4,Covered,N,N,N,2025-01-05,2026-09-22,FormularyManager
FRM000117,PLAN014,18077751316,Prinivil,3,Covered,Y,N,N,2024-10-05,2025-05-01,FormularyManager
FRM000118,PLAN003,93243253281,Synthroid,1,Covered,N,N,N,2024-02-14,2024-12-09,FormularyManager
FRM000119,PLAN019,96338320268,Protonix,4,Covered,Y,N,N,2024-11-01,2025-05-27,FormularyManager
FRM000120,PLAN018,92965682838,Wellbutrin,1,Covered,N,N,N,2025-02-11,2026-12-02,FormularyManager
FRM000121,PLAN003,18139712589,Eliquis,5,Covered,Y,N,Y,2025-08-22,2026-10-12,FormularyManager
FRM000122,PLAN004,83727139018,Vibramycin,3,Excluded,N,N,N,2024-05-23,2025-04-13,FormularyManager
FRM000123,PLAN001,76841912411,Neurontin,3,Covered,N,N,N,2026-03-08,2027-03-08,FormularyManager
FRM000124,PLAN020,44047392978,Januvia,3,Covered,N,N,N,2025-01-12,2025-09-19,FormularyManager
FRM000125,PLAN006,98921439381,Synthroid,5,Covered,N,Y,N,2025-10-20,2026-06-21,FormularyManager
FRM000126,PLAN005,84458290728,Humalog,2,Covered,Y,N,N,2025-04-04,2026-03-04,FormularyManager
FRM000127,PLAN008,58914968790,Plavix,1,Non-Preferred,N,N,N,2024-09-16,2025-08-30,FormularyManager
FRM000128,PLAN015,87088473643,Lexapro,1,Covered,Y,Y,Y,2024-01-26,2024-12-01,FormularyManager
FRM000129,PLAN015,94092112525,Neurontin,5,Excluded,N,N,N,2026-04-14,2027-12-22,FormularyManager
FRM000130,PLAN007,47253753474,Protonix,1,Covered,Y,N,N,2026-05-16,2028-03-11,FormularyManager
FRM000131,PLAN016,26940396868,Synthroid,4,Covered,Y,N,N,2024-10-21,2025-04-26,FormularyManager
FRM000132,PLAN019,72982905964,Cozaar,4,Covered,N,N,N,2025-11-21,2027-07-15,FormularyManager
FRM000133,PLAN020,47040255743,Prozac,1,Covered,Y,N,N,2024-04-12,2025-10-06,FormularyManager
FRM000134,PLAN012,40965220919,Norvasc,3,Covered,N,N,N,2024-09-17,2025-06-27,FormularyManager
FRM000135,PLAN007,54458104234,Singulair,3,Non-Preferred,N,N,N,2025-02-19,2025-08-23,FormularyManager
FRM000136,PLAN019,18475573796,Protonix,2,Covered,N,Y,N,2025-09-14,2026-07-02,FormularyManager
FRM000137,PLAN018,89864963195,Zoloft,2,Covered,N,N,N,2024-12-12,2025-10-08,FormularyManager
FRM000138,PLAN018,56084952427,Humalog,2,Non-Preferred,N,N,N,2024-05-13,2025-04-24,FormularyManager
FRM000139,PLAN001,60563234574,FORMULARY NAME MISMATCH,4,Covered,N,N,N,2024-02-26,2024-09-03,FormularyManager
FRM000140,PLAN020,17735727527,Prinivil,3,Covered,N,Y,N,2026-01-25,2026-11-26,FormularyManager
FRM000141,PLAN012,37452117788,Januvia,5,Covered,N,N,N,2025-02-24,2025-09-30,FormularyManager
FRM000142,PLAN002,40972267118,Lantus,2,Covered,Y,N,N,2024-12-23,2025-08-06,FormularyManager
FRM000143,PLAN002,40423439442,Coreg,2,Covered,Y,N,Y,2024-05-21,2025-08-23,FormularyManager
FRM000144,PLAN010,37929930922,Prinivil,3,Non-Preferred,N,N,N,2025-11-26,2027-07-29,FormularyManager
FRM000145,PLAN012,38999870858,Jardiance,1,Covered,Y,N,N,2026-01-15,2027-07-18,FormularyManager
FRM000146,PLAN007,63060557974,Ozempic,5,Covered,N,N,Y,2024-08-12,2026-04-28,FormularyManager
FRM000147,PLAN014,89213285573,Januvia,5,Covered,N,Y,Y,2025-11-16,2026-11-12,FormularyManager
FRM000148,PLAN013,59912899015,Lantus,1,Covered,N,N,N,2025-02-18,2026-12-11,FormularyManager
FRM000149,PLAN017,74737938088,Ventolin,3,Covered,N,N,Y,2025-07-04,2026-03-30,FormularyManager
FRM000150,PLAN001,42576948965,Lexapro,3,Covered,N,N,N,2025-01-06,2026-10-13,FormularyManager
FRM000151,PLAN017,24959442831,Humalog,5,,N,N,N,2026-01-08,2026-12-21,FormularyManager
FRM000152,PLAN015,87088473643,Lexapro,2,Covered,N,N,N,2025-09-08,2027-03-17,FormularyManager
FRM000153,PLAN002,60844107060,Ventolin,4,Covered,N,N,N,2025-08-28,2027-05-02,FormularyManager
FRM000154,PLAN006,66292157738,Protonix,2,Non-Preferred,N,N,N,2024-09-03,2025-03-21,FormularyManager
FRM000155,PLAN002,69347757174,Humalog,1,Excluded,N,N,N,2025-09-12,2027-08-31,FormularyManager
FRM000156,PLAN004,55066490222,Cozaar,1,Covered,N,N,N,2025-09-07,2026-03-18,FormularyManager
FRM000157,PLAN019,74966631014,Cozaar,1,Covered,N,N,N,2024-10-23,2026-01-03,FormularyManager
FRM000158,PLAN001,48967225613,Neurontin,2,Non-Preferred,N,N,N,2025-02-26,2027-02-13,FormularyManager
FRM000159,PLAN014,84702528484,Prinivil,2,Non-Preferred,N,N,N,2025-07-09,2026-04-26,FormularyManager
FRM000160,PLAN014,37085218953,Jardiance,3,Covered,N,N,N,2025-05-13,2026-10-24,FormularyManager
FRM000161,PLAN003,29471563846,Coreg,2,Covered,N,N,N,2025-04-08,2026-11-02,FormularyManager
FRM000162,PLAN020,25904761313,Jardiance,3,Covered,N,N,N,2025-09-11,2027-02-09,FormularyManager
FRM000163,PLAN020,99511771384,Cozaar,1,Covered,N,N,N,2026-01-29,2027-03-23,FormularyManager
FRM000164,PLAN016,48239826657,Lexapro,3,Covered,N,N,N,2024-02-18,2026-01-21,FormularyManager
FRM000165,PLAN005,63011707032,Ozempic,4,Covered,N,N,N,2024-05-01,2025-11-24,FormularyManager
FRM000166,PLAN016,51269588679,Zoloft,2,Covered,N,N,N,2025-06-01,2026-09-19,FormularyManager
FRM000167,PLAN006,26262248157,Aldactone,3,Covered,N,N,N,2025-04-02,2026-05-05,FormularyManager
FRM000168,PLAN007,25094254121,Synthroid,2,Covered,N,N,N,2025-09-19,2026-10-11,FormularyManager
FRM000169,PLAN003,15426453054,Zoloft,3,Covered,N,N,N,2026-04-11,2026-11-13,FormularyManager
FRM000170,PLAN001,26884937862,Norvasc,1,Covered,N,N,N,2024-06-29,2025-07-03,FormularyManager
FRM000171,PLAN013,80870713084,Synthroid,5,Covered,N,Y,Y,2024-08-29,2026-05-27,FormularyManager
FRM000172,PLAN002,17266624267,UNKNOWN BRAND DRG00969,5,Excluded,N,N,N,2025-05-06,2027-01-10,FormularyManager
FRM000173,PLAN015,21904569624,Wellbutrin,5,Covered,N,N,N,2024-11-18,2026-11-10,FormularyManager
FRM000174,PLAN006,48632631955,Protonix,5,Covered,N,N,N,2026-05-03,2028-04-18,FormularyManager
FRM000175,PLAN019,93949757344,Lantus,1,Covered,Y,N,Y,2025-07-21,2026-09-09,FormularyManager
FRM000176,PLAN003,30516747666,Cymbalta,4,,N,N,N,2026-02-20,2027-07-20,FormularyManager
FRM000177,PLAN005,84047590849,Microzide,5,Covered,N,N,N,2026-05-12,2027-03-07,FormularyManager
FRM000178,PLAN002,67041360337,Coreg,1,Covered,N,N,Y,2025-05-26,2026-01-08,FormularyManager
FRM000179,PLAN019,78929224734,Norvasc,5,Covered,N,Y,N,2025-06-06,2026-09-18,FormularyManager
FRM000180,PLAN013,58257248865,Synthroid,5,Covered,Y,N,N,2026-02-20,2027-11-26,FormularyManager
FRM000181,PLAN002,29471563846,Coreg,3,Covered,N,N,N,2024-01-29,2024-08-16,FormularyManager
FRM000182,PLAN010,95305350218,Prozac,1,Covered,N,N,N,2025-12-21,2026-12-01,FormularyManager
FRM000183,PLAN002,20641978938,Zoloft,1,Excluded,N,N,N,2026-03-20,2027-01-10,FormularyManager
FRM000184,PLAN006,38112790984,Neurontin,2,Covered,N,Y,N,2026-05-20,2026-12-07,FormularyManager
FRM000185,PLAN003,77393477110,Lantus,1,Covered,Y,Y,N,2025-08-18,2026-06-26,FormularyManager
FRM000186,PLAN013,38721413264,Norvasc,1,Covered,N,Y,Y,2025-07-09,2026-06-10,FormularyManager
FRM000187,PLAN013,38649367251,Aldactone,5,Covered,Y,N,Y,2025-04-05,2026-06-08,FormularyManager
FRM000188,PLAN013,47253753474,Protonix,4,Covered,N,N,Y,2025-07-30,2026-01-31,FormularyManager
FRM000189,PLAN012,92809819256,Wellbutrin,4,Covered,Y,Y,N,2024-04-16,2024-12-01,FormularyManager
FRM000190,PLAN002,33667709457,Protonix,5,Non-Preferred,N,N,N,2024-05-07,2025-03-05,FormularyManager
FRM000191,PLAN011,88995939535,Ventolin,5,Covered,N,Y,N,2024-07-17,2025-05-02,FormularyManager
FRM000192,PLAN013,82100899412,Singulair,5,Covered,Y,N,N,2025-11-13,2026-10-21,FormularyManager
FRM000193,PLAN011,86890799081,Norvasc,1,Covered,N,N,Y,2025-03-11,2026-07-06,FormularyManager
FRM000194,PLAN019,36527120523,Prilosec,3,Covered,N,N,N,2025-04-12,2026-08-18,FormularyManager
FRM000195,PLAN014,98795104473,Vibramycin,5,Covered,Y,N,Y,2025-03-23,2026-01-27,FormularyManager
FRM000196,PLAN002,34198319284,Aldactone,1,Covered,Y,N,N,2025-07-13,2027-01-24,FormularyManager
FRM000197,PLAN015,32345951358,Glucophage,4,Covered,Y,N,N,2025-06-09,2027-04-08,FormularyManager
FRM000198,PLAN014,64540939887,Lopressor,5,Excluded,Y,N,N,2025-11-23,2027-01-22,FormularyManager
FRM000199,PLAN001,63116718685,Prilosec,5,Non-Preferred,N,N,N,2025-11-27,2026-11-15,FormularyManager
FRM000200,PLAN003,98697873751,Prilosec,5,Covered,N,N,N,2025-05-19,2026-02-23,FormularyManager
FRM000201,PLAN011,25092429310,Jardiance,2,Covered,N,N,Y,2026-03-01,2026-09-13,FormularyManager
FRM000202,PLAN014,34030808751,Prilosec,1,Non-Preferred,N,Y,N,2024-06-25,2025-09-25,FormularyManager
FRM000203,PLAN008,25904761313,Jardiance,4,Non-Preferred,N,N,Y,2026-01-26,2027-05-18,FormularyManager
FRM000204,PLAN015,24959442831,Humalog,2,,N,N,N,2024-11-14,2026-08-27,FormularyManager
FRM000205,PLAN020,18077751316,Prinivil,3,Covered,N,Y,N,2026-05-02,2027-03-02,FormularyManager
FRM000206,PLAN015,25245820746,Ventolin,3,Covered,N,Y,N,2026-03-30,2027-02-09,FormularyManager
FRM000207,PLAN006,15420255680,Humalog,4,Covered,N,N,Y,2024-12-22,2026-10-30,FormularyManager
FRM000208,PLAN004,80701649845,Lipitor,1,Covered,N,Y,N,2024-05-04,2024-11-04,FormularyManager
FRM000209,PLAN008,36163874460,FORMULARY NAME MISMATCH,5,Covered,Y,N,Y,2025-01-30,2026-02-05,FormularyManager
FRM000210,PLAN003,65812527931,Microzide,2,Covered,N,Y,N,2025-02-14,2026-07-14,FormularyManager
FRM000211,PLAN019,62840208185,Crestor,4,Covered,N,N,N,2026-05-13,2027-09-28,FormularyManager
FRM000212,PLAN016,40965220919,Norvasc,4,Covered,N,Y,N,2025-11-28,2027-01-21,FormularyManager
FRM000213,PLAN001,60986106546,Singulair,1,Excluded,N,N,N,2024-01-02,2024-08-16,FormularyManager
FRM000214,PLAN017,24616800293,FORMULARY NAME MISMATCH,1,Covered,N,N,N,2025-10-06,2027-08-16,FormularyManager
FRM000215,PLAN008,79510138828,Lasix,4,Covered,Y,N,Y,2024-07-31,2025-05-08,FormularyManager
FRM000216,PLAN004,95762624064,Humalog,2,Covered,N,N,N,2026-05-27,2027-07-21,FormularyManager
FRM000217,PLAN013,77096329537,Zoloft,4,Non-Preferred,N,N,N,2025-07-03,2027-06-27,FormularyManager
FRM000218,PLAN003,29398974548,Lopressor,2,Non-Preferred,N,Y,N,2025-12-10,2027-05-14,FormularyManager
FRM000219,PLAN009,92387647216,Jardiance,5,Covered,Y,N,N,2026-04-24,2027-10-03,FormularyManager
FRM000220,PLAN001,99511771384,Cozaar,1,Covered,N,N,N,2025-10-23,2027-01-16,FormularyManager
FRM000221,PLAN014,50389239682,Ozempic,2,Covered,N,N,N,2025-10-12,2027-09-20,FormularyManager
FRM000222,PLAN011,66359510772,Januvia,3,Covered,Y,N,N,2025-09-04,2026-09-19,FormularyManager
FRM000223,PLAN017,95762624064,Humalog,3,Covered,N,N,N,2025-11-17,2026-11-06,FormularyManager
FRM000224,PLAN013,60844107060,Ventolin,3,Covered,Y,N,N,2024-06-08,2025-01-02,FormularyManager
FRM000225,PLAN003,97074469738,Wellbutrin,2,Covered,Y,N,Y,2024-07-08,2026-04-07,FormularyManager
FRM000226,PLAN006,68762387095,Eliquis,5,Covered,Y,N,N,2024-02-01,2024-10-25,FormularyManager
FRM000227,PLAN015,11616709896,Crestor,2,Non-Preferred,N,Y,N,2024-02-21,2024-09-19,FormularyManager
FRM000228,PLAN016,22287685065,Wellbutrin,4,Covered,N,Y,N,2024-07-17,2025-07-11,FormularyManager
FRM000229,PLAN004,59002120957,Cozaar,1,Covered,N,N,N,2024-10-01,2025-10-03,FormularyManager
FRM000230,PLAN019,76324394748,Glucophage,4,Covered,N,Y,N,2024-01-24,2025-12-19,FormularyManager
FRM000231,PLAN010,68912388929,Cymbalta,5,Covered,N,N,N,2025-04-16,2026-05-31,FormularyManager
FRM000232,PLAN015,28309735158,Aldactone,1,Covered,Y,N,N,2025-02-05,2027-01-10,FormularyManager
FRM000233,PLAN020,96688660979,Januvia,3,Covered,Y,N,N,2026-01-20,2027-04-25,FormularyManager
FRM000234,PLAN012,81681687310,Coreg,5,Covered,N,Y,N,2025-06-09,2026-10-15,FormularyManager
FRM000235,PLAN014,24959442831,Humalog,4,Covered,Y,Y,N,2026-01-07,2027-02-17,FormularyManager
FRM000236,PLAN013,85922868666,Crestor,2,Covered,Y,N,Y,2024-11-14,2025-09-24,FormularyManager
FRM000237,PLAN019,78211193483,UNKNOWN BRAND DRG00226,4,Covered,Y,N,Y,2025-04-02,2026-05-19,FormularyManager
FRM000238,PLAN019,11590371650,Lasix,5,Non-Preferred,N,N,N,2024-02-21,2024-10-07,FormularyManager
FRM000239,PLAN008,86713966277,Jardiance,1,Non-Preferred,Y,N,N,2024-02-08,2025-02-17,FormularyManager
FRM000240,PLAN003,62995547857,Cymbalta,5,Covered,Y,N,N,2026-01-01,2027-07-16,FormularyManager
FRM000241,PLAN016,59002120957,Cozaar,4,Non-Preferred,N,N,Y,2025-07-24,2026-11-27,FormularyManager
FRM000242,PLAN018,22581320920,Prilosec,2,Non-Preferred,N,N,N,2024-02-04,2025-08-05,FormularyManager
FRM000243,PLAN019,13622989050,FORMULARY NAME MISMATCH,1,Covered,N,N,N,2025-04-25,2026-04-20,FormularyManager
FRM000244,PLAN015,98617171442,Lantus,1,Non-Preferred,N,N,Y,2024-07-18,2025-01-15,FormularyManager
FRM000245,PLAN013,69398255036,Vibramycin,5,Covered,N,N,N,2025-04-28,2026-09-10,FormularyManager
FRM000246,PLAN009,65004145763,Januvia,2,,Y,N,N,2026-02-24,2027-01-30,FormularyManager
FRM000247,PLAN001,23809467884,Ozempic,1,Excluded,N,Y,N,2024-04-05,2025-10-31,FormularyManager
FRM000248,PLAN011,62718517427,Wellbutrin,4,Covered,N,N,N,2024-03-25,2025-06-02,FormularyManager
FRM000249,PLAN006,38750191648,Neurontin,1,Covered,N,N,N,2024-03-07,2024-11-03,FormularyManager
FRM000250,PLAN005,99282121398,Prozac,3,Covered,N,Y,N,2024-09-08,2026-05-23,FormularyManager
FRM000251,PLAN005,89111529797,Prozac,1,Covered,Y,N,N,2025-11-25,2027-05-17,FormularyManager
FRM000252,PLAN010,37017591044,Jardiance,2,Covered,N,Y,N,2025-07-11,2027-04-07,FormularyManager
FRM000253,PLAN007,81987321337,Lantus,2,Covered,Y,N,Y,2025-08-23,2026-04-26,FormularyManager
FRM000254,PLAN001,78211193483,UNKNOWN BRAND DRG00226,1,Covered,Y,N,N,2025-02-09,2026-06-14,FormularyManager
FRM000255,PLAN002,70613545988,Plavix,5,Covered,N,Y,N,2024-11-25,2026-05-27,FormularyManager
FRM000256,PLAN017,58670846921,Coreg,1,Covered,N,Y,N,2026-05-19,2027-05-25,FormularyManager
FRM000257,PLAN012,26262248157,Aldactone,5,Excluded,N,N,N,2024-04-02,2025-04-19,FormularyManager
FRM000258,PLAN007,98076393354,Neurontin,2,Covered,N,Y,N,2025-06-20,2026-10-20,FormularyManager
FRM000259,PLAN009,95394214840,Prozac,1,Covered,N,N,N,2024-09-14,2026-08-23,FormularyManager
FRM000260,PLAN015,22743552549,Prozac,3,Covered,N,N,N,2024-09-30,2025-07-24,FormularyManager
FRM000261,PLAN020,67259185565,Protonix,2,Covered,N,N,Y,2024-06-27,2025-04-26,FormularyManager
FRM000262,PLAN004,48777918537,Protonix,2,Covered,N,N,N,2024-06-08,2025-01-24,FormularyManager
FRM000263,PLAN015,47499455138,Crestor,4,Covered,N,N,N,2026-04-05,2027-07-20,FormularyManager
FRM000264,PLAN003,60563234574,Wellbutrin,1,Covered,N,N,N,2024-05-30,2024-11-26,FormularyManager
FRM000265,PLAN016,20858309589,Wellbutrin,5,Covered,N,N,N,2026-03-28,2027-03-14,FormularyManager
FRM000266,PLAN013,35847675077,Cozaar,4,Covered,Y,N,N,2025-10-03,2027-08-30,FormularyManager
FRM000267,PLAN014,61820941754,Wellbutrin,1,Covered,N,N,N,2025-04-06,2026-04-19,FormularyManager
FRM000268,PLAN015,11713731824,Lopressor,3,Covered,N,N,N,2024-10-20,2025-05-07,FormularyManager
FRM000269,PLAN004,21322844418,Jardiance,4,Covered,N,N,N,2024-01-02,2025-03-03,FormularyManager
FRM000270,PLAN010,56133530192,Wellbutrin,5,Covered,N,N,N,2024-01-13,2024-08-31,FormularyManager
FRM000271,PLAN020,64540939887,FORMULARY NAME MISMATCH,1,Covered,N,N,N,2025-12-18,2026-11-12,FormularyManager
FRM000272,PLAN017,90728447630,Ventolin,3,Covered,N,N,N,2024-07-13,2025-08-03,FormularyManager
FRM000273,PLAN015,37570262831,Glucophage,2,Covered,Y,N,N,2024-05-29,2025-10-29,FormularyManager
FRM000274,PLAN017,69725978984,Lipitor,3,Non-Preferred,Y,N,N,2025-03-31,2026-07-06,FormularyManager
FRM000275,PLAN003,26670320788,Aldactone,1,Covered,N,N,Y,2025-09-07,2027-05-12,FormularyManager
FRM000276,PLAN020,60036280484,Ventolin,5,Covered,N,N,N,2024-05-12,2026-02-26,FormularyManager
FRM000277,PLAN017,61820941754,Wellbutrin,5,Covered,N,N,N,2024-05-03,2026-03-20,FormularyManager
FRM000278,PLAN008,48632631955,Protonix,2,Covered,N,N,Y,2025-07-29,2026-06-30,FormularyManager
FRM000279,PLAN009,82391488851,Ventolin,4,Covered,N,N,Y,2024-11-25,2025-05-24,FormularyManager
FRM000280,PLAN005,74909178953,Vibramycin,2,Covered,Y,N,Y,2026-04-12,2027-07-23,FormularyManager
FRM000281,PLAN020,94227785584,Humalog,4,Covered,N,Y,N,2024-03-20,2024-11-19,FormularyManager
FRM000282,PLAN017,60986106546,FORMULARY NAME MISMATCH,2,Covered,N,N,N,2024-04-19,2025-10-01,FormularyManager
FRM000283,PLAN001,61820941754,Wellbutrin,5,Non-Preferred,N,Y,N,2025-05-06,2027-04-11,FormularyManager
FRM000284,PLAN019,15035164887,Glucophage,4,Covered,N,N,N,2024-01-07,2024-10-26,FormularyManager
FRM000285,PLAN018,57344228998,Protonix,2,Covered,N,N,N,2024-01-08,2025-09-10,FormularyManager
FRM000286,PLAN016,37195598538,Crestor,3,Covered,Y,N,N,2024-02-08,2024-09-18,FormularyManager
FRM000287,PLAN011,41322801585,Aldactone,1,Excluded,N,N,N,2024-10-07,2026-01-10,FormularyManager
FRM000288,PLAN003,32031366424,Lantus,3,Covered,N,N,N,2024-04-05,2024-12-23,FormularyManager
FRM000289,PLAN014,31559714166,Lantus,3,Covered,N,N,N,2025-03-20,2026-10-25,FormularyManager
FRM000290,PLAN013,78211193483,UNKNOWN BRAND DRG00226,5,Covered,Y,Y,N,2024-03-19,2025-03-06,FormularyManager
FRM000291,PLAN007,11590371650,Lasix,2,Covered,N,Y,N,2024-07-06,2026-06-29,FormularyManager
FRM000292,PLAN010,22620625618,Plavix,4,Non-Preferred,Y,N,N,2024-08-02,2025-05-08,FormularyManager
FRM000293,PLAN017,17204851877,Lexapro,4,Non-Preferred,N,N,N,2024-01-01,2024-07-26,FormularyManager
FRM000294,PLAN012,66961165235,Crestor,1,Covered,N,N,Y,2025-07-29,2026-03-23,FormularyManager
FRM000295,PLAN009,92965682838,Wellbutrin,5,Covered,N,N,N,2025-03-27,2026-06-21,FormularyManager
FRM000296,PLAN001,26262248157,Aldactone,2,Covered,N,N,N,2024-01-03,2025-04-12,FormularyManager
FRM000297,PLAN015,27517427451,Plavix,4,Covered,N,Y,Y,2024-02-22,2025-11-18,FormularyManager
FRM000298,PLAN008,48777918537,Protonix,3,Non-Preferred,N,N,N,2025-10-15,2026-06-09,FormularyManager
FRM000299,PLAN005,62718517427,Wellbutrin,4,Covered,N,N,N,2025-04-10,2026-10-17,FormularyManager
FRM000300,PLAN001,87431285235,Aldactone,2,Covered,N,N,Y,2025-12-25,2027-01-07,FormularyManager
FRM000301,PLAN008,70149202243,Neurontin,5,Excluded,N,N,N,2024-07-26,2026-04-29,FormularyManager
FRM000302,PLAN007,38130142714,Glucophage,3,Covered,N,N,N,2024-02-03,2025-12-07,FormularyManager
FRM000303,PLAN019,13912543726,Lantus,3,Excluded,Y,N,N,2025-09-02,2027-05-02,FormularyManager
FRM000304,PLAN009,40943424631,Wellbutrin,1,Covered,N,N,N,2026-01-08,2027-09-14,FormularyManager
FRM000305,PLAN018,96691540687,Norvasc,5,Covered,Y,Y,N,2025-02-21,2025-12-28,FormularyManager
FRM000306,PLAN010,43371264292,Prinivil,3,Excluded,N,N,N,2025-06-17,2026-02-22,FormularyManager
FRM000307,PLAN020,98163387313,Singulair,4,Covered,N,N,N,2024-02-10,2025-08-31,FormularyManager
FRM000308,PLAN003,95305350218,Prozac,1,Non-Preferred,N,N,Y,2024-06-25,2025-10-08,FormularyManager
FRM000309,PLAN014,90019313030,Coreg,3,Covered,N,N,N,2024-09-26,2025-11-16,FormularyManager
FRM000310,PLAN012,37104711512,Crestor,3,Covered,N,N,N,2025-10-14,2026-08-02,FormularyManager
FRM000311,PLAN003,52583690494,Lipitor,2,Covered,Y,N,N,2025-06-23,2026-08-11,FormularyManager
FRM000312,PLAN020,67080423748,Lantus,2,Non-Preferred,N,N,N,2025-09-12,2026-12-31,FormularyManager
FRM000313,PLAN009,86106901629,Singulair,5,Covered,Y,N,N,2025-09-20,2026-06-24,FormularyManager
FRM000314,PLAN001,99309147368,Jardiance,4,Covered,N,N,N,2025-12-13,2027-03-24,FormularyManager
FRM000315,PLAN017,54293312163,Vibramycin,4,Covered,Y,N,N,2024-07-27,2025-02-23,FormularyManager
FRM000316,PLAN019,35551800184,Cymbalta,1,Covered,N,N,Y,2025-05-05,2026-11-03,FormularyManager
FRM000317,PLAN020,47494236310,Lipitor,1,Non-Preferred,N,N,N,2024-09-30,2026-09-23,FormularyManager
FRM000318,PLAN017,22438118591,FORMULARY NAME MISMATCH,3,Covered,N,N,N,2024-12-11,2025-11-24,FormularyManager
FRM000319,PLAN014,54145454630,Coreg,4,Covered,N,N,N,2024-08-21,2025-12-13,FormularyManager
FRM000320,PLAN011,44682779034,Lexapro,5,Covered,Y,N,N,2025-03-04,2026-06-19,FormularyManager
FRM000321,PLAN009,69347757174,Humalog,1,Excluded,Y,Y,Y,2024-06-19,2025-07-03,FormularyManager
FRM000322,PLAN005,34666508457,Norvasc,2,Non-Preferred,N,N,N,2025-03-15,2025-10-10,FormularyManager
FRM000323,PLAN001,78528685790,Neurontin,3,Covered,Y,N,N,2025-10-02,2027-02-04,FormularyManager
FRM000324,PLAN007,36285274953,Lasix,1,Covered,Y,N,N,2025-08-25,2026-03-29,FormularyManager
FRM000325,PLAN019,46005730687,Protonix,3,Covered,N,N,Y,2025-07-15,2027-04-27,FormularyManager
FRM000326,PLAN008,10394138129,Lantus,4,Non-Preferred,N,N,N,2025-05-23,2026-07-08,FormularyManager
FRM000327,PLAN012,92414186439,Lasix,1,Covered,N,N,N,2026-03-05,2028-02-17,FormularyManager
FRM000328,PLAN006,41290491468,Prinivil,4,Covered,Y,N,N,2024-07-04,2025-09-20,FormularyManager
FRM000329,PLAN020,44047392978,Januvia,5,Covered,Y,N,Y,2025-03-23,2026-08-18,FormularyManager
FRM000330,PLAN004,49300844372,Lipitor,1,Covered,N,N,Y,2025-02-20,2026-08-17,FormularyManager
FRM000331,PLAN016,57576578668,FORMULARY NAME MISMATCH,3,Covered,Y,N,N,2025-01-09,2026-06-06,FormularyManager
FRM000332,PLAN010,22620625618,Plavix,4,Excluded,Y,N,N,2025-01-11,2025-10-20,FormularyManager
FRM000333,PLAN009,86445320315,Eliquis,1,Covered,N,N,N,2024-09-19,2026-08-21,FormularyManager
FRM000334,PLAN001,69207755847,Crestor,4,Covered,Y,N,N,2024-09-25,2026-04-09,FormularyManager
FRM000335,PLAN018,47494236310,Lipitor,2,Covered,N,N,N,2026-01-18,2027-07-30,FormularyManager
FRM000336,PLAN004,38384498011,Aldactone,5,Covered,N,N,Y,2025-11-28,2027-01-06,FormularyManager
FRM000337,PLAN015,63039619641,Ventolin,4,Non-Preferred,N,N,N,2024-12-15,2026-04-09,FormularyManager
FRM000338,PLAN006,98795104473,Vibramycin,4,Covered,N,N,N,2024-08-09,2026-02-18,FormularyManager
FRM000339,PLAN002,43412851646,Coreg,3,Covered,Y,N,N,2024-07-27,2026-06-01,FormularyManager
FRM000340,PLAN002,76216784973,Protonix,2,Covered,N,N,Y,2025-03-03,2026-01-21,FormularyManager
FRM000341,PLAN002,15501225748,Crestor,2,Covered,N,N,N,2025-12-03,2026-10-26,FormularyManager
FRM000342,PLAN009,37677228163,Prilosec,5,Non-Preferred,N,N,N,2026-05-27,2027-11-19,FormularyManager
FRM000343,PLAN016,35516352970,Cymbalta,1,Covered,Y,N,N,2026-03-06,2027-07-28,FormularyManager
FRM000344,PLAN016,68912388929,Cymbalta,2,Covered,Y,N,N,2024-11-19,2026-02-25,FormularyManager
FRM000345,PLAN016,10424211436,Singulair,2,Covered,N,N,Y,2025-05-30,2026-07-12,FormularyManager
FRM000346,PLAN014,93243253281,Synthroid,2,Excluded,N,N,Y,2024-05-23,2025-05-27,FormularyManager
FRM000347,PLAN010,25094254121,Synthroid,2,Covered,N,N,Y,2025-06-08,2027-01-10,FormularyManager
FRM000348,PLAN011,10405956455,Plavix,1,Covered,N,N,Y,2026-03-02,2027-09-14,FormularyManager
FRM000349,PLAN007,97242993023,Norvasc,1,Non-Preferred,N,N,N,2025-09-06,2027-08-17,FormularyManager
FRM000350,PLAN010,24931475984,Cozaar,5,Non-Preferred,Y,N,N,2025-09-01,2026-07-14,FormularyManager
FRM000351,PLAN008,50389239682,Ozempic,1,Covered,N,N,N,2024-05-21,2024-12-20,FormularyManager
FRM000352,PLAN001,81681687310,Coreg,1,Non-Preferred,N,Y,N,2025-05-06,2025-12-22,FormularyManager
FRM000353,PLAN017,85417501813,Wellbutrin,3,Covered,N,N,N,2025-11-10,2026-07-27,FormularyManager
FRM000354,PLAN009,19696653191,Glucophage,5,Non-Preferred,N,N,N,2024-10-23,2025-09-19,FormularyManager
FRM000355,PLAN011,74359942977,Lasix,4,Covered,N,N,N,2024-06-03,2025-09-08,FormularyManager
FRM000356,PLAN009,53756657133,Neurontin,1,Covered,N,N,N,2025-01-08,2026-02-08,FormularyManager
FRM000357,PLAN010,56889248717,Ventolin,1,Covered,N,N,Y,2024-08-18,2026-04-13,FormularyManager
FRM000358,PLAN012,74385175975,Cymbalta,4,Non-Preferred,N,N,N,2025-01-15,2026-12-23,FormularyManager
FRM000359,PLAN010,65593261567,Wellbutrin,5,Covered,Y,N,N,2024-02-25,2024-09-28,FormularyManager
FRM000360,PLAN016,44047392978,Januvia,2,Non-Preferred,N,Y,N,2024-07-20,2025-09-07,FormularyManager
FRM000361,PLAN019,54145454630,Coreg,4,Non-Preferred,Y,N,N,2026-02-11,2028-01-16,FormularyManager
FRM000362,PLAN003,86445320315,Eliquis,3,Covered,N,N,N,2026-04-18,2026-12-16,FormularyManager
FRM000363,PLAN016,79480401968,Aldactone,5,Covered,N,N,N,2025-05-30,2025-11-30,FormularyManager
FRM000364,PLAN014,98610652597,Prinivil,4,Covered,N,N,Y,2025-03-05,2025-12-05,FormularyManager
FRM000365,PLAN006,14904163164,Eliquis,4,Covered,N,Y,N,2024-07-28,2026-07-06,FormularyManager
FRM000366,PLAN018,15035164887,Glucophage,5,Covered,N,N,N,2026-05-24,2027-01-04,FormularyManager
FRM000367,PLAN020,33502745180,Prinivil,3,Covered,N,N,N,2025-04-28,2026-09-13,FormularyManager
FRM000368,PLAN005,48827576665,Norvasc,3,Covered,N,Y,N,2025-07-16,2026-01-16,FormularyManager
FRM000369,PLAN006,11107186150,Plavix,5,Non-Preferred,N,N,Y,2025-10-02,2027-07-19,FormularyManager
FRM000370,PLAN015,97224337179,Lopressor,3,Non-Preferred,Y,N,N,2025-09-08,2026-09-10,FormularyManager
FRM000371,PLAN001,33167573583,Norvasc,1,Covered,Y,N,N,2026-05-26,2028-03-20,FormularyManager
FRM000372,PLAN016,99532189053,Neurontin,3,Covered,N,N,Y,2024-06-07,2025-01-14,FormularyManager
FRM000373,PLAN009,62840208185,Crestor,4,Non-Preferred,N,N,N,2026-04-17,2027-07-15,FormularyManager
FRM000374,PLAN011,18032796468,Synthroid,2,Non-Preferred,N,N,N,2025-03-16,2026-07-17,FormularyManager
FRM000375,PLAN011,20858309589,Wellbutrin,1,Covered,N,Y,N,2026-01-01,2027-05-17,FormularyManager
FRM000376,PLAN013,51269588679,Zoloft,2,Non-Preferred,N,N,Y,2024-03-02,2024-08-31,FormularyManager
FRM000377,PLAN014,47958975815,Lipitor,4,Covered,N,N,N,2026-02-14,2027-02-15,FormularyManager
FRM000378,PLAN014,76440908482,Lexapro,1,Covered,N,N,N,2024-06-09,2025-08-11,FormularyManager
FRM000379,PLAN006,26331939675,Ventolin,1,Non-Preferred,Y,N,Y,2026-01-03,2027-07-18,FormularyManager
FRM000380,PLAN006,28226964458,Lexapro,4,Covered,N,N,N,2025-03-24,2026-05-08,FormularyManager
FRM000381,PLAN013,35913846432,Protonix,2,Non-Preferred,N,Y,N,2024-01-31,2024-09-08,FormularyManager
FRM000382,PLAN020,15384104284,Lipitor,3,Covered,N,N,N,2025-11-17,2027-10-26,FormularyManager
FRM000383,PLAN008,44518564169,Coreg,4,Non-Preferred,Y,N,N,2024-08-15,2026-02-11,FormularyManager
FRM000384,PLAN011,92043205735,Ozempic,1,Non-Preferred,N,N,N,2026-04-10,2028-04-01,FormularyManager
FRM000385,PLAN006,14432106343,Microzide,5,Covered,N,N,N,2025-03-14,2026-01-20,FormularyManager
FRM000386,PLAN010,27990184869,Aldactone,4,Non-Preferred,Y,N,N,2025-08-24,2027-03-23,FormularyManager
FRM000387,PLAN017,13622989050,Glucophage,1,Covered,Y,N,N,2026-04-01,2028-02-13,FormularyManager
FRM000388,PLAN016,21137610492,Jardiance,2,Covered,N,N,Y,2025-07-15,2026-04-06,FormularyManager
FRM000389,PLAN007,28511153475,Ventolin,4,Covered,N,N,N,2024-01-30,2024-09-07,FormularyManager
FRM000390,PLAN013,31674507922,Protonix,3,Covered,N,N,N,2026-02-20,2027-10-22,FormularyManager
FRM000391,PLAN003,21424930580,Glucophage,1,Covered,N,N,N,2024-08-17,2025-03-22,FormularyManager
FRM000392,PLAN020,99338867913,Prinivil,1,Covered,Y,N,N,2024-01-27,2025-12-16,FormularyManager
FRM000393,PLAN018,17493123839,Plavix,1,Covered,N,Y,N,2024-05-09,2025-06-10,FormularyManager
FRM000394,PLAN012,27539452320,Eliquis,1,Covered,Y,N,N,2024-03-30,2025-07-13,FormularyManager
FRM000395,PLAN012,11107186150,Plavix,4,Covered,Y,Y,N,2024-09-13,2025-11-06,FormularyManager
FRM000396,PLAN015,49498489686,Eliquis,1,Covered,N,Y,Y,2024-09-23,2025-03-30,FormularyManager
FRM000397,PLAN009,94254883996,Prozac,4,Covered,N,N,N,2024-08-21,2026-01-04,FormularyManager
FRM000398,PLAN009,37570262831,Glucophage,1,Covered,N,N,N,2024-09-06,2026-07-30,FormularyManager
FRM000399,PLAN002,81681687310,Coreg,5,Covered,Y,N,N,2025-11-02,2026-06-16,FormularyManager
FRM000400,PLAN013,51269588679,Zoloft,1,Non-Preferred,Y,N,N,2024-10-31,2025-12-15,FormularyManager
FRM000401,PLAN002,52258384311,Prinivil,4,Covered,N,N,N,2024-08-03,2025-08-31,FormularyManager
FRM000402,PLAN015,21421615389,Lasix,3,Covered,N,N,N,2025-12-06,2026-10-18,FormularyManager
FRM000403,PLAN010,59778965268,Humalog,3,Non-Preferred,N,N,N,2026-03-02,2026-11-11,FormularyManager
FRM000404,PLAN006,20729975921,Lipitor,2,Covered,N,N,N,2024-12-11,2026-07-06,FormularyManager
FRM000405,PLAN003,72708515673,Plavix,4,Covered,N,N,N,2024-01-30,2025-12-04,FormularyManager
FRM000406,PLAN010,93243253281,Synthroid,1,Non-Preferred,Y,N,N,2025-12-23,2027-08-16,FormularyManager
FRM000407,PLAN018,13525402450,Januvia,2,Covered,N,N,N,2024-10-23,2026-05-19,FormularyManager
FRM000408,PLAN002,13254104910,Eliquis,4,Covered,N,N,N,2026-03-01,2027-10-24,FormularyManager
FRM000409,PLAN020,69245100276,Cymbalta,2,Non-Preferred,Y,Y,Y,2024-09-14,2026-05-16,FormularyManager
FRM000410,PLAN007,84080407924,Prinivil,4,Covered,Y,Y,N,2024-09-21,2026-01-09,FormularyManager
FRM000411,PLAN001,47734931755,Norvasc,4,Non-Preferred,N,N,N,2024-12-21,2026-05-19,FormularyManager
FRM000412,PLAN014,81214270455,Coreg,5,Excluded,N,N,N,2025-12-15,2027-11-19,FormularyManager
FRM000413,PLAN001,85864453239,Lexapro,2,Covered,N,N,N,2026-04-02,2026-11-24,FormularyManager
FRM000414,PLAN004,14752304010,Lexapro,2,Non-Preferred,N,N,N,2025-04-10,2026-09-12,FormularyManager
FRM000415,PLAN016,10731878875,Lasix,4,Covered,N,Y,N,2025-05-07,2026-10-30,FormularyManager
FRM000416,PLAN013,20641978938,Zoloft,5,Non-Preferred,N,N,N,2025-10-02,2027-03-10,FormularyManager
FRM000417,PLAN010,67141494586,Neurontin,3,Excluded,N,N,N,2024-11-28,2026-03-16,FormularyManager
FRM000418,PLAN005,76440908482,Lexapro,1,Excluded,N,N,N,2026-04-07,2027-02-22,FormularyManager
FRM000419,PLAN020,43283388696,Wellbutrin,1,Covered,N,N,N,2024-12-04,2026-09-23,FormularyManager
FRM000420,PLAN004,21642883934,Lopressor,5,Covered,N,Y,N,2026-04-16,2028-03-16,FormularyManager
FRM000421,PLAN019,20729975921,Lipitor,5,Covered,N,N,N,2026-04-30,2027-09-03,FormularyManager
FRM000422,PLAN009,37929930922,Prinivil,3,Covered,N,N,N,2025-06-16,2027-06-13,FormularyManager
FRM000423,PLAN012,66292157738,Protonix,1,Covered,Y,Y,N,2025-06-20,2027-04-30,FormularyManager
FRM000424,PLAN005,47220155350,Protonix,2,Excluded,N,N,N,2024-10-25,2026-08-28,FormularyManager
FRM000425,PLAN015,78627670934,Singulair,3,Covered,N,N,N,2024-04-14,2025-12-14,FormularyManager
FRM000426,PLAN016,68912388929,Cymbalta,1,Non-Preferred,N,Y,N,2025-05-10,2026-01-07,FormularyManager
FRM000427,PLAN020,84702528484,Prinivil,4,Covered,N,N,N,2025-04-24,2026-02-19,FormularyManager
FRM000428,PLAN018,32792508824,Glucophage,4,Non-Preferred,N,N,N,2025-10-17,2026-05-05,FormularyManager
FRM000429,PLAN012,23817377057,Lexapro,4,Covered,Y,N,N,2025-05-14,2026-03-19,FormularyManager
FRM000430,PLAN019,49300844372,Lipitor,4,Non-Preferred,Y,N,Y,2025-04-01,2026-05-11,FormularyManager
FRM000431,PLAN017,57820791671,Januvia,2,Excluded,N,N,N,2026-05-02,2028-04-09,FormularyManager
FRM000432,PLAN011,57373424595,Humalog,1,Non-Preferred,N,N,N,2025-03-11,2026-12-21,FormularyManager
FRM000433,PLAN017,19530750922,Microzide,3,Covered,N,N,N,2026-02-01,2027-03-09,FormularyManager
FRM000434,PLAN017,54154506357,Prozac,4,Covered,N,N,Y,2026-05-01,2027-08-31,FormularyManager
FRM000435,PLAN008,44983140537,Norvasc,2,Covered,N,N,N,2026-02-21,2026-09-22,FormularyManager
FRM000436,PLAN006,73418540749,Cymbalta,4,Covered,N,N,N,2026-02-08,2026-09-20,FormularyManager
FRM000437,PLAN006,99603627774,Synthroid,2,Covered,N,N,N,2026-04-06,2027-08-04,FormularyManager
FRM000438,PLAN008,93474724778,Lantus,4,Covered,N,N,N,2024-07-14,2025-12-10,FormularyManager
FRM000439,PLAN007,74192691278,Prilosec,5,Covered,Y,N,N,2026-05-01,2027-06-18,FormularyManager
FRM000440,PLAN014,62299475227,Coreg,4,Covered,N,N,N,2024-03-14,2026-03-08,FormularyManager
FRM000441,PLAN012,58378729732,Januvia,3,Covered,N,N,N,2024-06-19,2025-09-17,FormularyManager
FRM000442,PLAN008,12859564719,Glucophage,3,Non-Preferred,Y,N,Y,2026-02-04,2028-01-13,FormularyManager
FRM000443,PLAN009,62995547857,Cymbalta,4,Covered,N,N,N,2024-02-08,2025-12-24,FormularyManager
FRM000444,PLAN004,54705453523,Aldactone,1,Covered,N,N,N,2026-01-28,2026-11-22,FormularyManager
FRM000445,PLAN011,36001690590,Microzide,4,Covered,N,N,Y,2025-12-07,2027-07-15,FormularyManager
FRM000446,PLAN008,67141494586,Neurontin,1,Covered,N,N,N,2024-04-04,2026-03-08,FormularyManager
FRM000447,PLAN002,22287685065,Wellbutrin,1,Covered,N,N,Y,2025-01-26,2026-11-06,FormularyManager
FRM000448,PLAN016,44682779034,Lexapro,5,Covered,Y,N,N,2026-04-22,2028-04-03,FormularyManager
FRM000449,PLAN019,36201328832,Plavix,4,Non-Preferred,N,N,N,2024-07-31,2025-06-01,FormularyManager
FRM000450,PLAN006,96338320268,Protonix,2,Covered,Y,N,Y,2026-01-30,2026-09-23,FormularyManager
FRM000451,PLAN001,48104454958,Neurontin,2,Covered,Y,Y,N,2025-09-25,2027-04-25,FormularyManager
FRM000452,PLAN016,45469791921,Lipitor,5,Covered,N,N,Y,2024-04-06,2025-11-14,FormularyManager
FRM000453,PLAN006,33167573583,Norvasc,4,Covered,N,N,N,2024-06-25,2025-06-12,FormularyManager
FRM000454,PLAN012,80822802269,Coreg,5,Non-Preferred,N,N,Y,2024-06-15,2026-03-19,FormularyManager
FRM000455,PLAN015,76440908482,Lexapro,5,Excluded,N,N,N,2024-01-08,2025-01-07,FormularyManager
FRM000456,PLAN015,47958975815,Lipitor,2,Covered,Y,Y,N,2025-12-11,2027-09-08,FormularyManager
FRM000457,PLAN018,22366963895,Neurontin,3,Covered,N,N,N,2026-03-24,2027-01-25,FormularyManager
FRM000458,PLAN008,80870713084,Synthroid,1,Covered,N,N,N,2024-02-28,2025-07-04,FormularyManager
FRM000459,PLAN013,51057281520,Singulair,1,Covered,Y,Y,N,2024-12-26,2025-09-16,FormularyManager
FRM000460,PLAN003,85086957723,Januvia,5,Covered,Y,N,N,2024-01-15,2024-11-09,FormularyManager
FRM000461,PLAN013,59211433737,Prinivil,4,Covered,N,N,N,2025-08-13,2027-08-01,FormularyManager
FRM000462,PLAN002,77464349998,Eliquis,2,Covered,N,N,N,2025-12-17,2027-01-01,FormularyManager
FRM000463,PLAN016,17278457796,Prozac,3,Covered,Y,N,Y,2024-05-17,2026-02-08,FormularyManager
FRM000464,PLAN005,37195598538,Crestor,1,Covered,N,N,Y,2024-11-24,2025-11-24,FormularyManager
FRM000465,PLAN020,94324240174,Synthroid,3,Non-Preferred,N,N,N,2024-09-16,2025-09-03,FormularyManager
FRM000466,PLAN016,98272669316,Ventolin,4,Covered,N,Y,N,2024-02-18,2024-09-06,FormularyManager
FRM000467,PLAN013,76954397631,Microzide,5,Covered,Y,N,N,2025-10-15,2026-10-22,FormularyManager
FRM000468,PLAN011,50442763134,Plavix,3,Non-Preferred,Y,N,N,2025-12-26,2027-11-11,FormularyManager
FRM000469,PLAN002,26718530956,Zoloft,4,Covered,N,N,N,2025-02-12,2026-10-24,FormularyManager
FRM000470,PLAN018,51269588679,Zoloft,3,Covered,Y,Y,N,2024-07-21,2026-02-10,FormularyManager
FRM000471,PLAN014,88995939535,Ventolin,2,Covered,N,N,N,2025-04-25,2026-10-11,FormularyManager
FRM000472,PLAN005,69398255036,Vibramycin,2,Covered,Y,Y,N,2024-02-13,2024-09-06,FormularyManager
FRM000473,PLAN007,52815974681,Neurontin,4,Covered,N,Y,N,2024-02-25,2025-12-10,FormularyManager
FRM000474,PLAN006,37104711512,Crestor,2,Excluded,N,N,N,2024-03-21,2025-11-12,FormularyManager
FRM000475,PLAN008,10394138129,Lantus,5,Covered,N,N,N,2026-04-28,2027-03-25,FormularyManager
FRM000476,PLAN018,21322844418,Jardiance,5,Covered,N,N,N,2024-05-24,2025-12-08,FormularyManager
FRM000477,PLAN017,70221820796,Lipitor,1,Covered,N,N,Y,2025-10-10,2027-06-26,FormularyManager
FRM000478,PLAN005,66678730118,Glucophage,5,Covered,N,N,Y,2025-11-15,2026-08-22,FormularyManager
FRM000479,PLAN005,42883174115,Zoloft,1,Covered,N,N,N,2024-12-22,2026-11-15,FormularyManager
FRM000480,PLAN007,51269588679,Zoloft,5,Non-Preferred,Y,N,N,2024-11-03,2025-12-26,FormularyManager
FRM000481,PLAN001,39023637631,Cymbalta,3,Excluded,N,N,N,2025-03-27,2026-06-22,FormularyManager
FRM000482,PLAN009,40026109670,Lasix,1,Covered,Y,N,N,2026-01-02,2027-12-14,FormularyManager
FRM000483,PLAN005,93785641343,Lexapro,3,Covered,N,N,N,2024-04-03,2026-03-30,FormularyManager
FRM000484,PLAN011,45865729198,Cymbalta,1,Covered,N,N,Y,2025-06-25,2027-03-22,FormularyManager
FRM000485,PLAN009,30668351321,Ventolin,5,Covered,N,N,N,2025-10-11,2027-02-26,FormularyManager
FRM000486,PLAN019,88410610673,Cozaar,2,Covered,N,N,N,2024-02-05,2025-04-24,FormularyManager
FRM000487,PLAN007,51465880016,Ozempic,3,Non-Preferred,Y,N,N,2024-06-25,2025-03-04,FormularyManager
FRM000488,PLAN017,85864453239,Lexapro,2,Covered,Y,N,Y,2025-07-08,2026-11-09,FormularyManager
FRM000489,PLAN002,24721435259,Microzide,1,Covered,N,N,N,2024-05-30,2026-02-18,FormularyManager
FRM000490,PLAN004,87709126031,Wellbutrin,3,Covered,N,N,Y,2026-03-04,2027-05-31,FormularyManager
FRM000491,PLAN015,25871240147,Synthroid,4,Covered,N,N,N,2025-02-09,2026-08-26,FormularyManager
FRM000492,PLAN009,52238926923,FORMULARY NAME MISMATCH,5,Covered,N,N,Y,2024-05-28,2026-02-17,FormularyManager
FRM000493,PLAN020,24062531297,Jardiance,5,Covered,Y,N,N,2026-02-08,2027-02-27,FormularyManager
FRM000494,PLAN009,61687887076,Januvia,3,Covered,N,N,Y,2025-11-25,2027-10-18,FormularyManager
FRM000495,PLAN002,41322801585,Aldactone,1,Covered,N,N,N,2025-08-19,2026-06-04,FormularyManager
FRM000496,PLAN011,23709808766,Glucophage,4,Excluded,N,Y,N,2025-12-24,2027-06-03,FormularyManager
FRM000497,PLAN003,87709126031,Wellbutrin,9,Covered,N,N,Y,2025-12-21,2027-11-11,FormularyManager
FRM000498,PLAN018,25094254121,Synthroid,4,Covered,N,N,N,2024-03-09,2025-09-30,FormularyManager
FRM000499,PLAN011,43111470329,Vibramycin,3,Covered,N,N,N,2024-04-26,2025-10-25,FormularyManager
FRM000500,PLAN006,18139712589,Eliquis,3,Covered,N,Y,N,2024-10-24,2025-05-24,FormularyManager
FRM000501,PLAN006,41577609162,Vibramycin,3,Covered,N,N,N,2024-08-24,2026-06-06,FormularyManager
FRM000502,PLAN002,56146827375,Jardiance,4,Covered,Y,Y,N,2025-09-01,2026-08-27,FormularyManager
FRM000503,PLAN001,93949757344,Lantus,1,Covered,N,N,N,2025-10-23,2027-04-25,FormularyManager
FRM000504,PLAN015,19989783912,Januvia,5,Covered,N,N,N,2025-03-11,2025-10-03,FormularyManager
FRM000505,PLAN007,69710507219,Prilosec,5,Covered,Y,Y,Y,2025-01-16,2026-07-26,FormularyManager
FRM000506,PLAN018,26703687825,Zoloft,4,Non-Preferred,N,N,Y,2024-02-04,2026-01-18,FormularyManager
FRM000507,PLAN014,92233526721,Singulair,4,Covered,N,N,N,2025-12-05,2027-10-28,FormularyManager
FRM000508,PLAN015,73179592267,Cozaar,5,Covered,Y,N,N,2024-09-04,2025-03-09,FormularyManager
FRM000509,PLAN008,42576948965,Lexapro,5,Excluded,N,N,N,2024-04-01,2026-01-06,FormularyManager
FRM000510,PLAN011,26670320788,Aldactone,5,Covered,N,N,N,2024-01-15,2025-08-09,FormularyManager
FRM000511,PLAN001,38458321680,Prinivil,5,Covered,N,N,N,2025-02-19,2026-05-15,FormularyManager
FRM000512,PLAN003,51917506910,Crestor,5,Covered,N,N,N,2026-01-29,2026-10-29,FormularyManager
FRM000513,PLAN012,17493123839,Plavix,1,Covered,N,Y,N,2024-08-22,2025-12-21,FormularyManager
FRM000514,PLAN016,37677228163,Prilosec,5,Covered,N,N,N,2024-12-23,2025-07-03,FormularyManager
FRM000515,PLAN001,38721413264,Norvasc,2,Covered,Y,N,N,2024-03-07,2025-10-31,FormularyManager
FRM000516,PLAN004,39903246537,Prilosec,4,Non-Preferred,N,Y,N,2024-02-22,2025-03-04,FormularyManager
FRM000517,PLAN017,81641422556,Prilosec,4,Covered,N,N,N,2025-11-28,2027-06-22,FormularyManager
FRM000518,PLAN014,29337582731,Lasix,2,Non-Preferred,N,Y,N,2024-11-16,2025-10-03,FormularyManager
FRM000519,PLAN009,52954526623,Zoloft,4,Excluded,N,N,N,2024-04-27,2025-10-11,FormularyManager
FRM000520,PLAN011,98272669316,Ventolin,1,Covered,Y,N,N,2024-06-29,2026-03-25,FormularyManager
FRM000521,PLAN015,29398974548,Lopressor,1,Covered,N,N,N,2025-01-24,2026-08-19,FormularyManager
FRM000522,PLAN019,44872908135,Cymbalta,3,Covered,N,N,N,2025-01-25,2025-11-08,FormularyManager
FRM000523,PLAN012,20166640636,Vibramycin,2,Non-Preferred,N,N,N,2025-12-12,2027-04-09,FormularyManager
FRM000524,PLAN020,11605697119,Lipitor,4,Covered,Y,N,N,2025-03-12,2025-12-07,FormularyManager
FRM000525,PLAN005,93733534314,Cymbalta,2,Covered,N,N,N,2025-11-16,2026-09-22,FormularyManager
FRM000526,PLAN010,22036487942,Ventolin,4,Covered,N,Y,N,2026-03-06,2027-03-08,FormularyManager
FRM000527,PLAN020,19150183984,Januvia,4,Covered,N,N,Y,2025-09-22,2027-09-10,FormularyManager
FRM000528,PLAN001,65812527931,Microzide,4,Covered,Y,N,N,2024-06-16,2025-07-02,FormularyManager
FRM000529,PLAN003,44211207023,UNKNOWN BRAND DRG00834,5,Covered,N,N,N,2024-03-10,2025-05-21,FormularyManager
FRM000530,PLAN007,28309735158,Aldactone,4,Covered,N,N,N,2024-10-24,2026-01-23,FormularyManager
FRM000531,PLAN020,55753696537,Zoloft,1,Covered,N,N,N,2025-03-13,2027-02-09,FormularyManager
FRM000532,PLAN003,76582366385,Lantus,1,Covered,N,N,N,2024-10-09,2026-06-07,FormularyManager
FRM000533,PLAN020,36163874460,Prilosec,2,Covered,N,N,N,2025-03-06,2026-02-04,FormularyManager
FRM000534,PLAN004,94835111213,Ventolin,2,,N,N,N,2025-10-04,2026-07-23,FormularyManager
FRM000535,PLAN011,77675552758,Lantus,5,Covered,Y,N,N,2025-05-29,2027-01-11,FormularyManager
FRM000536,PLAN014,46113156038,Humalog,4,Excluded,N,N,N,2025-05-12,2026-08-13,FormularyManager
FRM000537,PLAN008,12859564719,Glucophage,1,Covered,N,N,N,2024-05-08,2026-02-22,FormularyManager
FRM000538,PLAN014,59211433737,Prinivil,3,Covered,N,N,Y,2025-09-28,2027-01-30,FormularyManager
FRM000539,PLAN005,21365601254,Lexapro,2,Excluded,N,N,N,2025-01-24,2026-04-27,FormularyManager
FRM000540,PLAN010,60856152434,Aldactone,1,Excluded,N,N,Y,2024-09-18,2026-08-19,FormularyManager
FRM000541,PLAN006,35356811450,UNKNOWN BRAND DRG00980,2,Covered,Y,N,Y,2026-02-05,2027-02-24,FormularyManager
FRM000542,PLAN006,57820791671,Januvia,1,Non-Preferred,N,N,N,2025-06-10,2026-11-02,FormularyManager
FRM000543,PLAN017,26411345874,Prozac,5,Non-Preferred,Y,N,Y,2024-09-27,2025-09-08,FormularyManager
FRM000544,PLAN009,43873981962,Wellbutrin,1,Covered,N,N,N,2024-12-10,2026-07-13,FormularyManager
FRM000545,PLAN002,61023340877,Lipitor,5,Covered,N,N,N,2025-04-04,2027-02-09,FormularyManager
FRM000546,PLAN015,25866246025,Lopressor,1,Excluded,Y,N,N,2024-03-25,2025-06-03,FormularyManager
FRM000547,PLAN007,31923278318,Vibramycin,3,Covered,N,N,N,2025-05-24,2026-04-02,FormularyManager
FRM000548,PLAN004,49501356011,Lopressor,3,Covered,N,Y,N,2024-02-11,2024-10-12,FormularyManager
FRM000549,PLAN019,79775467157,Crestor,1,Non-Preferred,N,N,N,2026-01-27,2027-12-02,FormularyManager
FRM000550,PLAN009,91636397347,Prilosec,5,Covered,N,N,N,2025-12-27,2026-12-24,FormularyManager
FRM000551,PLAN004,19989783912,Januvia,3,Non-Preferred,N,Y,N,2026-05-26,2027-02-16,FormularyManager
FRM000552,PLAN012,32444678260,Humalog,3,Covered,N,N,N,2024-09-30,2026-09-18,FormularyManager
FRM000553,PLAN012,83261389024,Synthroid,6,Covered,Y,Y,N,2025-08-13,2026-06-06,FormularyManager
FRM000554,PLAN002,67115974246,Lexapro,3,Non-Preferred,Y,N,N,2025-01-14,2026-04-24,FormularyManager
FRM000555,PLAN011,36527120523,Prilosec,3,Covered,Y,Y,Y,2025-06-05,2026-03-23,FormularyManager
FRM000556,PLAN007,85922868666,Crestor,4,Excluded,Y,N,N,2024-10-28,2026-05-15,FormularyManager
FRM000557,PLAN014,19998557234,Cozaar,3,Covered,N,N,N,2024-11-15,2025-05-19,FormularyManager
FRM000558,PLAN004,32829657664,Ozempic,3,Covered,N,N,N,2025-07-18,2026-04-07,FormularyManager
FRM000559,PLAN015,32305341731,Plavix,2,Covered,Y,N,N,2025-09-24,2027-09-10,FormularyManager
FRM000560,PLAN009,23709808766,Glucophage,5,Covered,N,N,N,2025-03-08,2027-01-03,FormularyManager
FRM000561,PLAN011,31265213479,Cymbalta,9,Non-Preferred,N,N,N,2025-09-12,2026-05-06,FormularyManager
FRM000562,PLAN020,96269476252,Cozaar,1,Covered,N,N,Y,2024-06-23,2025-02-17,FormularyManager
FRM000563,PLAN010,35847675077,Cozaar,1,Covered,N,N,N,2025-03-05,2027-02-12,FormularyManager
FRM000564,PLAN006,29398974548,Lopressor,5,Covered,Y,Y,Y,2025-11-26,2027-06-19,FormularyManager
FRM000565,PLAN005,62579571575,Prinivil,5,Covered,N,N,N,2025-02-19,2027-01-18,FormularyManager
FRM000566,PLAN019,41935957662,Synthroid,1,Covered,N,N,N,2025-05-27,2027-03-29,FormularyManager
FRM000567,PLAN011,44518564169,Coreg,3,Covered,N,N,Y,2025-07-14,2026-12-22,FormularyManager
FRM000568,PLAN002,81808216148,Lopressor,5,Covered,N,N,N,2025-02-03,2026-02-20,FormularyManager
FRM000569,PLAN007,48632631955,Protonix,4,Covered,N,N,N,2024-04-21,2025-07-03,FormularyManager
FRM000570,PLAN020,26851855697,Coreg,1,Non-Preferred,N,N,N,2024-07-15,2026-07-04,FormularyManager
FRM000571,PLAN016,92965682838,Wellbutrin,5,Covered,Y,N,N,2026-01-09,2027-08-20,FormularyManager
FRM000572,PLAN001,98610652597,Prinivil,4,Covered,N,Y,Y,2024-05-31,2025-07-06,FormularyManager
FRM000573,PLAN013,97074469738,Wellbutrin,3,Non-Preferred,N,N,N,2025-03-27,2026-10-18,FormularyManager
FRM000574,PLAN008,78929224734,Norvasc,4,Covered,N,Y,N,2025-06-06,2027-04-04,FormularyManager
FRM000575,PLAN004,88756957596,Cymbalta,2,Non-Preferred,Y,N,N,2026-05-13,2027-01-18,FormularyManager
FRM000576,PLAN006,66887309527,Microzide,5,Excluded,Y,N,N,2025-06-12,2026-12-29,FormularyManager
FRM000577,PLAN006,40504965642,Vibramycin,5,Covered,N,N,N,2024-12-04,2025-11-13,FormularyManager
FRM000578,PLAN013,14030276734,Cymbalta,2,Non-Preferred,N,N,N,2024-09-02,2025-03-01,FormularyManager
FRM000579,PLAN017,57775544235,Zoloft,3,Covered,N,N,N,2026-02-28,2027-10-04,FormularyManager
FRM000580,PLAN014,67080423748,Lantus,5,Non-Preferred,Y,N,N,2025-12-02,2027-11-24,FormularyManager
FRM000581,PLAN015,40895504647,Humalog,3,Non-Preferred,N,N,Y,2025-10-08,2026-12-13,FormularyManager
FRM000582,PLAN013,40842594127,Eliquis,5,Covered,N,N,N,2025-09-24,2026-12-08,FormularyManager
FRM000583,PLAN015,11605697119,Lipitor,2,Covered,Y,N,Y,2026-02-22,2027-10-11,FormularyManager
FRM000584,PLAN013,44531515535,Jardiance,6,Covered,N,N,N,2025-04-21,2026-05-12,FormularyManager
FRM000585,PLAN009,35516352970,Cymbalta,2,Excluded,N,N,N,2024-05-05,2026-03-13,FormularyManager
FRM000586,PLAN003,76216784973,Protonix,1,Covered,N,N,N,2024-03-14,2024-11-03,FormularyManager
FRM000587,PLAN005,26004482228,Vibramycin,3,Covered,N,N,N,2025-11-07,2027-07-08,FormularyManager
FRM000588,PLAN007,54054126339,Vibramycin,5,Covered,N,N,Y,2024-08-11,2025-05-26,FormularyManager
FRM000589,PLAN005,42730843510,Lexapro,1,Covered,N,N,N,2025-11-15,2027-11-13,FormularyManager
FRM000590,PLAN005,41115163443,Zoloft,3,Covered,Y,N,Y,2024-03-06,2024-12-26,FormularyManager
FRM000591,PLAN004,19606146745,Microzide,4,Covered,N,N,N,2025-02-02,2026-05-04,FormularyManager
FRM000592,PLAN008,73418540749,Cymbalta,1,Non-Preferred,Y,N,N,2026-04-08,2027-10-07,FormularyManager
FRM000593,PLAN013,47958975815,Lipitor,5,Covered,Y,N,Y,2024-05-07,2025-05-29,FormularyManager
FRM000594,PLAN006,52812397130,Ozempic,3,Non-Preferred,N,N,N,2025-04-02,2026-05-14,FormularyManager
FRM000595,PLAN002,92043205735,Ozempic,4,Covered,N,Y,N,2024-07-27,2025-06-09,FormularyManager
FRM000596,PLAN019,37173563991,Lasix,3,Covered,N,N,N,2026-02-28,2026-09-21,FormularyManager
FRM000597,PLAN001,80745561821,FORMULARY NAME MISMATCH,4,Covered,N,N,N,2025-05-31,2027-02-06,FormularyManager
FRM000598,PLAN011,25951181670,Prilosec,3,Covered,N,N,N,2025-08-02,2027-07-18,FormularyManager
FRM000599,PLAN018,85778839614,Ventolin,3,Covered,N,N,Y,2024-06-20,2026-03-10,FormularyManager
FRM000600,PLAN017,51167339278,Ventolin,3,Covered,Y,N,N,2025-03-22,2026-10-01,FormularyManager
FRM000601,PLAN008,86445320315,Eliquis,4,Covered,N,Y,Y,2026-03-25,2027-11-06,FormularyManager
FRM000602,PLAN009,60247897621,Lopressor,5,Covered,N,N,N,2025-04-21,2026-02-03,FormularyManager
FRM000603,PLAN011,98323115551,Lopressor,1,Covered,N,N,N,2026-03-25,2027-06-15,FormularyManager
FRM000604,PLAN009,81267869985,Aldactone,3,Excluded,Y,N,N,2024-04-12,2025-01-29,FormularyManager
FRM000605,PLAN004,11713731824,Lopressor,3,Covered,N,N,N,2024-05-28,2025-12-23,FormularyManager
FRM000606,PLAN020,96282694513,Microzide,1,Covered,N,N,N,2024-11-18,2025-10-14,FormularyManager
FRM000607,PLAN014,95701180452,Neurontin,5,Non-Preferred,N,N,Y,2024-04-21,2024-10-20,FormularyManager
FRM000608,PLAN013,38721413264,Norvasc,1,Covered,N,N,N,2026-02-21,2027-09-13,FormularyManager
FRM000609,PLAN008,42374213026,Plavix,4,Covered,N,N,Y,2025-03-17,2026-01-03,FormularyManager
FRM000610,PLAN009,10405956455,Plavix,5,Covered,N,N,N,2024-12-07,2026-11-21,FormularyManager
FRM000611,PLAN003,85778839614,Ventolin,2,Covered,N,N,N,2025-01-02,2025-07-19,FormularyManager
FRM000612,PLAN004,31620645567,Neurontin,5,Covered,N,N,Y,2024-09-26,2025-08-30,FormularyManager
FRM000613,PLAN007,96515232917,Norvasc,4,Covered,Y,N,N,2025-07-11,2026-11-26,FormularyManager
FRM000614,PLAN017,18554568464,Cozaar,5,Covered,Y,N,N,2024-12-11,2025-09-18,FormularyManager
FRM000615,PLAN004,37158569890,Aldactone,3,Non-Preferred,N,N,N,2024-09-21,2025-05-01,FormularyManager
FRM000616,PLAN016,63116718685,Prilosec,1,Non-Preferred,N,N,N,2024-10-16,2025-11-29,FormularyManager
FRM000617,PLAN004,17204851877,Lexapro,5,Covered,N,N,Y,2025-12-30,2026-07-27,FormularyManager
FRM000618,PLAN011,86802579865,Ventolin,3,Non-Preferred,N,N,N,2024-12-08,2025-09-25,FormularyManager
FRM000619,PLAN003,89918102779,Humalog,2,Covered,Y,N,Y,2024-02-02,2025-07-16,FormularyManager
FRM000620,PLAN013,92375297554,Lipitor,5,Covered,Y,Y,N,2026-01-16,2026-07-24,FormularyManager
FRM000621,PLAN020,17997612230,Zoloft,4,Covered,N,N,N,2024-05-31,2026-02-18,FormularyManager
FRM000622,PLAN012,89292409434,Aldactone,1,Covered,N,N,N,2024-09-01,2025-07-18,FormularyManager
FRM000623,PLAN008,61102807993,Humalog,2,Non-Preferred,N,N,N,2026-04-19,2027-08-13,FormularyManager
FRM000624,PLAN008,33502745180,Prinivil,1,Covered,Y,Y,N,2024-09-25,2026-09-19,FormularyManager
FRM000625,PLAN003,69166455424,Lipitor,3,Covered,Y,Y,Y,2024-01-12,2024-12-16,FormularyManager
FRM000626,PLAN006,19352931491,FORMULARY NAME MISMATCH,3,Non-Preferred,N,N,N,2024-03-16,2025-09-21,FormularyManager
FRM000627,PLAN019,89789879626,Eliquis,2,Covered,N,N,N,2025-04-19,2026-07-13,FormularyManager
FRM000628,PLAN003,79740234754,Ventolin,4,Covered,N,N,N,2025-04-03,2026-04-30,FormularyManager
FRM000629,PLAN002,57892185137,Singulair,4,Covered,N,N,N,2025-12-04,2026-08-30,FormularyManager
FRM000630,PLAN011,24945550574,Protonix,1,Covered,Y,N,Y,2025-01-13,2026-01-14,FormularyManager
FRM000631,PLAN011,21421615389,Lasix,2,Covered,N,N,Y,2025-09-18,2027-04-17,FormularyManager
FRM000632,PLAN002,70149202243,Neurontin,2,Non-Preferred,N,N,N,2026-02-12,2027-08-18,FormularyManager
FRM000633,PLAN016,69207755847,Crestor,3,Covered,N,N,N,2026-03-20,2026-11-15,FormularyManager
FRM000634,PLAN012,92373928763,Microzide,2,Covered,N,N,Y,2025-08-18,2026-08-28,FormularyManager
FRM000635,PLAN003,13245368747,Norvasc,5,Covered,Y,N,N,2025-04-06,2027-01-24,FormularyManager
FRM000636,PLAN001,26004482228,Vibramycin,4,Non-Preferred,N,N,N,2025-11-02,2027-08-10,FormularyManager
FRM000637,PLAN005,28814780756,Microzide,2,Covered,N,N,Y,2024-10-02,2025-11-02,FormularyManager
FRM000638,PLAN003,79510138828,Lasix,4,Covered,N,Y,N,2025-09-28,2026-04-24,FormularyManager
FRM000639,PLAN009,98558768029,Crestor,2,Covered,N,N,Y,2026-02-06,2027-03-11,FormularyManager
FRM000640,PLAN020,73362282174,Protonix,4,Covered,N,N,N,2026-04-13,2028-01-25,FormularyManager
FRM000641,PLAN016,59783584950,Humalog,1,Covered,N,N,N,2026-04-24,2027-01-10,FormularyManager
FRM000642,PLAN013,37195598538,Crestor,1,Non-Preferred,N,Y,N,2026-04-09,2028-02-11,FormularyManager
FRM000643,PLAN003,87507818254,Zoloft,3,Covered,N,N,N,2025-08-01,2026-10-02,FormularyManager
FRM000644,PLAN008,40842594127,Eliquis,5,Non-Preferred,N,N,N,2024-05-16,2025-01-27,FormularyManager
FRM000645,PLAN010,87455776031,Norvasc,2,Covered,N,N,N,2024-10-09,2026-07-22,FormularyManager
FRM000646,PLAN011,44983140537,Norvasc,1,Non-Preferred,N,N,Y,2024-06-15,2026-02-04,FormularyManager
FRM000647,PLAN008,59002120957,Cozaar,5,Covered,N,Y,N,2025-02-17,2026-10-05,FormularyManager
FRM000648,PLAN012,33167573583,Norvasc,4,Covered,N,N,Y,2024-12-16,2026-07-24,FormularyManager
FRM000649,PLAN010,55655209298,Coreg,1,Covered,N,N,N,2024-08-25,2025-07-15,FormularyManager
FRM000650,PLAN019,70444329131,Jardiance,3,Non-Preferred,N,N,Y,2024-03-23,2026-01-06,FormularyManager
FRM000651,PLAN004,58257248865,Synthroid,4,Covered,N,N,N,2024-03-30,2025-05-30,FormularyManager
FRM000652,PLAN013,98323115551,Lopressor,2,Covered,N,N,N,2026-03-24,2027-11-20,FormularyManager
FRM000653,PLAN020,57089942274,Cymbalta,2,Covered,Y,N,N,2024-07-08,2025-06-19,FormularyManager
FRM000654,PLAN018,24514910454,Singulair,2,Covered,N,N,N,2024-02-15,2024-12-16,FormularyManager
FRM000655,PLAN004,10424211436,Singulair,4,Covered,Y,N,Y,2026-03-27,2027-11-11,FormularyManager
FRM000656,PLAN018,75313622617,Plavix,2,Covered,N,N,N,2024-05-15,2025-09-11,FormularyManager
FRM000657,PLAN007,61425622844,Januvia,2,Covered,Y,N,N,2025-11-19,2027-11-13,FormularyManager
FRM000658,PLAN016,11107186150,Plavix,3,Covered,N,Y,Y,2025-05-13,2026-08-20,FormularyManager
FRM000659,PLAN008,25092429310,Jardiance,0,Covered,Y,N,N,2024-11-10,2025-08-22,FormularyManager
FRM000660,PLAN016,20775807220,Ventolin,2,Covered,N,N,N,2024-07-16,2025-02-09,FormularyManager
FRM000661,PLAN005,25964239840,Wellbutrin,5,Covered,N,N,N,2025-07-28,2027-07-09,FormularyManager
FRM000662,PLAN019,82475457780,Microzide,1,Excluded,N,Y,N,2025-07-27,2027-06-22,FormularyManager
FRM000663,PLAN004,96959249363,Cymbalta,5,Covered,N,Y,N,2025-07-10,2026-11-17,FormularyManager
FRM000664,PLAN001,12914717458,Singulair,5,Non-Preferred,N,N,N,2024-09-17,2026-05-13,FormularyManager
FRM000665,PLAN018,52583690494,Lipitor,1,Excluded,N,N,Y,2025-07-28,2026-02-25,FormularyManager
FRM000666,PLAN001,80264600050,Crestor,5,Covered,N,N,N,2024-04-09,2025-12-16,FormularyManager
FRM000667,PLAN005,37158569890,Aldactone,1,Covered,N,N,N,2025-04-25,2027-01-04,FormularyManager
FRM000668,PLAN009,76744433751,Ozempic,3,Non-Preferred,N,N,N,2025-02-28,2026-12-21,FormularyManager
FRM000669,PLAN018,12250369486,Cymbalta,1,Covered,N,Y,N,2024-09-03,2026-07-28,FormularyManager
FRM000670,PLAN008,95046320178,Singulair,5,Covered,N,N,N,2024-07-20,2026-03-12,FormularyManager
FRM000671,PLAN003,82475457780,Microzide,2,Covered,N,N,N,2024-04-20,2025-03-12,FormularyManager
FRM000672,PLAN001,47958975815,Lipitor,3,Covered,N,N,N,2024-08-06,2026-04-10,FormularyManager
FRM000673,PLAN010,56133530192,Wellbutrin,3,Covered,Y,N,N,2025-06-11,2026-06-24,FormularyManager
FRM000674,PLAN014,47499455138,Crestor,5,Covered,N,N,Y,2026-01-29,2027-12-04,FormularyManager
FRM000675,PLAN006,67041360337,Coreg,4,Non-Preferred,N,N,N,2024-06-08,2026-05-27,FormularyManager
FRM000676,PLAN008,45479462789,Lopressor,5,Covered,N,Y,N,2025-03-06,2026-03-29,FormularyManager
FRM000677,PLAN018,22366963895,Neurontin,1,Covered,N,N,N,2024-07-23,2025-08-30,FormularyManager
FRM000678,PLAN014,23885768970,Microzide,5,Covered,N,N,N,2025-05-24,2026-04-05,FormularyManager
FRM000679,PLAN015,18139712589,Eliquis,5,Covered,Y,N,N,2024-01-04,2025-03-24,FormularyManager
FRM000680,PLAN012,41217651162,Prilosec,3,Covered,N,N,N,2025-03-28,2027-01-20,FormularyManager
FRM000681,PLAN001,44872908135,Cymbalta,4,Covered,Y,N,N,2026-04-08,2027-06-04,FormularyManager
FRM000682,PLAN010,63764194169,Jardiance,4,Excluded,N,N,N,2025-08-02,2026-02-26,FormularyManager
FRM000683,PLAN014,21322844418,Jardiance,1,Covered,Y,N,N,2024-09-29,2025-09-04,FormularyManager
FRM000684,PLAN016,24931475984,Cozaar,3,Covered,Y,N,N,2024-10-12,2025-11-25,FormularyManager
FRM000685,PLAN008,20729975921,Lipitor,5,Covered,N,N,Y,2026-01-18,2026-08-31,FormularyManager
FRM000686,PLAN007,62840208185,Crestor,4,Covered,N,N,N,2025-07-09,2026-06-29,FormularyManager
FRM000687,PLAN019,31553546728,Lasix,4,Covered,N,N,N,2025-06-19,2026-03-22,FormularyManager
FRM000688,PLAN010,27539452320,Eliquis,9,Non-Preferred,N,N,N,2024-11-05,2026-10-28,FormularyManager
FRM000689,PLAN009,98076393354,Neurontin,4,Excluded,N,N,Y,2025-08-22,2026-10-15,FormularyManager
FRM000690,PLAN004,42374213026,Plavix,1,Non-Preferred,N,N,Y,2025-01-07,2025-11-17,FormularyManager
FRM000691,PLAN010,31028872249,Prinivil,3,Non-Preferred,N,N,N,2025-06-16,2026-07-31,FormularyManager
FRM000692,PLAN008,38999870858,Jardiance,5,Covered,N,N,N,2025-03-21,2026-12-01,FormularyManager
FRM000693,PLAN008,84458290728,Humalog,2,Non-Preferred,N,N,N,2025-07-12,2027-04-24,FormularyManager
FRM000694,PLAN016,82718305778,Prilosec,3,Non-Preferred,N,N,N,2025-10-13,2027-09-04,FormularyManager
FRM000695,PLAN004,37677228163,Prilosec,5,Covered,Y,N,N,2025-07-11,2027-05-27,FormularyManager
FRM000696,PLAN010,47734931755,Norvasc,2,Excluded,N,N,N,2024-04-21,2026-01-10,FormularyManager
FRM000697,PLAN012,86890799081,Norvasc,2,Covered,N,N,N,2024-08-31,2025-08-26,FormularyManager
FRM000698,PLAN015,45970496271,Synthroid,4,Covered,N,N,Y,2026-04-09,2026-12-22,FormularyManager
FRM000699,PLAN014,48632631955,Protonix,4,Non-Preferred,N,N,N,2024-10-22,2026-03-01,FormularyManager
FRM000700,PLAN011,90728447630,Ventolin,3,Covered,N,N,Y,2024-01-09,2025-05-19,FormularyManager
FRM000701,PLAN007,76004568133,Ozempic,1,Covered,Y,N,Y,2024-10-12,2026-04-12,FormularyManager
FRM000702,PLAN014,63943747887,Synthroid,1,Covered,Y,N,N,2024-06-18,2025-06-28,FormularyManager
FRM000703,PLAN005,72668546049,Ventolin,2,Covered,N,N,Y,2024-08-24,2025-09-25,FormularyManager
FRM000704,PLAN009,22313207361,Jardiance,2,Covered,N,N,N,2026-04-21,2027-11-14,FormularyManager
FRM000705,PLAN019,61966238250,Neurontin,2,Covered,N,N,Y,2024-02-29,2025-06-05,FormularyManager
FRM000706,PLAN014,20972530362,Cymbalta,5,Covered,N,N,Y,2024-05-04,2024-11-19,FormularyManager
FRM000707,PLAN003,68762387095,Eliquis,1,Covered,N,N,Y,2024-07-24,2026-07-03,FormularyManager
FRM000708,PLAN013,73362282174,Protonix,2,Covered,N,N,N,2024-04-15,2025-11-26,FormularyManager
FRM000709,PLAN017,39764892488,Synthroid,2,Non-Preferred,N,N,N,2024-09-22,2025-04-28,FormularyManager
FRM000710,PLAN015,12664783645,Singulair,2,Covered,N,N,N,2025-09-02,2026-11-09,FormularyManager
FRM000711,PLAN004,42883174115,Zoloft,5,Covered,N,N,N,2025-09-08,2026-10-27,FormularyManager
FRM000712,PLAN011,70221820796,Lipitor,4,Covered,N,N,N,2024-10-31,2025-12-06,FormularyManager
FRM000713,PLAN005,86680432854,Norvasc,5,Covered,Y,N,Y,2024-05-14,2025-10-03,FormularyManager
FRM000714,PLAN003,45865729198,Cymbalta,3,Covered,N,N,N,2024-09-17,2026-08-11,FormularyManager
FRM000715,PLAN002,40972267118,Lantus,2,Non-Preferred,N,N,N,2026-02-08,2027-06-22,FormularyManager
FRM000716,PLAN019,55406762387,Synthroid,3,Covered,N,N,N,2024-08-03,2025-04-19,FormularyManager
FRM000717,PLAN012,72171503347,Cozaar,5,Covered,N,N,N,2024-10-30,2026-04-08,FormularyManager
FRM000718,PLAN007,79775467157,Crestor,2,Covered,N,Y,N,2026-01-15,2026-10-10,FormularyManager
FRM000719,PLAN016,13289945916,Plavix,1,Covered,N,N,N,2026-03-15,2026-10-30,FormularyManager
FRM000720,PLAN012,65966563490,Ozempic,5,Covered,N,Y,Y,2024-07-25,2025-11-21,FormularyManager
FRM000721,PLAN007,12859564719,Glucophage,2,Covered,N,N,N,2025-01-12,2026-06-24,FormularyManager
FRM000722,PLAN001,60055684146,Neurontin,2,Covered,N,Y,N,2025-06-16,2026-04-29,FormularyManager
FRM000723,PLAN016,83727139018,Vibramycin,3,Covered,N,N,N,2025-02-18,2026-07-27,FormularyManager
FRM000724,PLAN007,91233214850,Eliquis,3,Non-Preferred,N,N,N,2024-03-29,2025-08-19,FormularyManager
FRM000725,PLAN003,74039272223,Prinivil,1,Covered,Y,N,N,2025-09-19,2027-05-06,FormularyManager
FRM000726,PLAN001,89307815129,Vibramycin,3,Covered,N,N,Y,2025-03-13,2025-09-12,FormularyManager
FRM000727,PLAN003,98361822465,Lopressor,3,Covered,N,N,N,2025-05-08,2026-10-02,FormularyManager
FRM000728,PLAN006,19771699369,Lantus,3,,Y,N,N,2025-07-15,2027-04-13,FormularyManager
FRM000729,PLAN008,55753696537,Zoloft,5,Non-Preferred,N,N,Y,2025-09-25,2027-01-15,FormularyManager
FRM000730,PLAN006,66887309527,Microzide,4,Covered,N,N,N,2026-04-21,2027-11-12,FormularyManager
FRM000731,PLAN004,44198336110,Humalog,2,Covered,N,N,Y,2024-02-27,2026-01-31,FormularyManager
FRM000732,PLAN004,33745564480,Prozac,5,Covered,N,N,N,2025-10-18,2026-09-21,FormularyManager
FRM000733,PLAN020,41577609162,Vibramycin,5,Covered,N,N,Y,2024-08-27,2025-07-02,FormularyManager
FRM000734,PLAN011,58914968790,Plavix,3,Non-Preferred,Y,N,N,2025-05-15,2026-07-29,FormularyManager
FRM000735,PLAN020,19307837771,Protonix,5,Covered,N,N,Y,2025-01-12,2025-10-14,FormularyManager
FRM000736,PLAN002,27306655329,Coreg,5,Covered,N,N,N,2024-05-08,2025-03-10,FormularyManager
FRM000737,PLAN004,52004247373,Eliquis,1,Non-Preferred,N,N,Y,2025-11-24,2026-09-04,FormularyManager
FRM000738,PLAN004,21424930580,Glucophage,3,Covered,Y,N,N,2025-06-25,2026-09-14,FormularyManager
FRM000739,PLAN008,14612321460,Singulair,5,Covered,N,N,Y,2026-03-07,2027-04-03,FormularyManager
FRM000740,PLAN014,67141494586,Neurontin,2,Non-Preferred,N,N,N,2025-12-07,2027-02-10,FormularyManager
FRM000741,PLAN005,57675334230,Protonix,5,Covered,N,N,N,2024-10-08,2025-11-26,FormularyManager
FRM000742,PLAN003,99918121569,Januvia,1,Covered,N,N,N,2026-02-27,2026-09-04,FormularyManager
FRM000743,PLAN008,54348747469,Cozaar,1,Covered,N,N,Y,2025-07-05,2026-08-13,FormularyManager
FRM000744,PLAN018,56356748535,FORMULARY NAME MISMATCH,2,Covered,N,Y,N,2024-08-01,2025-04-02,FormularyManager
FRM000745,PLAN006,29586954162,Synthroid,5,Non-Preferred,Y,N,N,2025-11-06,2026-08-25,FormularyManager
FRM000746,PLAN017,27990184869,Aldactone,5,Covered,N,N,Y,2024-09-12,2026-02-01,FormularyManager
FRM000747,PLAN005,51057281520,Singulair,4,Covered,N,Y,Y,2024-09-07,2025-06-18,FormularyManager
FRM000748,PLAN012,21904569624,Wellbutrin,3,Covered,N,N,N,2026-04-17,2027-09-14,FormularyManager
FRM000749,PLAN006,63128504045,Lipitor,2,Covered,N,N,N,2025-05-01,2025-12-20,FormularyManager
FRM000750,PLAN009,51269588679,Zoloft,2,Non-Preferred,N,N,N,2024-10-12,2025-05-12,FormularyManager
FRM000751,PLAN011,77783196614,Zoloft,2,Non-Preferred,N,Y,N,2025-06-20,2027-02-14,FormularyManager
FRM000752,PLAN011,30333466448,Lopressor,2,Covered,N,N,N,2024-08-19,2026-05-11,FormularyManager
FRM000753,PLAN017,63116718685,Prilosec,1,Covered,N,N,N,2026-03-20,2027-11-01,FormularyManager
FRM000754,PLAN015,98076393354,Neurontin,5,Covered,Y,N,Y,2024-05-12,2025-11-04,FormularyManager
FRM000755,PLAN008,69710507219,Prilosec,1,Non-Preferred,Y,Y,N,2025-05-30,2026-05-22,FormularyManager
FRM000756,PLAN010,85922868666,Crestor,1,Non-Preferred,Y,Y,N,2026-01-01,2027-09-23,FormularyManager
FRM000757,PLAN013,31559714166,Lantus,5,Covered,N,Y,N,2024-05-11,2026-03-12,FormularyManager
FRM000758,PLAN005,99532189053,Neurontin,4,Covered,N,N,N,2024-12-14,2026-07-23,FormularyManager
FRM000759,PLAN008,74966631014,Cozaar,5,Covered,N,N,N,2025-02-22,2026-04-10,FormularyManager
FRM000760,PLAN015,49169824284,Crestor,5,Covered,N,N,N,2026-02-22,2026-09-05,FormularyManager
FRM000761,PLAN009,88689159412,Synthroid,2,Covered,N,N,N,2025-11-25,2026-09-23,FormularyManager
FRM000762,PLAN006,65812527931,Microzide,5,Covered,N,N,N,2025-10-31,2026-10-25,FormularyManager
FRM000763,PLAN005,26911839819,Zoloft,1,Covered,N,Y,Y,2024-07-23,2025-08-25,FormularyManager
FRM000764,PLAN002,76841912411,Neurontin,0,Covered,Y,N,Y,2026-02-25,2027-09-04,FormularyManager
FRM000765,PLAN008,11605697119,Lipitor,4,Covered,Y,N,N,2024-11-20,2025-10-31,FormularyManager
FRM000766,PLAN013,50757578276,Zoloft,5,Excluded,N,N,Y,2024-04-15,2026-01-13,FormularyManager
FRM000767,PLAN015,22287685065,Wellbutrin,3,Non-Preferred,N,N,N,2024-03-25,2026-01-15,FormularyManager
FRM000768,PLAN002,45395582883,Prinivil,1,Non-Preferred,Y,N,N,2026-04-28,2027-05-03,FormularyManager
FRM000769,PLAN005,14904163164,Eliquis,5,Covered,N,N,N,2024-05-12,2025-08-07,FormularyManager
FRM000770,PLAN019,94421963775,Lipitor,2,Excluded,N,Y,N,2024-01-23,2025-12-10,FormularyManager
FRM000771,PLAN017,97142643090,Aldactone,1,Covered,N,Y,N,2025-06-06,2027-01-13,FormularyManager
FRM000772,PLAN005,52800745415,Microzide,2,Non-Preferred,N,N,N,2024-02-21,2026-01-20,FormularyManager
FRM000773,PLAN020,14612321460,Singulair,5,Covered,N,N,N,2024-01-15,2025-12-01,FormularyManager
FRM000774,PLAN015,31265213479,Cymbalta,3,Covered,N,N,N,2025-01-21,2025-11-04,FormularyManager
FRM000775,PLAN014,39764892488,Synthroid,5,Non-Preferred,N,N,Y,2024-11-10,2026-01-12,FormularyManager
FRM000776,PLAN004,60986106546,Singulair,3,Covered,Y,N,N,2025-03-10,2026-09-06,FormularyManager
FRM000777,PLAN015,40802338292,Januvia,1,Covered,N,N,N,2025-11-21,2026-05-23,FormularyManager
FRM000778,PLAN003,68129441146,Aldactone,4,Covered,Y,Y,Y,2024-11-16,2026-05-15,FormularyManager
FRM000779,PLAN017,75313622617,Plavix,3,Excluded,N,N,Y,2025-01-01,2026-03-28,FormularyManager
FRM000780,PLAN011,52855896229,Neurontin,1,Excluded,N,N,N,2025-04-25,2026-07-02,FormularyManager
FRM000781,PLAN013,13165383624,Lasix,1,Covered,N,N,N,2024-12-06,2026-09-19,FormularyManager
FRM000782,PLAN011,20858309589,Wellbutrin,1,Excluded,Y,N,N,2025-05-11,2027-04-14,FormularyManager
FRM000783,PLAN017,93669729418,Prozac,2,Covered,Y,N,N,2024-04-12,2025-09-27,FormularyManager
FRM000784,PLAN001,92373928763,Microzide,3,Covered,N,N,N,2025-09-10,2027-03-06,FormularyManager
FRM000785,PLAN016,70003467749,Lopressor,3,Covered,N,N,N,2026-05-01,2027-05-12,FormularyManager
FRM000786,PLAN009,16584910720,Prilosec,3,Covered,Y,N,N,2024-12-16,2026-02-18,FormularyManager
FRM000787,PLAN004,95762624064,Humalog,1,Covered,Y,N,N,2026-02-22,2026-11-01,FormularyManager
FRM000788,PLAN005,32903672787,Glucophage,4,Covered,N,N,Y,2024-09-08,2026-03-25,FormularyManager
FRM000789,PLAN003,61687887076,Januvia,1,Covered,Y,N,N,2026-05-26,2026-12-15,FormularyManager
FRM000790,PLAN019,26672598156,Lopressor,1,,N,N,Y,2025-03-17,2025-12-09,FormularyManager
FRM000791,PLAN002,64540939887,Lopressor,4,Non-Preferred,N,N,Y,2024-05-24,2026-01-11,FormularyManager
FRM000792,PLAN008,18150603280,Microzide,4,Covered,N,N,Y,2024-03-08,2024-09-20,FormularyManager
FRM000793,PLAN009,28309735158,Aldactone,5,Covered,N,N,N,2024-11-27,2025-11-11,FormularyManager
FRM000794,PLAN009,49564701468,Synthroid,5,Non-Preferred,N,N,N,2026-01-01,2026-12-31,FormularyManager
FRM000795,PLAN008,54145454630,Coreg,4,Covered,N,N,N,2024-12-11,2026-08-24,FormularyManager
FRM000796,PLAN012,61102807993,Humalog,2,Covered,N,N,N,2025-03-11,2026-08-08,FormularyManager
FRM000797,PLAN005,87507818254,Zoloft,5,Covered,N,N,Y,2025-06-24,2026-04-26,FormularyManager
FRM000798,PLAN015,51269588679,Zoloft,4,Covered,N,N,N,2025-05-29,2026-01-14,FormularyManager
FRM000799,PLAN005,52855896229,Neurontin,4,Covered,Y,Y,Y,2025-02-07,2026-12-21,FormularyManager
FRM000800,PLAN007,24069146482,Lopressor,5,Covered,N,N,N,2024-04-07,2025-04-05,FormularyManager
FRM000801,PLAN005,35251160755,Lopressor,3,Covered,N,Y,N,2026-05-25,2026-12-19,FormularyManager
FRM000802,PLAN005,14546502462,Aldactone,5,Covered,N,N,Y,2026-02-16,2026-08-15,FormularyManager
FRM000803,PLAN018,57036754977,Lantus,1,Covered,Y,N,Y,2025-09-13,2027-03-16,FormularyManager
FRM000804,PLAN011,20095590189,Cozaar,5,Covered,N,N,N,2024-11-14,2025-07-06,FormularyManager
FRM000805,PLAN013,94312952831,Lasix,4,Covered,N,N,N,2025-07-12,2026-12-03,FormularyManager
FRM000806,PLAN020,19696653191,Glucophage,1,Covered,N,Y,N,2026-02-27,2027-11-17,FormularyManager
FRM000807,PLAN005,54145454630,Coreg,2,Covered,N,N,N,2024-09-30,2025-09-07,FormularyManager
FRM000808,PLAN020,68430498393,Ozempic,3,Covered,N,N,Y,2026-05-09,2028-02-25,FormularyManager
FRM000809,PLAN006,52954526623,Zoloft,4,Covered,N,N,N,2025-11-08,2027-10-02,FormularyManager
FRM000810,PLAN018,68335772779,Januvia,5,Non-Preferred,N,N,N,2025-01-19,2026-04-01,FormularyManager
FRM000811,PLAN004,15456605232,Prilosec,4,Covered,N,N,Y,2026-05-03,2028-03-03,FormularyManager
FRM000812,PLAN016,96381286924,Singulair,3,Covered,N,N,N,2024-05-13,2025-10-02,FormularyManager
FRM000813,PLAN001,52398869460,Prilosec,1,Covered,N,N,N,2024-06-03,2025-11-02,FormularyManager
FRM000814,PLAN012,66700177485,Singulair,1,Covered,Y,N,N,2024-06-22,2025-03-02,FormularyManager
FRM000815,PLAN010,20641978938,Zoloft,3,Covered,N,N,Y,2026-03-12,2028-01-05,FormularyManager
FRM000816,PLAN018,12250369486,Cymbalta,1,Covered,Y,Y,Y,2025-02-06,2026-12-18,FormularyManager
FRM000817,PLAN002,31620645567,Neurontin,4,Non-Preferred,N,N,N,2025-09-11,2027-06-16,FormularyManager
FRM000818,PLAN015,52550652494,Cymbalta,2,Non-Preferred,N,N,N,2024-05-18,2026-04-03,FormularyManager
FRM000819,PLAN012,83483861176,Cymbalta,2,Covered,N,Y,Y,2025-10-14,2026-07-19,FormularyManager
FRM000820,PLAN001,22187365237,Cozaar,1,Excluded,N,N,N,2024-07-07,2026-04-18,FormularyManager
FRM000821,PLAN007,58140162291,Eliquis,1,Covered,Y,N,Y,2024-09-22,2025-09-08,FormularyManager
FRM000822,PLAN014,87424262238,Lopressor,2,Non-Preferred,Y,N,N,2025-08-18,2027-04-08,FormularyManager
FRM000823,PLAN018,97186359837,Synthroid,1,Covered,Y,Y,N,2026-04-06,2027-05-26,FormularyManager
FRM000824,PLAN009,73434787752,Glucophage,4,Non-Preferred,N,N,N,2024-08-17,2025-07-08,FormularyManager
FRM000825,PLAN018,18554568464,Cozaar,3,Covered,Y,N,Y,2024-08-07,2025-05-14,FormularyManager
FRM000826,PLAN008,90122185551,Januvia,1,Covered,Y,N,N,2025-11-13,2027-02-03,FormularyManager
FRM000827,PLAN014,18032796468,Synthroid,3,Covered,Y,N,Y,2025-06-22,2026-02-22,FormularyManager
FRM000828,PLAN004,17029875612,Plavix,5,Covered,N,N,N,2024-03-07,2025-04-06,FormularyManager
FRM000829,PLAN006,47585215820,Glucophage,1,Covered,Y,N,N,2025-12-10,2027-10-25,FormularyManager
FRM000830,PLAN016,95394474535,Cymbalta,1,Covered,N,N,N,2026-02-16,2027-10-28,FormularyManager
FRM000831,PLAN010,51792496033,Januvia,2,Excluded,N,N,N,2026-05-24,2027-02-07,FormularyManager
FRM000832,PLAN014,45865729198,Cymbalta,3,Covered,N,N,N,2024-06-06,2025-09-04,FormularyManager
FRM000833,PLAN003,93474724778,Lantus,1,Covered,N,N,N,2026-01-01,2027-07-07,FormularyManager
FRM000834,PLAN006,10849291063,FORMULARY NAME MISMATCH,1,Covered,N,Y,N,2025-11-18,2026-09-05,FormularyManager
FRM000835,PLAN013,49954258793,Coreg,1,Covered,Y,N,Y,2026-04-17,2027-08-16,FormularyManager
FRM000836,PLAN016,31189367180,Lasix,5,Covered,Y,N,N,2024-11-22,2025-06-28,FormularyManager
FRM000837,PLAN006,22313207361,Jardiance,2,Covered,Y,N,Y,2025-05-30,2026-12-12,FormularyManager
FRM000838,PLAN005,53358319960,Lantus,4,Covered,Y,Y,N,2025-08-21,2027-05-30,FormularyManager
FRM000839,PLAN012,38721413264,Norvasc,1,Covered,N,N,N,2025-07-28,2026-07-01,FormularyManager
FRM000840,PLAN004,85417501813,Wellbutrin,5,Covered,N,N,N,2025-02-04,2026-05-31,FormularyManager
FRM000841,PLAN003,77393477110,Lantus,1,Excluded,Y,N,N,2024-08-21,2026-07-23,FormularyManager
FRM000842,PLAN009,31620645567,Neurontin,2,Covered,N,N,Y,2025-04-06,2027-03-19,FormularyManager
FRM000843,PLAN015,18987102928,Plavix,5,Covered,N,N,Y,2025-07-01,2027-04-26,FormularyManager
FRM000844,PLAN014,55296874591,Synthroid,1,Non-Preferred,N,N,N,2026-01-02,2026-10-05,FormularyManager
FRM000845,PLAN008,39273980031,Vibramycin,2,Covered,Y,N,N,2024-04-28,2025-12-24,FormularyManager
FRM000846,PLAN003,93139577848,Protonix,1,Covered,N,N,N,2025-10-24,2027-03-12,FormularyManager
FRM000847,PLAN005,99338867913,Prinivil,5,Covered,N,Y,N,2025-01-02,2026-04-27,FormularyManager
FRM000848,PLAN012,99024156725,Zoloft,1,Covered,Y,N,N,2024-08-19,2026-06-04,FormularyManager
FRM000849,PLAN010,56084952427,Humalog,1,Non-Preferred,N,N,Y,2025-11-24,2026-05-26,FormularyManager
FRM000850,PLAN020,92139958992,Eliquis,3,Covered,Y,N,N,2025-10-22,2027-08-02,FormularyManager
FRM000851,PLAN006,74192691278,Prilosec,1,Covered,Y,N,Y,2024-05-25,2026-05-18,FormularyManager
FRM000852,PLAN020,61916924081,Ventolin,5,Covered,N,N,N,2024-10-14,2025-09-25,FormularyManager
FRM000853,PLAN015,31265213479,Cymbalta,1,Covered,N,N,N,2026-03-29,2027-02-14,FormularyManager
FRM000854,PLAN015,68817261549,Humalog,2,Covered,N,N,N,2024-01-20,2025-12-24,FormularyManager
FRM000855,PLAN002,52812397130,Ozempic,2,Covered,N,N,N,2025-01-07,2025-08-05,FormularyManager
FRM000856,PLAN020,47494236310,Lipitor,5,Covered,N,N,N,2026-04-26,2026-11-18,FormularyManager
FRM000857,PLAN013,46449302181,Aldactone,4,Excluded,N,N,N,2026-01-27,2026-11-25,FormularyManager
FRM000858,PLAN011,76841912411,Neurontin,4,Covered,N,Y,N,2025-04-06,2026-01-21,FormularyManager
FRM000859,PLAN010,94487791738,FORMULARY NAME MISMATCH,5,Non-Preferred,N,N,N,2024-02-07,2025-10-31,FormularyManager
FRM000860,PLAN002,95095862344,Singulair,5,Covered,Y,N,Y,2024-10-13,2025-07-21,FormularyManager
FRM000861,PLAN020,61137801874,Vibramycin,5,Covered,N,N,N,2025-01-08,2026-07-11,FormularyManager
FRM000862,PLAN014,40538581357,Crestor,5,Covered,Y,N,Y,2024-12-15,2025-11-21,FormularyManager
FRM000863,PLAN015,64140385391,Singulair,2,Covered,N,N,Y,2026-02-08,2028-01-25,FormularyManager
FRM000864,PLAN013,74359942977,Lasix,5,Covered,N,N,Y,2025-06-23,2026-06-01,FormularyManager
FRM000865,PLAN018,80745561821,Singulair,2,Covered,N,N,Y,2025-09-24,2026-08-09,FormularyManager
FRM000866,PLAN006,13165383624,Lasix,2,Covered,Y,N,N,2026-04-12,2027-01-15,FormularyManager
FRM000867,PLAN003,93961156923,Singulair,1,Non-Preferred,N,N,Y,2026-01-24,2027-03-26,FormularyManager
FRM000868,PLAN010,55068365571,Lipitor,3,Covered,Y,N,N,2024-07-22,2026-07-20,FormularyManager
FRM000869,PLAN004,59049568585,Eliquis,3,Covered,N,Y,N,2025-12-04,2027-04-26,FormularyManager
FRM000870,PLAN012,66607667644,Glucophage,5,Covered,N,N,N,2026-04-22,2026-11-19,FormularyManager
FRM000871,PLAN019,76373444921,Aldactone,2,Covered,N,N,N,2026-04-02,2027-07-14,FormularyManager
FRM000872,PLAN004,92809819256,Wellbutrin,2,Excluded,N,N,N,2025-07-05,2026-03-30,FormularyManager
FRM000873,PLAN002,51664216971,Prozac,1,Covered,Y,N,N,2025-05-01,2027-01-26,FormularyManager
FRM000874,PLAN004,52954526623,Zoloft,5,Covered,N,N,Y,2024-06-05,2026-05-21,FormularyManager
FRM000875,PLAN014,86002397952,Prilosec,1,Covered,Y,N,Y,2025-03-28,2026-08-04,FormularyManager
FRM000876,PLAN007,65464801075,Lipitor,3,Covered,N,N,Y,2024-04-07,2025-10-04,FormularyManager
FRM000877,PLAN011,15134521550,Wellbutrin,4,Non-Preferred,Y,N,N,2024-08-02,2025-12-25,FormularyManager
FRM000878,PLAN004,31189367180,Lasix,4,Covered,N,N,N,2024-04-18,2025-08-07,FormularyManager
FRM000879,PLAN004,55406762387,Synthroid,1,Covered,N,Y,N,2024-06-26,2025-05-20,FormularyManager
FRM000880,PLAN005,37195598538,Crestor,1,Covered,N,N,N,2025-07-20,2026-01-31,FormularyManager
FRM000881,PLAN014,17204851877,Lexapro,4,Non-Preferred,N,N,N,2025-08-24,2027-04-28,FormularyManager
FRM000882,PLAN016,85778839614,Ventolin,2,Non-Preferred,N,N,N,2024-01-17,2025-06-25,FormularyManager
FRM000883,PLAN013,60339121610,Prinivil,5,Covered,N,N,N,2026-01-05,2026-07-18,FormularyManager
FRM000884,PLAN018,84538386197,Aldactone,2,Covered,Y,N,N,2025-04-25,2026-12-21,FormularyManager
FRM000885,PLAN011,38750191648,Neurontin,3,Covered,N,N,N,2026-01-29,2027-05-13,FormularyManager
FRM000886,PLAN009,80822802269,Coreg,4,Covered,N,N,N,2026-02-25,2027-03-28,FormularyManager
FRM000887,PLAN007,51098510786,Glucophage,2,Covered,N,N,N,2024-06-19,2025-07-24,FormularyManager
FRM000888,PLAN008,15585457750,Lipitor,5,Covered,N,N,N,2025-08-01,2027-02-15,FormularyManager
FRM000889,PLAN008,66700177485,Singulair,2,Non-Preferred,Y,N,N,2026-04-19,2027-12-03,FormularyManager
FRM000890,PLAN020,26801997786,Ozempic,3,Covered,N,N,N,2025-01-18,2025-12-05,FormularyManager
FRM000891,PLAN005,60036280484,Ventolin,2,Covered,N,N,N,2025-09-28,2027-02-07,FormularyManager
FRM000892,PLAN013,98617171442,Lantus,2,Covered,Y,N,Y,2024-05-11,2025-04-10,FormularyManager
FRM000893,PLAN013,96688660979,Januvia,1,Non-Preferred,Y,N,N,2024-08-07,2025-07-25,FormularyManager
FRM000894,PLAN001,85922868666,Crestor,2,Covered,N,N,Y,2024-10-06,2025-11-12,FormularyManager
FRM000895,PLAN015,44905932967,Lasix,5,Covered,N,N,N,2024-02-01,2025-08-21,FormularyManager
FRM000896,PLAN017,93785641343,Lexapro,5,Non-Preferred,N,N,N,2025-09-03,2026-11-28,FormularyManager
FRM000897,PLAN017,50146274292,Vibramycin,1,Covered,N,N,N,2024-08-19,2025-03-06,FormularyManager
FRM000898,PLAN001,49169824284,Crestor,5,Covered,N,N,N,2024-03-25,2024-11-03,FormularyManager
FRM000899,PLAN016,44770351942,Lantus,5,Covered,N,N,Y,2024-07-23,2025-07-21,FormularyManager
FRM000900,PLAN012,40081577678,Januvia,1,Covered,N,Y,N,2025-12-13,2027-10-19,FormularyManager
FRM000901,PLAN005,37677228163,Prilosec,2,Covered,N,N,N,2025-09-27,2027-09-01,FormularyManager
FRM000902,PLAN008,62002626144,Lexapro,3,Covered,N,N,N,2026-02-13,2027-09-18,FormularyManager
FRM000903,PLAN018,81267869985,Aldactone,1,Non-Preferred,N,N,Y,2024-06-12,2025-03-31,FormularyManager
FRM000904,PLAN003,92790872997,Plavix,2,Non-Preferred,Y,N,N,2025-02-03,2026-06-30,FormularyManager
FRM000905,PLAN009,85778839614,Ventolin,3,Non-Preferred,N,N,Y,2025-06-23,2026-07-25,FormularyManager
FRM000906,PLAN006,68762387095,Eliquis,1,Covered,N,N,N,2026-02-28,2028-02-06,FormularyManager
FRM000907,PLAN008,94835111213,Ventolin,3,Covered,N,N,N,2025-11-20,2027-06-03,FormularyManager
FRM000908,PLAN004,48777918537,Protonix,3,Non-Preferred,N,N,Y,2025-03-20,2027-01-24,FormularyManager
FRM000909,PLAN016,15134521550,Wellbutrin,3,Covered,N,N,N,2026-03-22,2027-02-23,FormularyManager
FRM000910,PLAN014,80822802269,Coreg,3,Covered,Y,N,N,2024-12-09,2025-07-17,FormularyManager
FRM000911,PLAN009,82822319745,Crestor,5,Covered,N,Y,N,2025-07-25,2026-11-14,FormularyManager
FRM000912,PLAN003,42994769258,UNKNOWN BRAND DRG00150,5,Covered,Y,N,N,2025-02-06,2026-02-22,FormularyManager
FRM000913,PLAN020,76115147727,Lantus,4,Covered,N,N,N,2026-06-01,2026-11-28,FormularyManager
FRM000914,PLAN011,98755861361,Prozac,5,Covered,N,N,N,2025-10-29,2026-05-03,FormularyManager
FRM000915,PLAN012,91497433316,Prinivil,1,Covered,N,N,N,2024-12-17,2026-11-12,FormularyManager
FRM000916,PLAN007,40943424631,Wellbutrin,3,Non-Preferred,N,N,N,2025-05-29,2026-08-20,FormularyManager
FRM000917,PLAN005,44047392978,Januvia,1,Non-Preferred,N,Y,N,2025-09-03,2026-12-12,FormularyManager
FRM000918,PLAN009,52087160927,Januvia,2,Non-Preferred,N,N,N,2024-02-21,2025-11-29,FormularyManager
FRM000919,PLAN013,99918121569,Januvia,6,Covered,N,N,N,2026-03-10,2027-03-23,FormularyManager
FRM000920,PLAN005,49498489686,Eliquis,4,Covered,N,N,N,2024-07-19,2025-12-08,FormularyManager
FRM000921,PLAN014,47958975815,Lipitor,1,Non-Preferred,N,N,Y,2026-02-12,2027-05-06,FormularyManager
FRM000922,PLAN009,60804702793,Wellbutrin,5,Non-Preferred,N,N,N,2024-07-19,2025-06-05,FormularyManager
FRM000923,PLAN019,39238700621,Prozac,5,Covered,N,N,N,2024-05-30,2025-05-16,FormularyManager
FRM000924,PLAN008,75670258359,Cymbalta,3,Excluded,N,N,N,2025-06-13,2027-02-08,FormularyManager
FRM000925,PLAN001,40842594127,Eliquis,1,Covered,N,N,N,2024-02-21,2025-02-17,FormularyManager
FRM000926,PLAN010,20858309589,Wellbutrin,1,Covered,N,N,N,2025-05-07,2027-01-05,FormularyManager
FRM000927,PLAN005,96269476252,Cozaar,2,Non-Preferred,N,N,N,2024-08-07,2026-07-19,FormularyManager
FRM000928,PLAN013,27560233760,Eliquis,1,Covered,N,N,N,2024-02-04,2025-03-05,FormularyManager
FRM000929,PLAN009,43873981962,Wellbutrin,5,Covered,N,N,N,2026-02-28,2027-07-07,FormularyManager
FRM000930,PLAN005,74359942977,Lasix,2,Covered,N,N,N,2024-11-29,2025-07-12,FormularyManager
FRM000931,PLAN015,96515232917,Norvasc,3,Non-Preferred,N,N,N,2025-09-20,2027-08-04,FormularyManager
FRM000932,PLAN010,50442763134,Plavix,4,Covered,N,N,N,2025-10-07,2027-08-04,FormularyManager
FRM000933,PLAN007,41322801585,Aldactone,1,Non-Preferred,N,N,N,2025-05-29,2026-06-17,FormularyManager
FRM000934,PLAN006,98755861361,Prozac,1,Excluded,N,Y,N,2025-05-02,2026-05-08,FormularyManager
FRM000935,PLAN017,65004145763,Januvia,3,Non-Preferred,N,Y,N,2026-05-26,2027-06-18,FormularyManager
FRM000936,PLAN008,26004482228,Vibramycin,2,Covered,Y,N,N,2026-04-19,2027-04-28,FormularyManager
FRM000937,PLAN008,26411345874,Prozac,3,,N,N,N,2024-04-18,2025-08-24,FormularyManager
FRM000938,PLAN015,50389239682,FORMULARY NAME MISMATCH,3,,N,N,N,2025-01-20,2026-05-22,FormularyManager
FRM000939,PLAN008,51850973745,Jardiance,5,Covered,N,N,N,2025-09-27,2026-05-16,FormularyManager
FRM000940,PLAN003,12664783645,Singulair,4,Covered,N,N,Y,2024-08-27,2025-07-15,FormularyManager
FRM000941,PLAN002,40773504873,Ozempic,2,Covered,N,N,N,2024-10-27,2025-05-26,FormularyManager
FRM000942,PLAN014,31559714166,Lantus,3,Covered,N,N,N,2025-03-14,2027-03-09,FormularyManager
FRM000943,PLAN011,96619649142,Zoloft,5,Covered,N,N,N,2024-01-28,2025-05-05,FormularyManager
FRM000944,PLAN007,31674507922,Protonix,2,Covered,N,N,N,2024-03-22,2024-12-20,FormularyManager
FRM000945,PLAN009,87009353291,Vibramycin,3,Covered,N,Y,N,2025-11-09,2026-09-14,FormularyManager
FRM000946,PLAN001,43240994052,UNKNOWN BRAND DRG00980,5,Covered,N,N,N,2025-03-13,2026-07-03,FormularyManager
FRM000947,PLAN011,19150183984,Januvia,2,Excluded,N,N,N,2025-08-26,2026-08-31,FormularyManager
FRM000948,PLAN006,71263822745,Lexapro,2,Excluded,N,N,N,2025-07-19,2026-08-26,FormularyManager
FRM000949,PLAN010,50442763134,Plavix,3,Excluded,N,N,N,2026-02-02,2027-07-23,FormularyManager
FRM000950,PLAN004,51498372568,Neurontin,0,Non-Preferred,N,N,N,2025-06-11,2025-12-22,FormularyManager
FRM000951,PLAN019,95759671235,Lipitor,4,Non-Preferred,N,N,N,2025-07-22,2026-06-16,FormularyManager
FRM000952,PLAN002,96688660979,Januvia,5,Non-Preferred,N,N,N,2025-07-26,2027-06-10,FormularyManager
FRM000953,PLAN019,99918121569,Januvia,1,Covered,N,N,Y,2024-12-22,2026-12-10,FormularyManager
FRM000954,PLAN008,65966563490,Ozempic,5,Non-Preferred,N,N,N,2025-03-15,2026-08-30,FormularyManager
FRM000955,PLAN006,56084952427,Humalog,5,Covered,Y,N,N,2025-05-02,2026-01-26,FormularyManager
FRM000956,PLAN017,67115974246,Lexapro,5,Covered,N,N,N,2025-06-28,2027-01-28,FormularyManager
FRM000957,PLAN007,78234779957,Microzide,1,Covered,N,N,N,2025-02-11,2026-10-30,FormularyManager
FRM000958,PLAN017,79539911319,Ventolin,2,Non-Preferred,N,N,N,2026-03-24,2028-02-06,FormularyManager
FRM000959,PLAN016,11417343618,Glucophage,3,Covered,N,N,N,2024-02-21,2025-01-03,FormularyManager
FRM000960,PLAN019,81673281655,Microzide,5,Covered,N,Y,N,2024-06-16,2025-11-23,FormularyManager
FRM000961,PLAN020,56356748535,Cozaar,1,Covered,N,N,Y,2026-02-10,2026-10-24,FormularyManager
FRM000962,PLAN006,87088473643,Lexapro,4,Covered,N,N,N,2024-02-13,2026-01-02,FormularyManager
FRM000963,PLAN001,13889195769,Coreg,2,Covered,N,N,N,2024-10-13,2026-10-02,FormularyManager
FRM000964,PLAN020,89789879626,Eliquis,4,Covered,N,N,N,2025-01-12,2026-06-11,FormularyManager
FRM000965,PLAN005,42506952673,Ozempic,2,,Y,N,N,2024-01-13,2025-06-07,FormularyManager
FRM000966,PLAN012,37135715266,Wellbutrin,2,Covered,Y,Y,N,2025-12-03,2027-05-25,FormularyManager
FRM000967,PLAN005,91636397347,Prilosec,4,Covered,N,N,Y,2025-07-14,2027-06-11,FormularyManager
FRM000968,PLAN009,59772579378,Lopressor,1,Covered,N,Y,N,2024-10-17,2025-05-07,FormularyManager
FRM000969,PLAN020,69347757174,Humalog,5,Covered,N,N,N,2025-10-14,2027-06-25,FormularyManager
FRM000970,PLAN013,37677228163,Prilosec,3,Covered,N,N,N,2024-01-03,2024-12-01,FormularyManager
FRM000971,PLAN017,18501762876,Neurontin,2,Covered,N,N,N,2024-06-27,2025-05-02,FormularyManager
FRM000972,PLAN020,82100899412,Singulair,2,Covered,N,N,N,2025-07-11,2026-03-06,FormularyManager
FRM000973,PLAN009,81673281655,Microzide,5,Covered,N,N,N,2024-12-22,2026-06-22,FormularyManager
FRM000974,PLAN004,22438118591,Prilosec,3,Covered,N,N,N,2025-02-01,2027-01-15,FormularyManager
FRM000975,PLAN009,99873357727,Lipitor,2,Non-Preferred,N,N,Y,2025-05-06,2026-07-30,FormularyManager
FRM000976,PLAN008,26948834812,Protonix,4,Covered,N,N,N,2025-06-12,2026-03-13,FormularyManager
FRM000977,PLAN006,35021253272,Januvia,2,Covered,N,N,N,2024-03-24,2025-08-07,FormularyManager
FRM000978,PLAN008,80870713084,Synthroid,4,Covered,N,N,N,2026-04-02,2028-03-02,FormularyManager
FRM000979,PLAN002,45865729198,Cymbalta,2,Covered,N,N,N,2024-01-31,2025-03-30,FormularyManager
FRM000980,PLAN014,82097839974,Glucophage,4,Covered,N,N,N,2025-06-27,2027-05-20,FormularyManager
FRM000981,PLAN004,54493906935,Lopressor,4,Covered,Y,N,Y,2026-02-01,2027-01-26,FormularyManager
FRM000982,PLAN001,57820791671,Januvia,5,Covered,N,N,N,2026-05-03,2027-10-18,FormularyManager
FRM000983,PLAN009,24721435259,Microzide,1,Covered,N,N,N,2024-02-26,2026-01-13,FormularyManager
FRM000984,PLAN008,68669877665,Prozac,4,Non-Preferred,N,N,Y,2025-06-14,2027-04-28,FormularyManager
FRM000985,PLAN016,82822319745,Crestor,3,Covered,N,N,Y,2024-01-10,2024-08-27,FormularyManager
FRM000986,PLAN020,22036487942,Ventolin,1,Covered,Y,N,N,2025-05-21,2026-08-31,FormularyManager
FRM000987,PLAN012,82124250653,Glucophage,3,Non-Preferred,N,N,N,2024-04-21,2025-05-13,FormularyManager
FRM000988,PLAN019,69287415359,Zoloft,5,Covered,N,Y,Y,2024-08-16,2026-02-04,FormularyManager
FRM000989,PLAN009,40081577678,Januvia,5,Covered,N,N,N,2025-07-18,2026-11-03,FormularyManager
FRM000990,PLAN009,22287685065,Wellbutrin,4,Covered,Y,N,N,2024-09-07,2026-05-24,FormularyManager
FRM000991,PLAN009,77497673240,Lipitor,5,Covered,N,N,N,2025-09-16,2026-10-21,FormularyManager
FRM000992,PLAN018,93234720318,Lexapro,4,Covered,N,Y,Y,2024-10-21,2026-03-11,FormularyManager
FRM000993,PLAN015,14030276734,Cymbalta,2,Covered,N,N,N,2025-10-13,2026-11-21,FormularyManager
FRM000994,PLAN018,78929224734,Norvasc,4,Covered,N,N,N,2024-04-21,2025-03-02,FormularyManager
FRM000995,PLAN001,95415942442,Vibramycin,1,Non-Preferred,Y,N,N,2024-10-03,2025-06-17,FormularyManager
FRM000996,PLAN015,10731878875,Lasix,4,Covered,N,N,N,2024-03-23,2025-02-10,FormularyManager
FRM000997,PLAN019,67259185565,Protonix,5,Covered,Y,Y,N,2024-12-31,2025-11-13,FormularyManager
FRM000998,PLAN014,72982905964,Cozaar,5,Covered,N,N,Y,2024-07-08,2025-05-29,FormularyManager
FRM000999,PLAN016,90250181876,Lasix,5,Covered,N,N,N,2024-10-26,2026-10-20,FormularyManager
FRM001000,PLAN013,84799902623,Plavix,1,Covered,N,N,N,2024-05-09,2026-03-16,FormularyManager
FRM001001,PLAN014,37986793471,Vibramycin,2,Covered,N,N,Y,2024-04-20,2025-09-12,FormularyManager
FRM001002,PLAN012,68129441146,Aldactone,3,Covered,N,N,N,2025-07-02,2026-10-18,FormularyManager
FRM001003,PLAN008,97242993023,Norvasc,5,Covered,N,N,N,2025-10-23,2026-10-12,FormularyManager
FRM001004,PLAN014,18104794374,Jardiance,3,Covered,N,N,N,2025-08-11,2027-07-05,FormularyManager
FRM001005,PLAN001,41274493097,FORMULARY NAME MISMATCH,3,Covered,N,N,N,2024-04-25,2026-03-13,FormularyManager
FRM001006,PLAN017,17735727527,Prinivil,5,Covered,N,N,N,2024-05-05,2025-07-18,FormularyManager
FRM001007,PLAN006,76841912411,Neurontin,2,Covered,Y,N,N,2024-02-11,2025-08-29,FormularyManager
FRM001008,PLAN002,19989783912,Januvia,5,Covered,N,N,N,2025-03-18,2026-11-25,FormularyManager
FRM001009,PLAN013,22743552549,Prozac,2,Covered,N,N,Y,2025-11-07,2026-12-29,FormularyManager
FRM001010,PLAN019,77393477110,Lantus,1,Non-Preferred,N,N,N,2026-06-01,2027-09-09,FormularyManager
FRM001011,PLAN002,63128504045,Lipitor,4,Non-Preferred,N,N,N,2025-03-07,2026-05-10,FormularyManager
FRM001012,PLAN013,82100899412,Singulair,5,Covered,N,Y,Y,2025-07-08,2027-01-14,FormularyManager
FRM001013,PLAN013,37677228163,Prilosec,5,Covered,Y,N,N,2025-05-02,2026-04-27,FormularyManager
FRM001014,PLAN013,86106901629,Singulair,4,Non-Preferred,Y,N,N,2024-10-04,2026-01-19,FormularyManager
FRM001015,PLAN002,22934703171,Protonix,4,Covered,N,N,N,2026-04-14,2027-03-09,FormularyManager
FRM001016,PLAN020,51269588679,Zoloft,3,Non-Preferred,N,N,N,2025-05-29,2026-10-20,FormularyManager
FRM001017,PLAN018,47494236310,Lipitor,1,Covered,N,Y,Y,2026-04-21,2027-11-13,FormularyManager
FRM001018,PLAN001,11590371650,Lasix,5,Covered,N,N,N,2024-02-27,2025-04-19,FormularyManager
FRM001019,PLAN014,69179660314,Microzide,4,Non-Preferred,Y,N,N,2024-09-16,2026-03-28,FormularyManager
FRM001020,PLAN019,44531515535,Jardiance,4,Non-Preferred,N,N,N,2024-01-28,2025-08-12,FormularyManager
FRM001021,PLAN003,26718530956,Zoloft,1,Excluded,N,N,N,2026-05-31,2027-03-26,FormularyManager
FRM001022,PLAN005,84538386197,Aldactone,1,Covered,N,Y,Y,2024-08-25,2025-05-31,FormularyManager
FRM001023,PLAN006,29976903633,Coreg,5,Covered,N,N,N,2025-03-04,2027-02-26,FormularyManager
FRM001024,PLAN007,68669877665,Prozac,2,Covered,N,N,N,2025-11-17,2027-01-27,FormularyManager
FRM001025,PLAN020,68673966287,Ventolin,4,Non-Preferred,Y,N,Y,2025-10-07,2026-12-01,FormularyManager
FRM001026,PLAN006,75405190344,Jardiance,4,Covered,N,N,N,2025-11-14,2027-09-08,FormularyManager
FRM001027,PLAN019,90100233162,Prilosec,5,Non-Preferred,Y,N,N,2025-04-06,2026-01-19,FormularyManager
FRM001028,PLAN020,92414186439,Lasix,4,Covered,N,N,N,2026-02-23,2027-09-30,FormularyManager
FRM001029,PLAN001,51730490271,UNKNOWN BRAND DRG00439,2,Covered,N,Y,N,2024-01-11,2025-01-26,FormularyManager
FRM001030,PLAN011,25964239840,Wellbutrin,1,Covered,N,N,N,2024-11-13,2026-08-30,FormularyManager
FRM001031,PLAN012,94312952831,Lasix,1,Covered,Y,Y,N,2026-05-16,2028-02-14,FormularyManager
FRM001032,PLAN017,81987321337,Lantus,5,Covered,N,N,N,2025-09-21,2027-04-02,FormularyManager
FRM001033,PLAN018,76373444921,Aldactone,5,Covered,N,N,Y,2024-05-23,2025-07-15,FormularyManager
FRM001034,PLAN019,80340679445,Zoloft,1,Non-Preferred,N,N,N,2025-07-21,2026-05-17,FormularyManager
FRM001035,PLAN003,79345667836,UNKNOWN BRAND DRG00084,5,Covered,Y,Y,N,2024-09-09,2026-03-11,FormularyManager
FRM001036,PLAN007,59772579378,Lopressor,2,Covered,N,N,N,2025-01-20,2027-01-19,FormularyManager
FRM001037,PLAN011,37120476461,Lopressor,1,Covered,Y,N,Y,2024-11-04,2025-08-15,FormularyManager
FRM001038,PLAN005,86876532778,Jardiance,1,Covered,N,N,N,2024-01-14,2024-07-19,FormularyManager
FRM001039,PLAN002,29586954162,Synthroid,5,Covered,Y,N,N,2025-02-10,2026-01-26,FormularyManager
FRM001040,PLAN016,72708515673,Plavix,3,Covered,N,N,N,2025-05-24,2026-05-06,FormularyManager
FRM001041,PLAN012,26801997786,Ozempic,1,Non-Preferred,N,Y,N,2026-04-05,2028-01-21,FormularyManager
FRM001042,PLAN005,32444678260,Humalog,5,Covered,Y,N,N,2025-11-07,2026-10-19,FormularyManager
FRM001043,PLAN011,66645192627,Ventolin,4,Covered,N,Y,Y,2025-11-18,2026-08-03,FormularyManager
FRM001044,PLAN001,10207597398,Ozempic,5,Covered,N,N,Y,2026-05-07,2027-10-06,FormularyManager
FRM001045,PLAN013,18199892246,Aldactone,2,Covered,N,Y,N,2024-10-21,2026-08-11,FormularyManager
FRM001046,PLAN015,47131206943,Aldactone,5,Covered,N,N,N,2026-03-20,2028-03-02,FormularyManager
FRM001047,PLAN013,67543708985,Ozempic,1,Covered,N,Y,N,2024-01-31,2025-11-23,FormularyManager
FRM001048,PLAN010,14904163164,Eliquis,2,Covered,Y,N,N,2024-05-24,2024-12-14,FormularyManager
FRM001049,PLAN006,17997612230,Zoloft,1,Covered,N,N,N,2025-10-19,2026-09-12,FormularyManager
FRM001050,PLAN011,49501356011,Lopressor,5,Covered,N,N,N,2025-10-20,2026-07-06,FormularyManager
FRM001051,PLAN010,81866879412,Norvasc,3,Non-Preferred,Y,N,N,2025-11-13,2026-12-05,FormularyManager
FRM001052,PLAN018,96688660979,Januvia,2,Non-Preferred,N,N,Y,2026-04-25,2027-10-17,FormularyManager
FRM001053,PLAN009,76013679988,Cozaar,5,Covered,N,N,N,2026-03-29,2026-10-27,FormularyManager
FRM001054,PLAN017,38655593381,Singulair,4,Covered,Y,N,N,2024-11-29,2026-10-08,FormularyManager
FRM001055,PLAN015,10424211436,Singulair,3,Covered,N,Y,N,2024-03-08,2026-01-29,FormularyManager
FRM001056,PLAN005,13245368747,Norvasc,2,Covered,N,N,N,2025-02-06,2026-02-19,FormularyManager
FRM001057,PLAN017,59136731178,Crestor,3,Covered,N,N,N,2026-03-21,2027-10-26,FormularyManager
FRM001058,PLAN012,54893863057,Eliquis,1,Non-Preferred,N,N,N,2024-04-09,2025-05-26,FormularyManager
FRM001059,PLAN013,58378729732,Januvia,4,,N,N,Y,2025-11-05,2027-05-03,FormularyManager
FRM001060,PLAN014,86802579865,Ventolin,4,Covered,N,N,N,2025-03-02,2025-09-21,FormularyManager
FRM001061,PLAN001,92414186439,Lasix,4,Covered,N,N,N,2024-09-06,2025-07-27,FormularyManager
FRM001062,PLAN001,14546502462,Aldactone,1,Covered,N,N,N,2025-05-24,2026-10-09,FormularyManager
FRM001063,PLAN008,94403244960,Prilosec,5,Covered,N,N,N,2024-03-26,2025-01-15,FormularyManager
FRM001064,PLAN016,90728447630,Ventolin,5,Covered,N,N,N,2024-02-09,2025-02-23,FormularyManager
FRM001065,PLAN012,17266624267,UNKNOWN BRAND DRG00969,4,Covered,N,N,N,2026-01-18,2027-09-13,FormularyManager
FRM001066,PLAN007,44518564169,Coreg,5,Covered,Y,N,N,2026-02-09,2027-01-03,FormularyManager
FRM001067,PLAN013,37423653148,Lasix,4,Covered,Y,N,N,2025-04-10,2026-03-07,FormularyManager
FRM001068,PLAN003,14954435394,Ozempic,5,Covered,N,N,N,2024-02-03,2025-03-22,FormularyManager
FRM001069,PLAN013,53756657133,Neurontin,4,Covered,Y,N,N,2025-06-11,2026-11-07,FormularyManager
FRM001070,PLAN014,25092429310,Jardiance,1,Covered,Y,Y,N,2025-06-26,2026-06-11,FormularyManager
FRM001071,PLAN001,97829657184,Eliquis,3,Covered,N,N,N,2024-09-29,2026-04-12,FormularyManager
FRM001072,PLAN012,76582366385,Lantus,2,Covered,N,N,Y,2025-04-23,2027-04-08,FormularyManager
FRM001073,PLAN016,78627670934,Singulair,2,Non-Preferred,Y,Y,N,2025-01-04,2026-07-07,FormularyManager
FRM001074,PLAN014,79480401968,Aldactone,1,Non-Preferred,N,N,N,2024-01-10,2025-02-17,FormularyManager
FRM001075,PLAN008,95305350218,Prozac,4,Non-Preferred,N,N,Y,2025-05-11,2026-07-15,FormularyManager
FRM001076,PLAN003,78632194752,Prinivil,5,Covered,N,N,Y,2024-05-31,2025-01-06,FormularyManager
FRM001077,PLAN008,25766628880,Lasix,5,Covered,N,Y,N,2024-02-05,2025-12-06,FormularyManager
FRM001078,PLAN013,38649367251,Aldactone,4,Covered,N,N,Y,2024-11-03,2026-09-04,FormularyManager
FRM001079,PLAN005,52087160927,Januvia,4,Covered,N,N,N,2024-08-16,2026-07-11,FormularyManager
FRM001080,PLAN016,18104794374,Jardiance,1,Covered,Y,N,N,2025-11-16,2027-09-14,FormularyManager
FRM001081,PLAN017,81337865957,Microzide,3,Covered,N,N,N,2024-12-04,2026-07-27,FormularyManager
FRM001082,PLAN002,77096329537,Zoloft,4,Covered,N,Y,N,2025-02-08,2026-03-28,FormularyManager
FRM001083,PLAN005,19307837771,Protonix,1,Non-Preferred,N,N,N,2026-03-07,2026-10-01,FormularyManager
FRM001084,PLAN009,28814780756,Microzide,2,Covered,N,N,N,2025-05-14,2025-12-31,FormularyManager
FRM001085,PLAN015,88756957596,Cymbalta,1,Covered,N,N,Y,2024-01-12,2025-05-12,FormularyManager
FRM001086,PLAN007,99338867913,Prinivil,3,Covered,Y,Y,Y,2025-02-07,2026-09-26,FormularyManager
FRM001087,PLAN020,89789879626,Eliquis,2,Covered,N,N,N,2026-02-13,2027-06-05,FormularyManager
FRM001088,PLAN020,44047392978,Januvia,2,Covered,N,N,Y,2025-04-18,2026-05-24,FormularyManager
FRM001089,PLAN015,12131959374,Prozac,5,Covered,N,N,Y,2025-10-16,2026-12-02,FormularyManager
FRM001090,PLAN015,39077562796,Glucophage,2,Covered,N,N,N,2024-11-15,2026-01-18,FormularyManager
FRM001091,PLAN007,94403244960,Prilosec,5,Non-Preferred,N,Y,Y,2026-03-31,2026-11-23,FormularyManager
FRM001092,PLAN007,73978849161,Synthroid,2,Non-Preferred,N,Y,N,2025-02-22,2026-06-03,FormularyManager
FRM001093,PLAN018,29289502522,Protonix,2,Covered,N,N,N,2025-11-11,2027-06-21,FormularyManager
FRM001094,PLAN004,22287685065,Wellbutrin,5,Excluded,N,N,Y,2024-11-02,2026-08-23,FormularyManager
FRM001095,PLAN007,20662343885,Cozaar,3,Non-Preferred,N,N,N,2024-10-03,2025-07-05,FormularyManager
FRM001096,PLAN018,66586455165,UNKNOWN BRAND DRG00865,3,Covered,N,N,N,2025-12-20,2026-11-30,FormularyManager
FRM001097,PLAN014,28814780756,Microzide,5,Covered,N,N,N,2024-01-28,2024-12-24,FormularyManager
FRM001098,PLAN012,79740234754,Ventolin,2,Covered,Y,N,N,2025-12-21,2026-12-12,FormularyManager
FRM001099,PLAN001,34027958339,Synthroid,4,Covered,N,N,N,2026-02-20,2026-11-24,FormularyManager
FRM001100,PLAN017,26452654738,Zoloft,1,Covered,N,N,Y,2026-02-06,2027-01-29,FormularyManager
FRM001101,PLAN007,14420419723,Microzide,2,Excluded,N,N,N,2024-03-29,2025-10-11,FormularyManager
FRM001102,PLAN012,45469791921,FORMULARY NAME MISMATCH,9,Non-Preferred,N,N,N,2025-08-05,2026-11-15,FormularyManager
FRM001103,PLAN003,58584770558,Glucophage,2,Excluded,N,N,N,2026-01-28,2027-12-12,FormularyManager
FRM001104,PLAN013,20662343885,Cozaar,5,Non-Preferred,Y,N,Y,2024-09-15,2025-07-03,FormularyManager
FRM001105,PLAN018,82145991167,Prinivil,9,Covered,N,N,N,2026-01-01,2027-10-31,FormularyManager
FRM001106,PLAN015,44872908135,Cymbalta,4,Covered,N,N,N,2024-06-02,2025-12-06,FormularyManager
FRM001107,PLAN016,19606146745,Microzide,4,Non-Preferred,Y,N,Y,2025-07-06,2026-08-01,FormularyManager
FRM001108,PLAN011,62299475227,Coreg,3,Covered,Y,N,N,2024-10-07,2025-07-01,FormularyManager
FRM001109,PLAN020,94227785584,Humalog,5,Covered,N,N,N,2024-10-10,2025-07-08,FormularyManager
FRM001110,PLAN008,52550652494,Cymbalta,3,Covered,N,N,N,2025-09-20,2026-07-30,FormularyManager
FRM001111,PLAN005,11492597998,Prozac,5,Non-Preferred,Y,N,N,2025-10-18,2027-09-30,FormularyManager
FRM001112,PLAN019,98697873751,Prilosec,3,Covered,Y,N,N,2025-02-14,2026-07-15,FormularyManager
FRM001113,PLAN009,32786886812,Jardiance,2,Covered,Y,N,N,2024-01-30,2025-01-12,FormularyManager
FRM001114,PLAN012,96691540687,Norvasc,3,Covered,Y,N,N,2024-08-29,2026-01-16,FormularyManager
FRM001115,PLAN002,78627670934,Singulair,3,Covered,N,N,Y,2026-01-12,2027-07-28,FormularyManager
FRM001116,PLAN005,40773504873,Ozempic,1,Covered,N,N,Y,2025-12-03,2027-06-18,FormularyManager
FRM001117,PLAN009,51917506910,Crestor,3,Covered,N,N,N,2025-10-28,2026-08-26,FormularyManager
FRM001118,PLAN019,50146274292,Vibramycin,3,Excluded,N,N,N,2024-11-15,2026-02-07,FormularyManager
FRM001119,PLAN016,27539452320,Eliquis,1,Covered,N,Y,Y,2024-02-01,2025-10-09,FormularyManager
FRM001120,PLAN005,58584770558,Glucophage,1,Covered,N,N,Y,2024-10-08,2026-08-09,FormularyManager
FRM001121,PLAN014,87507818254,Zoloft,3,Covered,N,N,N,2025-10-16,2026-05-14,FormularyManager
FRM001122,PLAN017,94144432921,Neurontin,5,Non-Preferred,N,Y,N,2024-04-05,2025-06-25,FormularyManager
FRM001123,PLAN005,40504965642,Vibramycin,2,Non-Preferred,N,N,N,2024-02-19,2024-12-08,FormularyManager
FRM001124,PLAN010,92965682838,Wellbutrin,3,Non-Preferred,Y,N,Y,2025-02-09,2026-06-15,FormularyManager
FRM001125,PLAN007,82124250653,Glucophage,4,Covered,N,N,N,2024-02-04,2025-01-07,FormularyManager
FRM001126,PLAN002,99070622849,Lopressor,3,Covered,Y,N,N,2024-10-14,2025-06-15,FormularyManager
FRM001127,PLAN016,86002397952,Prilosec,2,Covered,N,N,N,2024-05-12,2025-11-07,FormularyManager
FRM001128,PLAN016,97763307131,Glucophage,2,Covered,N,N,N,2024-07-11,2026-01-21,FormularyManager
FRM001129,PLAN010,20972530362,Cymbalta,5,Non-Preferred,Y,N,Y,2025-10-26,2026-12-13,FormularyManager
FRM001130,PLAN013,22438118591,Prilosec,4,Covered,N,N,N,2025-01-19,2026-04-07,FormularyManager
FRM001131,PLAN015,51850973745,Jardiance,5,Non-Preferred,N,N,N,2025-08-23,2027-04-06,FormularyManager
FRM001132,PLAN011,57820791671,Januvia,5,Non-Preferred,N,N,N,2024-04-26,2025-07-08,FormularyManager
FRM001133,PLAN006,13685557379,Humalog,4,Non-Preferred,Y,N,N,2024-02-04,2024-09-20,FormularyManager
FRM001134,PLAN020,57675334230,Protonix,1,Covered,N,Y,N,2025-06-17,2026-01-15,FormularyManager
FRM001135,PLAN004,69710507219,Prilosec,5,Covered,Y,Y,N,2025-12-14,2027-08-30,FormularyManager
FRM001136,PLAN004,30101853725,Prinivil,2,Covered,N,N,N,2026-02-04,2026-11-20,FormularyManager
FRM001137,PLAN006,48520467193,Cymbalta,3,Covered,N,Y,Y,2024-06-23,2025-10-27,FormularyManager
FRM001138,PLAN003,76013679988,Cozaar,5,Non-Preferred,Y,N,N,2024-05-30,2025-02-14,FormularyManager
FRM001139,PLAN018,51850973745,Jardiance,2,Non-Preferred,N,N,N,2024-10-08,2026-07-29,FormularyManager
FRM001140,PLAN003,67259185565,Protonix,4,Non-Preferred,Y,N,N,2024-06-11,2026-02-22,FormularyManager
FRM001141,PLAN004,70444329131,Jardiance,5,Covered,N,Y,N,2026-04-16,2027-01-07,FormularyManager
FRM001142,PLAN011,26059713727,Lexapro,1,Covered,Y,N,Y,2025-11-17,2026-06-04,FormularyManager
FRM001143,PLAN020,98697873751,Prilosec,2,Covered,N,N,N,2026-03-06,2026-11-27,FormularyManager
FRM001144,PLAN014,81276626479,Glucophage,3,Non-Preferred,N,N,N,2024-04-18,2025-09-27,FormularyManager
FRM001145,PLAN018,98697873751,Prilosec,3,Covered,N,N,N,2024-12-18,2026-08-23,FormularyManager
FRM001146,PLAN002,61680269653,Zoloft,4,Covered,N,N,N,2024-11-17,2025-10-21,FormularyManager
FRM001147,PLAN002,22577849327,Lexapro,5,Covered,N,Y,N,2025-02-05,2026-01-22,FormularyManager
FRM001148,PLAN006,47220155350,Protonix,3,Covered,Y,N,N,2026-03-28,2028-03-09,FormularyManager
FRM001149,PLAN001,98795104473,Vibramycin,2,Covered,N,N,N,2026-01-14,2027-12-19,FormularyManager
FRM001150,PLAN020,47220155350,Protonix,4,Covered,N,N,N,2025-06-30,2026-02-05,FormularyManager
FRM001151,PLAN009,97358934626,Crestor,2,Covered,Y,N,N,2025-04-27,2025-12-11,FormularyManager
FRM001152,PLAN015,40815151380,FORMULARY NAME MISMATCH,1,,Y,N,N,2025-02-11,2025-11-06,FormularyManager
FRM001153,PLAN006,48777918537,Protonix,5,Covered,N,N,N,2024-03-25,2025-11-19,FormularyManager
FRM001154,PLAN018,85417501813,Wellbutrin,4,Covered,N,N,N,2026-01-12,2026-11-25,FormularyManager
FRM001155,PLAN002,89305404592,Glucophage,5,Covered,N,N,N,2025-12-14,2027-03-12,FormularyManager
FRM001156,PLAN001,31620645567,Neurontin,2,Non-Preferred,N,N,N,2026-04-11,2027-10-15,FormularyManager
FRM001157,PLAN017,32444678260,Humalog,4,Covered,Y,N,N,2024-11-07,2025-05-13,FormularyManager
FRM001158,PLAN003,22620625618,Plavix,4,Covered,N,N,N,2024-04-03,2025-01-01,FormularyManager
FRM001159,PLAN019,71609142040,Plavix,1,Covered,N,N,N,2025-02-18,2026-02-02,FormularyManager
FRM001160,PLAN008,78929224734,Norvasc,1,Covered,N,N,N,2025-12-27,2026-10-09,FormularyManager
FRM001161,PLAN004,79689644320,Eliquis,1,Covered,N,N,N,2024-05-25,2025-12-17,FormularyManager
FRM001162,PLAN015,25951181670,Prilosec,3,Covered,N,N,N,2024-11-12,2025-11-27,FormularyManager
FRM001163,PLAN001,29398974548,Lopressor,5,Covered,N,Y,N,2024-08-02,2025-04-07,FormularyManager
FRM001164,PLAN008,80822802269,Coreg,1,Covered,Y,N,N,2025-08-05,2027-04-16,FormularyManager
FRM001165,PLAN014,19270364213,FORMULARY NAME MISMATCH,5,Non-Preferred,Y,N,N,2026-02-16,2028-01-16,FormularyManager
FRM001166,PLAN011,69179660314,Microzide,3,Covered,N,N,N,2026-03-31,2026-11-22,FormularyManager
FRM001167,PLAN006,62579571575,Prinivil,3,Covered,N,N,N,2026-04-22,2027-06-27,FormularyManager
FRM001168,PLAN006,96515232917,Norvasc,2,Covered,N,Y,N,2026-03-11,2027-03-30,FormularyManager
FRM001169,PLAN019,75405190344,Jardiance,4,Covered,N,N,N,2024-10-21,2026-06-05,FormularyManager
FRM001170,PLAN012,20858309589,Wellbutrin,4,Covered,N,Y,N,2025-11-17,2026-08-28,FormularyManager
FRM001171,PLAN001,36069903176,Protonix,1,Covered,Y,N,N,2025-11-16,2026-09-15,FormularyManager
FRM001172,PLAN018,86445320315,Eliquis,1,Covered,N,N,Y,2024-04-22,2025-09-10,FormularyManager
FRM001173,PLAN007,76954397631,Microzide,2,Covered,N,Y,Y,2025-04-08,2026-09-26,FormularyManager
FRM001174,PLAN017,94144432921,Neurontin,2,Covered,N,N,N,2024-03-26,2025-07-19,FormularyManager
FRM001175,PLAN002,46658209727,Prozac,2,Covered,N,N,N,2024-04-14,2025-11-23,FormularyManager
FRM001176,PLAN007,86876532778,Jardiance,3,Covered,N,N,N,2026-03-01,2026-11-16,FormularyManager
FRM001177,PLAN020,27517427451,Plavix,5,Non-Preferred,N,N,Y,2024-11-06,2025-05-16,FormularyManager
FRM001178,PLAN007,26940396868,Synthroid,5,Covered,N,N,Y,2024-06-04,2025-09-17,FormularyManager
FRM001179,PLAN006,42506952673,Ozempic,2,Covered,Y,N,Y,2024-03-16,2025-06-06,FormularyManager
FRM001180,PLAN013,40812726846,Cymbalta,4,Covered,N,N,N,2025-05-19,2026-09-20,FormularyManager
FRM001181,PLAN016,13230284057,Januvia,2,Covered,N,N,Y,2025-01-10,2025-08-03,FormularyManager
FRM001182,PLAN019,26452654738,Zoloft,5,Covered,N,Y,N,2025-03-25,2027-01-30,FormularyManager
FRM001183,PLAN019,40842594127,Eliquis,0,Covered,Y,N,N,2025-11-15,2027-08-27,FormularyManager
FRM001184,PLAN005,70410757439,Glucophage,3,Covered,N,N,N,2024-11-21,2026-07-08,FormularyManager
FRM001185,PLAN008,88687101335,Norvasc,3,Covered,N,N,N,2025-05-03,2026-11-03,FormularyManager
FRM001186,PLAN005,37986793471,Vibramycin,2,Excluded,Y,N,N,2025-06-13,2026-04-29,FormularyManager
FRM001187,PLAN019,86169955947,Lasix,3,,N,N,N,2024-02-19,2025-04-16,FormularyManager
FRM001188,PLAN001,40895504647,Humalog,4,Excluded,N,N,N,2025-05-13,2026-05-23,FormularyManager
FRM001189,PLAN007,49834139728,Eliquis,3,Covered,N,N,Y,2024-08-09,2025-10-03,FormularyManager
FRM001190,PLAN005,37173563991,Lasix,3,Covered,N,N,Y,2026-05-25,2027-02-25,FormularyManager
FRM001191,PLAN006,37085218953,Jardiance,3,Non-Preferred,N,Y,N,2025-09-05,2027-01-01,FormularyManager
FRM001192,PLAN010,30303185760,Norvasc,4,Covered,Y,N,N,2024-05-01,2025-04-14,FormularyManager
FRM001193,PLAN014,67560324733,Neurontin,2,Covered,N,Y,N,2025-07-21,2026-11-16,FormularyManager
FRM001194,PLAN009,87471341583,Lasix,5,Covered,Y,N,Y,2024-09-02,2026-06-15,FormularyManager
FRM001195,PLAN009,61137801874,Vibramycin,1,Covered,N,N,N,2024-07-30,2026-01-19,FormularyManager
FRM001196,PLAN005,22951612888,Eliquis,1,Covered,N,N,N,2025-03-26,2026-11-30,FormularyManager
FRM001197,PLAN015,51498372568,Neurontin,2,Covered,N,N,N,2024-07-03,2025-11-22,FormularyManager
FRM001198,PLAN007,82391488851,Ventolin,3,Covered,Y,N,N,2024-02-03,2025-05-01,FormularyManager
FRM001199,PLAN019,11605697119,Lipitor,2,Covered,N,N,Y,2025-07-15,2027-02-20,FormularyManager
FRM001200,PLAN009,45865729198,Cymbalta,3,Covered,N,Y,N,2025-09-28,2026-12-14,FormularyManager
FRM001201,PLAN016,35847675077,Cozaar,2,Covered,N,N,N,2024-11-01,2025-09-18,FormularyManager
FRM001202,PLAN007,64943476728,Lipitor,9,Covered,Y,N,N,2025-06-17,2027-03-10,FormularyManager
FRM001203,PLAN016,78632194752,Prinivil,2,Covered,N,N,Y,2024-01-30,2025-05-15,FormularyManager
FRM001204,PLAN016,92233526721,Singulair,2,Excluded,Y,N,N,2026-05-04,2027-06-16,FormularyManager
FRM001205,PLAN002,86169955947,Lasix,5,Covered,Y,N,N,2025-09-04,2027-05-24,FormularyManager
FRM001206,PLAN001,15426453054,Zoloft,3,Covered,N,N,Y,2025-07-13,2026-10-03,FormularyManager
FRM001207,PLAN017,27560233760,Eliquis,2,Covered,N,N,N,2025-10-21,2026-04-26,FormularyManager
FRM001208,PLAN020,98323115551,Lopressor,4,Covered,N,N,N,2024-04-20,2025-02-25,FormularyManager
FRM001209,PLAN016,60844107060,Ventolin,5,Covered,N,Y,N,2024-03-16,2025-08-14,FormularyManager
FRM001210,PLAN019,51465880016,Ozempic,5,Non-Preferred,N,Y,N,2026-05-11,2027-05-02,FormularyManager
FRM001211,PLAN020,86876532778,Jardiance,3,Covered,N,N,N,2024-09-24,2025-05-01,FormularyManager
FRM001212,PLAN015,38862821761,Prilosec,5,Covered,Y,N,N,2024-09-29,2026-03-21,FormularyManager
FRM001213,PLAN014,26670320788,Aldactone,1,Covered,N,N,N,2025-06-17,2026-11-16,FormularyManager
FRM001214,PLAN005,74192691278,Prilosec,4,Covered,N,N,N,2026-01-29,2026-12-26,FormularyManager
FRM001215,PLAN011,86150728282,Zoloft,1,Covered,N,N,N,2024-10-11,2025-08-26,FormularyManager
FRM001216,PLAN020,27560233760,Eliquis,3,Covered,N,N,N,2024-05-30,2026-04-07,FormularyManager
FRM001217,PLAN013,60986106546,Singulair,3,Covered,N,N,N,2024-04-16,2026-02-17,FormularyManager
FRM001218,PLAN008,19952451798,Singulair,2,Non-Preferred,N,N,N,2024-03-09,2025-03-16,FormularyManager
FRM001219,PLAN006,57820791671,Januvia,3,Covered,N,N,N,2024-02-15,2025-10-11,FormularyManager
FRM001220,PLAN020,93381483220,Prilosec,4,Covered,N,N,Y,2024-09-01,2025-07-31,FormularyManager
FRM001221,PLAN018,67124608759,Lipitor,5,Covered,N,Y,N,2024-12-06,2026-03-01,FormularyManager
FRM001222,PLAN003,36099200846,Lasix,3,Non-Preferred,Y,N,N,2025-02-21,2026-11-03,FormularyManager
FRM001223,PLAN008,25766628880,Lasix,3,Covered,N,N,N,2025-02-08,2025-11-15,FormularyManager
FRM001224,PLAN001,44983140537,Norvasc,2,Covered,N,N,N,2024-01-18,2025-08-15,FormularyManager
FRM001225,PLAN018,80571446571,Norvasc,4,Covered,N,N,Y,2026-06-01,2027-06-25,FormularyManager
FRM001226,PLAN015,18554568464,Cozaar,1,Non-Preferred,N,N,N,2026-04-11,2026-11-17,FormularyManager
FRM001227,PLAN020,50146274292,Vibramycin,5,Non-Preferred,N,Y,Y,2024-01-05,2025-04-28,FormularyManager
FRM001228,PLAN004,71012800477,Norvasc,5,Covered,N,N,Y,2025-10-12,2026-10-13,FormularyManager
FRM001229,PLAN016,28309735158,Aldactone,3,Covered,Y,N,N,2025-08-01,2026-10-01,FormularyManager
FRM001230,PLAN007,39077562796,Glucophage,3,Covered,N,N,N,2025-02-28,2026-06-09,FormularyManager
FRM001231,PLAN018,21904569624,Wellbutrin,6,Covered,N,N,N,2025-04-01,2027-03-07,FormularyManager
FRM001232,PLAN013,57820791671,Januvia,1,Covered,Y,N,N,2025-09-26,2027-09-21,FormularyManager
FRM001233,PLAN014,47253753474,Protonix,5,Covered,N,Y,N,2024-01-25,2024-09-23,FormularyManager
FRM001234,PLAN007,51057281520,Singulair,4,Covered,N,N,N,2025-04-15,2025-11-10,FormularyManager
FRM001235,PLAN006,38443858993,Lipitor,1,Covered,N,N,N,2024-10-03,2026-09-01,FormularyManager
FRM001236,PLAN002,76910235985,Norvasc,1,Excluded,N,N,N,2025-12-12,2026-09-04,FormularyManager
FRM001237,PLAN020,34030808751,Prilosec,5,Covered,N,Y,N,2025-09-11,2027-06-29,FormularyManager
FRM001238,PLAN019,60844107060,Ventolin,2,Excluded,Y,N,N,2025-07-31,2026-03-27,FormularyManager
FRM001239,PLAN014,76373444921,Aldactone,2,Excluded,N,N,Y,2024-07-24,2026-03-06,FormularyManager
FRM001240,PLAN009,52954526623,Zoloft,5,Non-Preferred,N,N,N,2026-03-04,2028-02-21,FormularyManager
FRM001241,PLAN002,50389239682,Ozempic,4,Covered,N,N,N,2024-09-11,2025-12-05,FormularyManager
FRM001242,PLAN014,45395582883,Prinivil,1,Non-Preferred,Y,N,Y,2026-04-22,2027-09-18,FormularyManager
FRM001243,PLAN010,24959442831,FORMULARY NAME MISMATCH,1,Covered,N,N,N,2025-11-15,2026-10-18,FormularyManager
FRM001244,PLAN001,79510138828,Lasix,5,Covered,N,N,N,2024-05-01,2025-07-17,FormularyManager
FRM001245,PLAN013,98323115551,Lopressor,5,Covered,N,Y,N,2025-05-16,2026-11-20,FormularyManager
FRM001246,PLAN005,86002397952,Prilosec,5,Non-Preferred,Y,N,Y,2024-08-24,2025-09-14,FormularyManager
FRM001247,PLAN013,84680513981,Neurontin,4,Non-Preferred,N,N,N,2024-05-15,2025-04-14,FormularyManager
FRM001248,PLAN004,20964366855,Ventolin,2,Covered,Y,N,N,2025-07-02,2026-08-25,FormularyManager
FRM001249,PLAN001,59772579378,Lopressor,1,Covered,N,N,N,2025-07-15,2026-12-23,FormularyManager
FRM001250,PLAN013,65812527931,Microzide,1,Covered,Y,N,Y,2026-03-07,2028-02-17,FormularyManager
FRM001251,PLAN006,17445348253,Lipitor,3,Non-Preferred,N,N,N,2024-08-09,2026-04-28,FormularyManager
FRM001252,PLAN005,24069146482,Lopressor,2,Non-Preferred,N,N,N,2024-08-05,2026-01-03,FormularyManager
FRM001253,PLAN003,14752304010,Lexapro,1,Covered,N,N,N,2025-01-10,2026-02-20,FormularyManager
FRM001254,PLAN017,54348747469,Cozaar,3,Covered,Y,N,N,2025-10-26,2026-09-27,FormularyManager
FRM001255,PLAN014,77447650355,Neurontin,1,Covered,N,N,N,2025-05-08,2026-02-28,FormularyManager
FRM001256,PLAN018,20858309589,Wellbutrin,2,Excluded,Y,N,N,2025-09-10,2026-03-21,FormularyManager
FRM001257,PLAN002,68335772779,Januvia,4,Covered,N,N,Y,2024-03-08,2025-03-05,FormularyManager
FRM001258,PLAN010,90250181876,Lasix,5,Excluded,Y,N,N,2024-08-19,2026-05-11,FormularyManager
FRM001259,PLAN012,13685557379,Humalog,4,Covered,N,N,N,2024-07-03,2026-05-26,FormularyManager
FRM001260,PLAN008,49994194179,Jardiance,4,Covered,Y,N,N,2026-04-24,2028-03-06,FormularyManager
FRM001261,PLAN005,13685557379,Humalog,5,Covered,N,N,N,2024-07-19,2025-10-04,FormularyManager
FRM001262,PLAN005,57373424595,Humalog,1,Covered,Y,N,N,2025-04-12,2026-01-26,FormularyManager
FRM001263,PLAN020,81866879412,Norvasc,4,Covered,N,N,N,2025-04-09,2026-04-21,FormularyManager
FRM001264,PLAN020,36099200846,Lasix,2,Excluded,N,N,N,2024-06-08,2025-10-14,FormularyManager
FRM001265,PLAN017,12859564719,Glucophage,5,Covered,N,N,N,2025-12-08,2026-12-31,FormularyManager
FRM001266,PLAN007,35516352970,Cymbalta,4,Covered,N,N,Y,2024-04-07,2025-03-15,FormularyManager
FRM001267,PLAN006,49169824284,Crestor,2,Covered,N,N,N,2025-04-03,2025-10-17,FormularyManager
FRM001268,PLAN016,40427686976,Lipitor,2,Covered,N,N,N,2025-12-05,2027-05-01,FormularyManager
FRM001269,PLAN020,98244356040,Lasix,2,Covered,N,N,N,2025-09-26,2027-08-19,FormularyManager
FRM001270,PLAN004,33667709457,Protonix,4,Covered,N,N,Y,2026-03-01,2027-11-10,FormularyManager
FRM001271,PLAN017,41367605024,Prilosec,2,Covered,Y,N,N,2025-06-09,2026-04-09,FormularyManager
FRM001272,PLAN007,48632631955,Protonix,1,Covered,Y,N,Y,2024-09-05,2025-06-08,FormularyManager
FRM001273,PLAN002,26718530956,Zoloft,5,Covered,N,N,N,2025-08-13,2027-02-09,FormularyManager
FRM001274,PLAN011,35847675077,Cozaar,2,Covered,N,N,N,2024-07-02,2026-05-27,FormularyManager
FRM001275,PLAN020,41274493097,Singulair,1,Covered,N,N,N,2024-10-03,2026-08-25,FormularyManager
FRM001276,PLAN002,98037118876,Lantus,3,Excluded,N,N,N,2024-06-02,2025-09-23,FormularyManager
FRM001277,PLAN008,12131959374,Prozac,3,Covered,Y,N,N,2024-12-22,2025-06-25,FormularyManager
FRM001278,PLAN019,99706788130,Coreg,4,Covered,N,N,Y,2025-06-23,2027-01-30,FormularyManager
FRM001279,PLAN009,74909178953,Vibramycin,1,Excluded,N,N,N,2026-01-12,2027-09-22,FormularyManager
FRM001280,PLAN020,79563995586,Protonix,3,Covered,N,N,N,2024-06-29,2025-12-28,FormularyManager
FRM001281,PLAN007,14030276734,Cymbalta,4,Covered,Y,N,N,2024-01-26,2024-10-02,FormularyManager
FRM001282,PLAN004,91814375357,Cymbalta,4,Covered,N,N,Y,2024-12-11,2026-06-16,FormularyManager
FRM001283,PLAN019,60247897621,Lopressor,5,Covered,Y,N,N,2024-12-27,2025-12-12,FormularyManager
FRM001284,PLAN005,86713966277,Jardiance,5,Covered,Y,Y,N,2025-05-01,2027-03-06,FormularyManager
FRM001285,PLAN003,61425622844,Januvia,5,Covered,N,N,N,2024-03-21,2025-07-01,FormularyManager
FRM001286,PLAN018,51730490271,UNKNOWN BRAND DRG00439,2,Excluded,Y,N,N,2024-11-29,2025-07-13,FormularyManager
FRM001287,PLAN003,93500208178,Cozaar,4,Covered,N,N,N,2026-03-12,2028-01-13,FormularyManager
FRM001288,PLAN019,67141494586,Neurontin,5,Covered,N,Y,N,2024-03-16,2026-01-27,FormularyManager
FRM001289,PLAN015,62718517427,Wellbutrin,6,Covered,N,N,N,2025-11-30,2027-10-10,FormularyManager
FRM001290,PLAN015,46919436288,Cymbalta,3,Covered,Y,Y,N,2025-08-29,2026-03-08,FormularyManager
FRM001291,PLAN016,29471563846,Coreg,4,Covered,N,Y,N,2025-02-18,2026-08-05,FormularyManager
FRM001292,PLAN016,79480401968,Aldactone,3,Covered,N,N,Y,2026-04-17,2027-01-12,FormularyManager
FRM001293,PLAN006,22366963895,Neurontin,3,Covered,N,N,N,2025-02-28,2026-07-22,FormularyManager
FRM001294,PLAN011,40895504647,Humalog,3,Covered,N,Y,N,2024-08-06,2025-07-16,FormularyManager
FRM001295,PLAN011,97186359837,Synthroid,3,Covered,N,N,N,2026-04-19,2028-03-10,FormularyManager
FRM001296,PLAN009,47131206943,Aldactone,4,Covered,Y,N,N,2024-07-03,2026-03-03,FormularyManager
FRM001297,PLAN017,11713731824,Lopressor,3,Covered,N,N,N,2025-07-18,2026-05-03,FormularyManager
FRM001298,PLAN019,40895504647,Humalog,5,Non-Preferred,Y,N,N,2025-01-17,2026-02-08,FormularyManager
FRM001299,PLAN002,42883174115,Zoloft,2,,Y,N,N,2024-05-01,2025-09-24,FormularyManager
FRM001300,PLAN018,98076393354,Neurontin,3,Covered,N,N,N,2026-01-11,2027-07-19,FormularyManager
FRM001301,PLAN002,44531515535,Jardiance,3,Non-Preferred,Y,N,N,2026-02-06,2028-01-15,FormularyManager
FRM001302,PLAN002,67086806285,Eliquis,1,Covered,N,Y,N,2024-12-09,2025-11-30,FormularyManager
FRM001303,PLAN017,44872908135,Cymbalta,2,Non-Preferred,N,Y,N,2024-06-05,2025-07-06,FormularyManager
FRM001304,PLAN006,50461794847,Cozaar,2,Covered,N,N,N,2024-03-11,2026-03-09,FormularyManager
FRM001305,PLAN020,24616800293,Prinivil,1,Covered,N,Y,Y,2025-08-09,2026-05-31,FormularyManager
FRM001306,PLAN019,26665254060,Norvasc,4,Covered,N,N,N,2024-03-07,2026-02-09,FormularyManager
FRM001307,PLAN010,48045569225,Crestor,4,Covered,N,N,Y,2025-08-26,2027-05-14,FormularyManager
FRM001308,PLAN011,52087160927,Januvia,3,Covered,N,N,N,2025-10-03,2026-10-16,FormularyManager
FRM001309,PLAN009,77783196614,Zoloft,5,Excluded,Y,N,Y,2024-10-27,2026-06-14,FormularyManager
FRM001310,PLAN015,27990184869,Aldactone,5,Covered,N,N,N,2024-05-20,2025-07-09,FormularyManager
FRM001311,PLAN010,12250369486,Cymbalta,5,Excluded,N,N,N,2025-01-20,2026-05-31,FormularyManager
FRM001312,PLAN020,92859713640,Cozaar,3,Excluded,N,N,N,2026-04-27,2027-11-19,FormularyManager
FRM001313,PLAN007,96685314635,Prozac,4,Covered,Y,N,Y,2024-03-13,2024-10-26,FormularyManager
FRM001314,PLAN010,55747428354,Januvia,1,Covered,Y,Y,N,2025-12-11,2026-07-06,FormularyManager
FRM001315,PLAN013,81673281655,Microzide,2,Non-Preferred,N,N,Y,2025-05-30,2027-02-09,FormularyManager
FRM001316,PLAN018,19307837771,Protonix,1,Covered,N,N,N,2026-04-02,2027-03-13,FormularyManager
FRM001317,PLAN001,18083108393,Prinivil,2,Covered,N,N,N,2025-03-18,2025-11-10,FormularyManager
FRM001318,PLAN008,79563396334,Singulair,1,Covered,N,N,N,2025-07-02,2026-04-04,FormularyManager
FRM001319,PLAN009,66359510772,Januvia,3,Covered,N,N,N,2024-01-18,2025-05-05,FormularyManager
FRM001320,PLAN007,86802579865,Ventolin,2,Covered,N,Y,N,2025-11-03,2027-10-01,FormularyManager
FRM001321,PLAN011,14904163164,Eliquis,3,Covered,N,N,N,2026-02-20,2027-08-22,FormularyManager
FRM001322,PLAN013,20698353031,Synthroid,3,Non-Preferred,Y,N,Y,2024-12-24,2026-12-08,FormularyManager
FRM001323,PLAN007,21642883934,Lopressor,2,Covered,N,Y,N,2025-07-24,2026-01-28,FormularyManager
FRM001324,PLAN008,66849248677,Coreg,1,Covered,N,N,N,2026-05-31,2027-10-07,FormularyManager
FRM001325,PLAN019,99511771384,Cozaar,1,Excluded,Y,N,N,2024-06-26,2025-01-13,FormularyManager
FRM001326,PLAN012,39238700621,Prozac,5,Covered,N,N,N,2025-03-01,2026-02-19,FormularyManager
FRM001327,PLAN012,18987102928,Plavix,1,Covered,N,N,N,2025-04-27,2026-01-02,FormularyManager
FRM001328,PLAN010,79563396334,Singulair,1,Non-Preferred,N,N,N,2025-03-09,2025-11-19,FormularyManager
FRM001329,PLAN014,70556245848,Ventolin,3,Covered,N,Y,N,2024-05-15,2025-10-25,FormularyManager
FRM001330,PLAN015,37929930922,Prinivil,5,Covered,N,Y,N,2025-02-27,2026-10-03,FormularyManager
FRM001331,PLAN003,87471341583,Lasix,2,Covered,N,N,N,2025-06-21,2026-07-03,FormularyManager
FRM001332,PLAN019,28814780756,Microzide,3,Covered,N,N,N,2024-04-21,2025-11-10,FormularyManager
FRM001333,PLAN008,15134521550,Wellbutrin,4,Non-Preferred,Y,N,Y,2024-05-28,2025-10-09,FormularyManager
FRM001334,PLAN013,92515101438,Ozempic,5,Covered,Y,N,N,2024-09-17,2025-10-04,FormularyManager
FRM001335,PLAN015,75405190344,Jardiance,3,Covered,Y,N,N,2025-02-02,2026-04-20,FormularyManager
FRM001336,PLAN018,36285274953,Lasix,2,Covered,N,N,Y,2024-06-30,2026-02-08,FormularyManager
FRM001337,PLAN002,12391577414,Humalog,4,Non-Preferred,N,N,N,2026-02-21,2026-10-31,FormularyManager
FRM001338,PLAN006,86802579865,Ventolin,5,Non-Preferred,Y,N,N,2024-10-04,2026-10-03,FormularyManager
FRM001339,PLAN016,38130142714,Glucophage,2,Covered,N,N,N,2024-11-29,2026-09-22,FormularyManager
FRM001340,PLAN017,80745561821,Singulair,6,Covered,N,N,N,2025-12-31,2026-08-16,FormularyManager
FRM001341,PLAN020,18501762876,Neurontin,3,Covered,N,Y,N,2025-05-14,2026-08-17,FormularyManager
FRM001342,PLAN014,78211193483,UNKNOWN BRAND DRG00226,3,Covered,N,N,N,2025-03-19,2026-11-03,FormularyManager
FRM001343,PLAN006,60804702793,Wellbutrin,2,Covered,Y,N,N,2024-04-06,2025-06-20,FormularyManager
FRM001344,PLAN016,61820941754,Wellbutrin,5,Covered,N,Y,N,2026-01-12,2027-12-02,FormularyManager
FRM001345,PLAN004,79715188913,Lantus,5,Non-Preferred,Y,N,N,2024-09-06,2026-01-27,FormularyManager
FRM001346,PLAN011,62627523121,Lantus,1,Covered,N,N,N,2024-10-09,2025-08-22,FormularyManager
FRM001347,PLAN002,26801997786,Ozempic,4,Covered,Y,Y,Y,2025-03-03,2027-02-08,FormularyManager
FRM001348,PLAN001,65966563490,Ozempic,5,Covered,N,N,N,2025-03-01,2025-09-30,FormularyManager
FRM001349,PLAN004,60856152434,Aldactone,5,Non-Preferred,N,Y,N,2025-05-21,2025-12-13,FormularyManager
FRM001350,PLAN010,98037118876,Lantus,5,Non-Preferred,N,N,N,2024-12-27,2026-03-27,FormularyManager
FRM001351,PLAN010,90653588422,Lexapro,5,Covered,Y,N,N,2024-10-29,2026-10-08,FormularyManager
FRM001352,PLAN020,63011707032,Ozempic,2,Covered,Y,N,N,2024-07-12,2025-09-27,FormularyManager
FRM001353,PLAN001,43701205518,Ozempic,1,Covered,Y,N,N,2026-01-13,2027-06-19,FormularyManager
FRM001354,PLAN014,37452117788,Januvia,1,Covered,N,Y,N,2025-10-28,2027-02-27,FormularyManager
FRM001355,PLAN015,47494236310,Lipitor,3,Covered,N,N,Y,2024-05-20,2025-10-10,FormularyManager
FRM001356,PLAN002,44579406461,Norvasc,2,Covered,N,N,Y,2025-09-13,2027-08-13,FormularyManager
FRM001357,PLAN017,71431521823,Crestor,3,Covered,N,N,N,2025-02-08,2025-10-05,FormularyManager
FRM001358,PLAN011,65004145763,Januvia,5,Covered,N,N,N,2026-05-16,2028-02-17,FormularyManager
FRM001359,PLAN008,14432106343,Microzide,3,Covered,N,N,N,2026-02-20,2027-03-21,FormularyManager
FRM001360,PLAN005,97378960743,Synthroid,4,Covered,N,Y,N,2024-10-17,2026-05-29,FormularyManager
FRM001361,PLAN006,31028872249,Prinivil,2,Non-Preferred,N,N,Y,2024-04-23,2025-09-09,FormularyManager
FRM001362,PLAN014,69287415359,Zoloft,5,Non-Preferred,N,N,N,2024-01-23,2025-06-19,FormularyManager
FRM001363,PLAN016,78831371488,Humalog,1,Covered,N,N,Y,2024-11-12,2025-07-22,FormularyManager
FRM001364,PLAN014,25766628880,Lasix,4,Covered,Y,Y,Y,2025-09-07,2027-01-19,FormularyManager
FRM001365,PLAN004,73046419016,Wellbutrin,2,Covered,N,N,N,2024-08-19,2025-03-13,FormularyManager
FRM001366,PLAN017,17278457796,Prozac,2,Covered,N,N,N,2024-01-18,2025-06-06,FormularyManager
FRM001367,PLAN014,86680432854,Norvasc,1,Covered,N,N,N,2024-05-09,2025-01-05,FormularyManager
FRM001368,PLAN020,33808260085,Cymbalta,4,Non-Preferred,N,N,Y,2025-07-19,2027-07-16,FormularyManager
FRM001369,PLAN016,22313207361,Jardiance,1,Covered,N,N,Y,2024-09-17,2026-03-27,FormularyManager
FRM001370,PLAN020,57344228998,Protonix,2,Covered,N,Y,N,2024-12-25,2026-08-07,FormularyManager
FRM001371,PLAN013,97142643090,Aldactone,2,Covered,N,N,Y,2024-08-04,2025-11-13,FormularyManager
FRM001372,PLAN008,46113156038,Humalog,5,Non-Preferred,N,N,N,2025-03-11,2026-01-25,FormularyManager
FRM001373,PLAN008,94714373929,Januvia,1,Covered,N,N,N,2025-04-01,2027-03-14,FormularyManager
FRM001374,PLAN016,48632631955,Protonix,5,Covered,N,N,Y,2024-08-27,2026-06-12,FormularyManager
FRM001375,PLAN016,80550996369,Vibramycin,4,Covered,N,N,Y,2026-04-22,2027-10-26,FormularyManager
FRM001376,PLAN004,51917506910,Crestor,0,Excluded,N,Y,Y,2025-05-29,2026-10-16,FormularyManager
FRM001377,PLAN014,48836820566,Lipitor,5,Covered,N,N,N,2025-11-24,2027-10-12,FormularyManager
FRM001378,PLAN011,51850973745,Jardiance,2,Covered,N,N,Y,2024-11-23,2026-03-23,FormularyManager
FRM001379,PLAN004,22522938085,Eliquis,5,Covered,N,N,N,2024-05-25,2025-09-01,FormularyManager
FRM001380,PLAN014,27990184869,Aldactone,4,Covered,N,N,N,2025-04-13,2025-12-20,FormularyManager
FRM001381,PLAN004,90653588422,Lexapro,3,Non-Preferred,Y,N,N,2024-12-13,2026-12-07,FormularyManager
FRM001382,PLAN010,63060557974,Ozempic,3,Excluded,N,N,N,2026-02-12,2026-10-07,FormularyManager
FRM001383,PLAN017,20698353031,Synthroid,4,Covered,N,N,Y,2024-12-10,2026-10-01,FormularyManager
FRM001384,PLAN012,76013679988,Cozaar,5,Excluded,N,N,Y,2025-10-02,2027-08-18,FormularyManager
FRM001385,PLAN011,20269556375,Singulair,2,Covered,N,N,N,2024-03-31,2025-08-04,FormularyManager
FRM001386,PLAN011,57892185137,Singulair,5,Non-Preferred,N,N,N,2024-10-29,2025-07-29,FormularyManager
FRM001387,PLAN001,37017591044,Jardiance,4,Excluded,Y,N,N,2025-02-11,2026-06-17,FormularyManager
FRM001388,PLAN003,80158561493,Prinivil,4,Excluded,N,Y,N,2026-03-28,2027-08-04,FormularyManager
FRM001389,PLAN018,37423653148,Lasix,2,Covered,N,Y,N,2026-05-31,2027-01-02,FormularyManager
FRM001390,PLAN018,85417501813,Wellbutrin,4,Covered,N,N,N,2025-08-19,2026-04-06,FormularyManager
FRM001391,PLAN001,94459224162,Norvasc,4,Covered,N,N,N,2024-01-03,2024-07-05,FormularyManager
FRM001392,PLAN012,61102807993,Humalog,5,Covered,N,N,N,2025-10-18,2027-06-03,FormularyManager
FRM001393,PLAN010,52004247373,Eliquis,5,Covered,Y,N,Y,2025-09-05,2026-05-25,FormularyManager
FRM001394,PLAN019,64532981981,Crestor,2,Covered,N,N,N,2025-02-03,2026-12-07,FormularyManager
FRM001395,PLAN019,67086806285,Eliquis,5,Covered,N,N,N,2025-07-05,2026-02-03,FormularyManager
FRM001396,PLAN004,48967225613,Neurontin,5,Covered,N,N,N,2026-01-16,2027-04-10,FormularyManager
FRM001397,PLAN019,90122185551,Januvia,5,Covered,N,Y,N,2026-03-09,2027-03-22,FormularyManager
FRM001398,PLAN014,80870713084,Synthroid,3,Covered,Y,N,N,2024-01-05,2025-07-19,FormularyManager
FRM001399,PLAN010,96515232917,Norvasc,5,Covered,N,N,N,2024-08-30,2025-12-02,FormularyManager
FRM001400,PLAN009,23338670584,FORMULARY NAME MISMATCH,4,Covered,N,N,N,2025-03-24,2025-11-18,FormularyManager
FRM001401,PLAN003,98037118876,Lantus,4,Covered,N,N,Y,2024-09-21,2025-10-21,FormularyManager
FRM001402,PLAN013,47326286219,Lopressor,4,Covered,Y,N,Y,2024-05-21,2024-12-17,FormularyManager
FRM001403,PLAN017,98610652597,Prinivil,2,Non-Preferred,Y,Y,N,2025-12-03,2027-08-02,FormularyManager
FRM001404,PLAN010,74794323539,Aldactone,2,Covered,Y,N,N,2025-12-11,2027-11-23,FormularyManager
FRM001405,PLAN014,10394138129,Lantus,2,Excluded,N,Y,N,2024-12-12,2026-07-02,FormularyManager
FRM001406,PLAN002,55066490222,Cozaar,5,Covered,Y,Y,N,2025-02-14,2025-12-17,FormularyManager
FRM001407,PLAN006,97242993023,FORMULARY NAME MISMATCH,3,Covered,N,N,Y,2024-09-28,2025-09-11,FormularyManager
FRM001408,PLAN016,50757578276,Zoloft,5,Covered,N,N,Y,2025-04-15,2026-03-05,FormularyManager
FRM001409,PLAN016,52087160927,Januvia,2,Excluded,N,N,Y,2024-05-17,2025-02-01,FormularyManager
FRM001410,PLAN001,92608453526,Ozempic,1,Non-Preferred,N,N,N,2025-12-01,2027-03-06,FormularyManager
FRM001411,PLAN018,44211207023,UNKNOWN BRAND DRG00834,5,Covered,N,N,N,2025-04-14,2027-04-10,FormularyManager
FRM001412,PLAN016,22287685065,Wellbutrin,5,Covered,N,Y,Y,2025-02-02,2025-09-03,FormularyManager
FRM001413,PLAN003,94250599448,Humalog,1,Covered,N,N,N,2025-10-28,2026-10-21,FormularyManager
FRM001414,PLAN020,91356729487,Synthroid,3,Covered,Y,N,N,2024-05-25,2026-05-13,FormularyManager
FRM001415,PLAN003,93139577848,Protonix,2,Covered,N,N,N,2026-04-29,2028-01-19,FormularyManager
FRM001416,PLAN012,78929224734,Norvasc,5,Covered,N,N,N,2024-10-27,2025-09-14,FormularyManager
FRM001417,PLAN020,18150603280,Microzide,3,Non-Preferred,N,N,N,2026-01-21,2027-01-25,FormularyManager
FRM001418,PLAN004,59912899015,Lantus,2,Non-Preferred,N,N,N,2026-04-09,2026-12-21,FormularyManager
FRM001419,PLAN003,86876532778,Jardiance,1,Covered,N,N,N,2026-02-10,2027-10-29,FormularyManager
FRM001420,PLAN014,12391577414,Humalog,4,Non-Preferred,N,N,N,2024-05-25,2026-01-06,FormularyManager
FRM001421,PLAN008,99511771384,Cozaar,3,Covered,N,N,N,2024-10-02,2026-04-05,FormularyManager
FRM001422,PLAN002,95095862344,Singulair,1,Covered,Y,N,N,2024-01-12,2025-02-16,FormularyManager
FRM001423,PLAN019,92375297554,Lipitor,5,Covered,Y,Y,N,2026-05-15,2027-11-18,FormularyManager
FRM001424,PLAN010,18077751316,Prinivil,2,Covered,N,N,N,2025-12-29,2027-04-19,FormularyManager
FRM001425,PLAN007,96381286924,Singulair,4,Covered,N,Y,N,2024-04-06,2025-12-18,FormularyManager
FRM001426,PLAN016,25353369992,Vibramycin,4,Covered,N,Y,Y,2025-08-10,2027-05-22,FormularyManager
FRM001427,PLAN020,75670258359,Cymbalta,5,Covered,N,N,N,2024-06-26,2025-02-06,FormularyManager
FRM001428,PLAN006,23338670584,Lasix,2,Covered,N,N,N,2025-03-24,2026-06-15,FormularyManager
FRM001429,PLAN001,55066490222,Cozaar,4,Covered,N,N,N,2024-02-21,2025-05-24,FormularyManager
FRM001430,PLAN001,68485665817,Lopressor,3,Non-Preferred,Y,Y,N,2025-11-06,2027-06-15,FormularyManager
FRM001431,PLAN006,38837974554,Januvia,1,Non-Preferred,N,Y,N,2024-02-10,2024-08-25,FormularyManager
FRM001432,PLAN011,27560233760,Eliquis,2,Non-Preferred,N,Y,Y,2025-05-29,2026-03-24,FormularyManager
FRM001433,PLAN015,49501356011,Lopressor,3,Non-Preferred,Y,Y,N,2024-11-05,2026-07-05,FormularyManager
FRM001434,PLAN020,86890799081,Norvasc,5,Non-Preferred,N,Y,N,2025-02-05,2026-03-16,FormularyManager
FRM001435,PLAN006,81712516630,Crestor,4,Covered,N,N,N,2024-03-24,2026-02-26,FormularyManager
FRM001436,PLAN019,99338867913,Prinivil,4,Covered,N,Y,N,2025-09-04,2026-10-16,FormularyManager
FRM001437,PLAN012,69240639616,Ozempic,2,Covered,N,N,Y,2024-12-22,2026-09-28,FormularyManager
FRM001438,PLAN004,25964239840,Wellbutrin,4,Covered,Y,N,N,2026-02-16,2027-03-02,FormularyManager
FRM001439,PLAN011,36527120523,Prilosec,5,Non-Preferred,N,N,N,2026-05-28,2027-12-04,FormularyManager
FRM001440,PLAN008,43873981962,Wellbutrin,4,Excluded,N,N,N,2024-03-01,2025-03-11,FormularyManager
FRM001441,PLAN006,83261389024,Synthroid,5,Covered,Y,N,N,2025-01-08,2025-09-15,FormularyManager
FRM001442,PLAN002,59772579378,Lopressor,1,Covered,N,N,N,2025-03-31,2027-03-19,FormularyManager
FRM001443,PLAN020,78211193483,UNKNOWN BRAND DRG00226,2,Covered,N,N,Y,2026-02-06,2027-06-26,FormularyManager
FRM001444,PLAN011,29471563846,Coreg,4,Covered,N,N,N,2024-09-05,2026-04-19,FormularyManager
FRM001445,PLAN015,26703687825,Zoloft,4,Non-Preferred,N,N,N,2026-02-10,2026-12-01,FormularyManager
FRM001446,PLAN001,59783584950,Humalog,4,Non-Preferred,N,N,N,2024-02-27,2024-12-04,FormularyManager
FRM001447,PLAN020,94599568355,Microzide,2,Excluded,N,N,N,2026-05-01,2027-10-18,FormularyManager
FRM001448,PLAN002,38837974554,Januvia,1,Covered,N,Y,N,2024-09-13,2026-01-19,FormularyManager
FRM001449,PLAN019,17493123839,Plavix,2,Covered,N,N,N,2026-04-06,2026-10-09,FormularyManager
FRM001450,PLAN001,66849248677,Coreg,1,Covered,N,N,N,2025-08-04,2027-06-23,FormularyManager
FRM001451,PLAN008,52954526623,Zoloft,2,Covered,N,Y,N,2025-04-12,2025-11-02,FormularyManager
FRM001452,PLAN008,66849248677,Coreg,3,Covered,N,N,N,2024-07-28,2025-08-17,FormularyManager
FRM001453,PLAN012,99309147368,Jardiance,4,Covered,N,Y,N,2026-05-29,2027-02-17,FormularyManager
FRM001454,PLAN015,66359510772,Januvia,3,Covered,N,Y,N,2025-12-04,2027-10-07,FormularyManager
FRM001455,PLAN015,80226651352,Crestor,3,Covered,N,N,N,2024-04-13,2025-07-11,FormularyManager
FRM001456,PLAN015,91304485350,Lipitor,5,Covered,N,N,N,2024-11-08,2026-01-24,FormularyManager
FRM001457,PLAN002,39556565835,Vibramycin,9,Covered,N,N,Y,2026-01-30,2027-11-03,FormularyManager
FRM001458,PLAN003,31674507922,Protonix,2,Covered,N,N,Y,2025-05-01,2026-04-09,FormularyManager
FRM001459,PLAN018,33667709457,Protonix,3,Covered,N,N,N,2025-07-22,2026-06-14,FormularyManager
FRM001460,PLAN002,96005568835,Vibramycin,2,Covered,Y,N,N,2025-05-17,2026-04-08,FormularyManager
FRM001461,PLAN002,68817261549,Humalog,2,Covered,N,N,N,2025-07-31,2026-09-08,FormularyManager
FRM001462,PLAN019,47253753474,Protonix,3,Covered,N,N,Y,2026-02-10,2028-01-22,FormularyManager
FRM001463,PLAN009,36099200846,Lasix,4,Covered,Y,N,N,2024-06-25,2025-06-15,FormularyManager
FRM001464,PLAN006,92832990195,Singulair,3,Covered,N,N,Y,2025-11-13,2027-07-18,FormularyManager
FRM001465,PLAN018,61425622844,Januvia,2,Covered,N,Y,N,2024-12-21,2025-12-27,FormularyManager
FRM001466,PLAN011,35257352788,Vibramycin,3,Covered,Y,N,Y,2026-01-15,2026-09-09,FormularyManager
FRM001467,PLAN014,24959442831,Humalog,5,Covered,Y,Y,N,2024-09-30,2025-05-14,FormularyManager
FRM001468,PLAN017,42506952673,Ozempic,4,Non-Preferred,N,N,N,2025-12-24,2026-07-16,FormularyManager
FRM001469,PLAN010,21424930580,Glucophage,1,Covered,N,N,N,2025-07-14,2027-03-30,FormularyManager
FRM001470,PLAN007,94092112525,Neurontin,2,Covered,N,N,Y,2025-03-11,2026-06-11,FormularyManager
FRM001471,PLAN006,90653588422,Lexapro,1,Covered,Y,N,N,2024-04-14,2025-02-13,FormularyManager
FRM001472,PLAN014,39238700621,Prozac,4,Covered,N,N,N,2025-11-18,2027-10-26,FormularyManager
FRM001473,PLAN001,68732282181,Neurontin,1,Excluded,N,Y,N,2024-04-20,2025-08-26,FormularyManager
FRM001474,PLAN004,99282121398,Prozac,5,Covered,N,N,N,2024-02-20,2025-07-05,FormularyManager
FRM001475,PLAN004,51167339278,Ventolin,3,Covered,Y,N,N,2025-05-10,2026-11-21,FormularyManager
FRM001476,PLAN008,61425622844,Januvia,2,Covered,N,N,N,2026-05-27,2027-05-23,FormularyManager
FRM001477,PLAN010,11107186150,Plavix,1,Non-Preferred,N,N,N,2024-08-31,2026-02-07,FormularyManager
FRM001478,PLAN019,66887309527,Microzide,1,Covered,Y,N,N,2026-02-15,2027-08-05,FormularyManager
FRM001479,PLAN018,31723369638,Vibramycin,2,Covered,N,N,Y,2025-09-15,2026-10-10,FormularyManager
FRM001480,PLAN015,31923278318,Vibramycin,5,Covered,N,N,N,2025-09-28,2026-08-01,FormularyManager
FRM001481,PLAN011,96959249363,Cymbalta,5,Covered,N,N,N,2026-05-14,2028-05-06,FormularyManager
FRM001482,PLAN017,55296874591,Synthroid,3,Non-Preferred,N,N,N,2024-02-22,2025-02-27,FormularyManager
FRM001483,PLAN003,96493569992,Synthroid,2,Covered,Y,N,Y,2024-01-24,2025-10-03,FormularyManager
FRM001484,PLAN006,61966238250,Neurontin,1,Covered,Y,Y,N,2025-05-16,2027-03-05,FormularyManager
FRM001485,PLAN011,69240639616,Ozempic,2,Covered,N,N,N,2025-08-02,2027-01-16,FormularyManager
FRM001486,PLAN011,86802579865,Ventolin,2,Non-Preferred,N,Y,N,2025-04-17,2026-12-23,FormularyManager
FRM001487,PLAN003,39077562796,Glucophage,3,Covered,N,Y,N,2025-07-03,2027-06-09,FormularyManager
FRM001488,PLAN006,26948834812,FORMULARY NAME MISMATCH,2,Covered,N,N,N,2025-11-12,2027-05-31,FormularyManager
FRM001489,PLAN015,37355642412,Zoloft,5,Non-Preferred,N,N,N,2025-02-19,2026-07-23,FormularyManager
FRM001490,PLAN010,82822319745,Crestor,5,Non-Preferred,Y,Y,N,2026-03-28,2027-01-28,FormularyManager
FRM001491,PLAN014,49994194179,Jardiance,1,Excluded,N,N,N,2026-04-01,2027-04-30,FormularyManager
FRM001492,PLAN001,14030276734,Cymbalta,2,Non-Preferred,Y,N,N,2025-06-15,2027-03-15,FormularyManager
FRM001493,PLAN003,38862821761,Prilosec,2,Non-Preferred,N,N,N,2025-05-26,2026-08-11,FormularyManager
FRM001494,PLAN013,95847621920,Lopressor,1,Covered,N,N,N,2026-01-17,2026-08-19,FormularyManager
FRM001495,PLAN020,61680269653,Zoloft,3,Covered,N,N,Y,2024-08-05,2025-03-10,FormularyManager
FRM001496,PLAN016,47253753474,Protonix,3,Covered,N,N,N,2024-01-06,2024-10-28,FormularyManager
FRM001497,PLAN001,94092112525,Neurontin,3,Non-Preferred,N,Y,N,2024-02-11,2025-09-22,FormularyManager
FRM001498,PLAN007,56084952427,Humalog,3,Covered,Y,N,N,2026-02-23,2027-09-23,FormularyManager
FRM001499,PLAN017,78831371488,Humalog,3,Covered,Y,N,Y,2024-06-10,2026-05-12,FormularyManager
FRM001500,PLAN005,94092112525,Neurontin,4,Covered,N,N,N,2025-03-13,2026-10-16,FormularyManager
FRM001501,PLAN006,40842594127,Eliquis,2,Covered,N,Y,N,2025-07-02,2026-07-14,FormularyManager
FRM001502,PLAN002,70483244548,Coreg,3,Non-Preferred,N,N,N,2025-05-16,2026-11-22,FormularyManager
FRM001503,PLAN002,77633965520,Zoloft,5,Covered,N,N,N,2024-08-27,2026-01-07,FormularyManager
FRM001504,PLAN011,94835111213,Ventolin,3,Covered,N,N,N,2025-12-15,2027-10-21,FormularyManager
FRM001505,PLAN006,66961165235,Crestor,1,Covered,N,N,N,2024-05-06,2025-08-01,FormularyManager
FRM001506,PLAN013,99282121398,Prozac,5,Covered,N,Y,Y,2025-07-07,2026-01-22,FormularyManager
FRM001507,PLAN013,76013679988,Cozaar,4,Covered,N,N,N,2025-05-09,2026-02-26,FormularyManager
FRM001508,PLAN015,63613240630,Ozempic,3,Covered,N,Y,N,2026-03-29,2027-09-29,FormularyManager
FRM001509,PLAN006,96443863653,Zoloft,2,Non-Preferred,Y,N,N,2025-10-11,2026-12-23,FormularyManager
FRM001510,PLAN020,57576578668,Zoloft,1,Covered,N,N,N,2026-03-24,2027-10-07,FormularyManager
FRM001511,PLAN005,28631979336,Prozac,2,Covered,N,N,N,2024-04-06,2024-10-05,FormularyManager
FRM001512,PLAN007,13230284057,Januvia,1,Covered,N,Y,N,2025-11-24,2027-05-04,FormularyManager
FRM001513,PLAN017,39903246537,Prilosec,5,Covered,N,N,N,2025-06-22,2027-03-22,FormularyManager
FRM001514,PLAN009,62995547857,Cymbalta,5,Non-Preferred,N,N,N,2025-02-12,2026-08-13,FormularyManager
FRM001515,PLAN016,87507818254,Zoloft,1,Covered,Y,N,N,2026-04-12,2026-10-10,FormularyManager
FRM001516,PLAN004,41290491468,Prinivil,3,Non-Preferred,N,N,N,2024-06-13,2025-12-19,FormularyManager
FRM001517,PLAN007,73825238231,Lexapro,2,Covered,Y,N,N,2025-04-19,2026-09-25,FormularyManager
FRM001518,PLAN004,11107186150,Plavix,2,Covered,N,N,Y,2025-07-05,2026-03-20,FormularyManager
FRM001519,PLAN002,61966238250,Neurontin,4,Non-Preferred,Y,N,Y,2024-12-08,2026-06-13,FormularyManager
FRM001520,PLAN017,25094254121,Synthroid,1,Covered,N,N,N,2026-02-17,2027-08-27,FormularyManager
FRM001521,PLAN010,90653588422,Lexapro,4,Covered,N,N,N,2026-02-15,2026-09-15,FormularyManager
FRM001522,PLAN016,92790872997,Plavix,4,Covered,N,Y,N,2024-04-28,2025-12-02,FormularyManager
FRM001523,PLAN009,66286287567,Lopressor,1,Excluded,N,N,Y,2025-06-03,2026-04-15,FormularyManager
FRM001524,PLAN020,25964239840,Wellbutrin,5,Covered,N,Y,N,2024-06-19,2025-12-14,FormularyManager
FRM001525,PLAN010,82822319745,Crestor,1,Covered,N,N,Y,2026-01-25,2026-11-16,FormularyManager
FRM001526,PLAN019,86445320315,Eliquis,1,Covered,N,N,Y,2024-04-07,2026-01-02,FormularyManager
FRM001527,PLAN003,70221820796,Lipitor,5,Covered,N,Y,N,2024-05-05,2025-01-20,FormularyManager
FRM001528,PLAN009,80571446571,Norvasc,3,Covered,N,N,N,2024-03-02,2025-08-04,FormularyManager
FRM001529,PLAN014,52855896229,Neurontin,1,Covered,N,N,Y,2024-02-01,2025-01-01,FormularyManager
FRM001530,PLAN004,58257248865,Synthroid,2,Covered,N,N,N,2026-03-22,2027-10-29,FormularyManager
FRM001531,PLAN018,44151264671,Humalog,1,Non-Preferred,N,N,Y,2025-12-20,2027-09-21,FormularyManager
FRM001532,PLAN019,38837974554,Januvia,2,Covered,Y,Y,N,2026-04-26,2027-06-19,FormularyManager
FRM001533,PLAN018,59002120957,Cozaar,4,Excluded,N,N,Y,2026-06-01,2026-12-27,FormularyManager
FRM001534,PLAN004,33349215114,Ozempic,3,Covered,N,N,Y,2025-10-23,2027-04-20,FormularyManager
FRM001535,PLAN015,38443858993,Lipitor,3,Non-Preferred,Y,N,N,2025-03-28,2026-11-14,FormularyManager
FRM001536,PLAN008,36099200846,Lasix,1,Covered,N,N,Y,2024-03-18,2025-06-11,FormularyManager
FRM001537,PLAN015,38837974554,Januvia,2,Covered,N,N,N,2024-08-24,2026-02-27,FormularyManager
FRM001538,PLAN014,44211207023,UNKNOWN BRAND DRG00834,3,Covered,N,N,N,2024-07-06,2025-07-12,FormularyManager
FRM001539,PLAN007,44605799615,Lasix,3,Covered,N,N,N,2025-06-03,2026-09-16,FormularyManager
FRM001540,PLAN009,23817377057,Lexapro,5,Non-Preferred,N,N,N,2026-01-20,2027-01-28,FormularyManager
FRM001541,PLAN005,48887377765,Aldactone,3,Covered,Y,Y,N,2025-01-12,2026-05-17,FormularyManager
FRM001542,PLAN012,70483244548,Coreg,4,Non-Preferred,N,N,N,2025-12-08,2027-09-19,FormularyManager
FRM001543,PLAN010,52550652494,Cymbalta,1,Excluded,Y,Y,N,2025-03-07,2026-08-03,FormularyManager
FRM001544,PLAN009,18566199288,Coreg,3,Covered,N,N,N,2025-11-14,2027-10-21,FormularyManager
FRM001545,PLAN010,63011707032,Ozempic,2,Covered,N,N,N,2025-04-25,2027-02-19,FormularyManager
FRM001546,PLAN012,55066490222,Cozaar,5,Covered,N,Y,N,2026-05-12,2026-12-04,FormularyManager
FRM001547,PLAN007,95701180452,Neurontin,1,Covered,Y,N,N,2024-07-16,2025-12-25,FormularyManager
FRM001548,PLAN010,19606146745,Microzide,3,Covered,N,N,N,2024-08-28,2025-02-27,FormularyManager
FRM001549,PLAN020,25951181670,Prilosec,1,Covered,N,N,Y,2024-12-20,2026-03-02,FormularyManager
FRM001550,PLAN015,91638946513,Coreg,4,Non-Preferred,N,N,N,2024-04-18,2024-12-02,FormularyManager
FRM001551,PLAN015,20393586211,Januvia,3,Covered,N,N,N,2024-05-27,2025-09-23,FormularyManager
FRM001552,PLAN006,92274531886,Lexapro,3,Non-Preferred,N,N,N,2025-04-22,2026-01-10,FormularyManager
FRM001553,PLAN001,32444678260,Humalog,9,Covered,N,N,Y,2024-12-27,2025-07-17,FormularyManager
FRM001554,PLAN007,39273980031,Vibramycin,1,Covered,N,N,N,2025-07-09,2026-09-23,FormularyManager
FRM001555,PLAN009,30516747666,Cymbalta,3,Covered,N,N,N,2024-12-13,2026-07-05,FormularyManager
FRM001556,PLAN007,23338670584,Lasix,1,Covered,Y,N,N,2025-07-29,2026-05-19,FormularyManager
FRM001557,PLAN020,73548373375,Aldactone,4,Covered,N,N,N,2024-02-29,2024-11-23,FormularyManager
FRM001558,PLAN003,15426453054,FORMULARY NAME MISMATCH,5,Covered,N,Y,N,2025-03-10,2025-12-22,FormularyManager
FRM001559,PLAN011,97242993023,Norvasc,2,Covered,Y,N,N,2026-02-10,2027-07-29,FormularyManager
FRM001560,PLAN017,25904761313,FORMULARY NAME MISMATCH,6,Covered,Y,N,Y,2026-04-09,2027-08-21,FormularyManager
FRM001561,PLAN017,67041360337,Coreg,1,Non-Preferred,N,N,N,2025-01-11,2027-01-08,FormularyManager
FRM001562,PLAN009,78375177340,Zoloft,4,Covered,N,N,N,2024-07-06,2025-12-18,FormularyManager
FRM001563,PLAN008,48632631955,Protonix,4,Covered,N,N,N,2026-01-06,2027-09-12,FormularyManager
FRM001564,PLAN018,69179660314,Microzide,2,Covered,N,N,N,2025-08-10,2026-09-07,FormularyManager
FRM001565,PLAN003,86445320315,Eliquis,2,Covered,N,N,Y,2024-07-24,2025-02-22,FormularyManager
FRM001566,PLAN010,88056214772,Lopressor,3,Covered,Y,N,N,2025-04-03,2026-08-12,FormularyManager
FRM001567,PLAN011,21424930580,Glucophage,5,Covered,N,Y,Y,2025-03-11,2026-05-03,FormularyManager
FRM001568,PLAN011,55068365571,Lipitor,4,Covered,Y,N,N,2025-10-24,2027-10-13,FormularyManager
FRM001569,PLAN006,51465880016,Ozempic,1,Covered,Y,N,N,2025-02-19,2025-11-01,FormularyManager
FRM001570,PLAN017,76582366385,Lantus,1,Covered,N,N,N,2025-10-04,2027-04-26,FormularyManager
FRM001571,PLAN004,26801997786,Ozempic,1,Non-Preferred,N,N,N,2024-01-08,2024-07-06,FormularyManager
FRM001572,PLAN013,37173563991,Lasix,1,Covered,Y,N,Y,2025-08-27,2027-02-02,FormularyManager
FRM001573,PLAN010,55751721745,Aldactone,3,Covered,N,Y,N,2024-03-30,2025-07-04,FormularyManager
FRM001574,PLAN010,49110425221,Ventolin,3,Covered,N,N,Y,2025-01-17,2025-11-29,FormularyManager
FRM001575,PLAN009,56735853544,Singulair,5,Covered,Y,N,N,2025-12-10,2027-02-06,FormularyManager
FRM001576,PLAN003,35516352970,Cymbalta,1,Covered,N,N,N,2026-04-30,2027-01-08,FormularyManager
FRM001577,PLAN004,22522938085,Eliquis,4,Covered,N,N,N,2025-11-10,2027-03-05,FormularyManager
FRM001578,PLAN019,24212233551,Norvasc,2,Covered,N,N,N,2025-11-13,2027-03-26,FormularyManager
FRM001579,PLAN009,47340976831,Singulair,5,Covered,N,N,N,2025-10-27,2026-04-25,FormularyManager
FRM001580,PLAN019,76439803058,Microzide,4,Covered,N,N,N,2025-03-19,2025-10-22,FormularyManager
FRM001581,PLAN019,42368965233,Zoloft,1,Non-Preferred,N,N,Y,2026-03-30,2027-04-30,FormularyManager
FRM001582,PLAN020,67086806285,Eliquis,3,Covered,Y,N,N,2025-07-12,2026-01-21,FormularyManager
FRM001583,PLAN016,68749757957,Prozac,5,Covered,Y,N,N,2024-07-20,2025-12-19,FormularyManager
FRM001584,PLAN017,56531179876,Eliquis,1,Covered,Y,N,N,2025-04-11,2026-04-01,FormularyManager
FRM001585,PLAN016,14627431869,Cymbalta,5,Covered,N,N,N,2024-10-28,2026-06-16,FormularyManager
FRM001586,PLAN019,81267869985,Aldactone,4,Covered,N,N,N,2024-03-19,2026-02-20,FormularyManager
FRM001587,PLAN019,86150728282,Zoloft,5,Non-Preferred,N,N,N,2025-11-13,2026-12-19,FormularyManager
FRM001588,PLAN002,60323145092,Plavix,2,Covered,N,N,N,2025-01-15,2026-03-26,FormularyManager
FRM001589,PLAN018,45073829754,Ventolin,2,Excluded,N,Y,N,2025-12-15,2027-05-24,FormularyManager
FRM001590,PLAN011,36527120523,Prilosec,5,Non-Preferred,N,N,Y,2025-06-15,2026-08-18,FormularyManager
FRM001591,PLAN006,13658312760,Norvasc,4,Non-Preferred,Y,N,N,2026-03-23,2028-01-02,FormularyManager
FRM001592,PLAN006,20964366855,Ventolin,5,Covered,N,N,N,2025-08-28,2026-03-25,FormularyManager
FRM001593,PLAN007,74039272223,Prinivil,3,Non-Preferred,N,N,N,2024-05-05,2025-05-22,FormularyManager
FRM001594,PLAN016,19307837771,Protonix,3,Covered,Y,Y,N,2024-04-30,2025-10-08,FormularyManager
FRM001595,PLAN018,39077562796,Glucophage,1,Covered,Y,N,N,2026-03-15,2027-01-21,FormularyManager
FRM001596,PLAN008,26670320788,Aldactone,3,Covered,N,N,Y,2025-02-07,2026-03-07,FormularyManager
FRM001597,PLAN014,55753696537,Zoloft,2,Excluded,N,N,N,2025-07-28,2027-06-27,FormularyManager
FRM001598,PLAN014,33349215114,Ozempic,4,Excluded,Y,N,N,2026-01-18,2026-09-25,FormularyManager
FRM001599,PLAN001,31553546728,Lasix,2,Covered,N,N,Y,2024-08-28,2026-05-28,FormularyManager
FRM001600,PLAN019,89307815129,Vibramycin,4,Covered,N,Y,Y,2025-04-24,2026-11-15,FormularyManager
FRM001601,PLAN011,15897986050,Jardiance,2,Covered,N,N,N,2025-05-14,2027-04-08,FormularyManager
FRM001602,PLAN001,81165324434,Lantus,3,Covered,Y,N,N,2025-07-05,2026-12-21,FormularyManager
FRM001603,PLAN017,68912388929,Cymbalta,1,Covered,N,N,N,2024-04-14,2026-01-14,FormularyManager
FRM001604,PLAN015,25717847814,Microzide,2,Covered,N,N,N,2025-10-19,2027-03-25,FormularyManager
FRM001605,PLAN020,49300844372,Lipitor,2,Covered,N,N,N,2024-06-05,2025-12-03,FormularyManager
FRM001606,PLAN010,93961156923,Singulair,5,Excluded,N,N,N,2024-11-14,2026-08-31,FormularyManager
FRM001607,PLAN014,97829657184,Eliquis,1,Covered,Y,N,N,2024-07-15,2025-12-09,FormularyManager
FRM001608,PLAN008,39556565835,Vibramycin,5,Covered,N,N,N,2026-04-26,2027-12-25,FormularyManager
FRM001609,PLAN003,55068365571,Lipitor,4,Covered,N,N,N,2025-10-28,2027-02-04,FormularyManager
FRM001610,PLAN014,98076393354,Neurontin,3,Covered,Y,N,Y,2024-07-21,2026-06-14,FormularyManager
FRM001611,PLAN009,24069146482,Lopressor,4,Non-Preferred,N,N,N,2024-05-18,2025-10-07,FormularyManager
FRM001612,PLAN007,63498422023,Plavix,1,Covered,N,Y,N,2025-06-10,2027-06-09,FormularyManager
FRM001613,PLAN015,76744433751,Ozempic,4,Covered,N,N,N,2024-07-23,2026-07-08,FormularyManager
FRM001614,PLAN011,62718517427,Wellbutrin,3,Covered,N,N,N,2025-09-03,2027-03-16,FormularyManager
FRM001615,PLAN001,33745564480,Prozac,2,Covered,N,N,N,2024-09-23,2025-07-28,FormularyManager
FRM001616,PLAN020,31054839415,Humalog,4,Covered,N,N,N,2024-06-09,2025-04-01,FormularyManager
FRM001617,PLAN002,85864453239,Lexapro,3,Covered,N,N,N,2025-02-28,2026-02-16,FormularyManager
FRM001618,PLAN018,68129441146,Aldactone,5,Covered,Y,N,N,2025-11-29,2026-11-14,FormularyManager
FRM001619,PLAN007,73362282174,Protonix,1,Covered,N,N,N,2025-09-26,2027-05-18,FormularyManager
FRM001620,PLAN015,17735727527,Prinivil,3,Non-Preferred,N,Y,N,2025-10-17,2026-06-23,FormularyManager
FRM001621,PLAN015,93500208178,Cozaar,3,Non-Preferred,N,N,N,2026-05-23,2028-05-17,FormularyManager
FRM001622,PLAN019,86150728282,Zoloft,1,Covered,Y,N,N,2025-12-18,2027-08-23,FormularyManager
FRM001623,PLAN017,45750813449,Prilosec,2,Covered,N,N,N,2024-11-30,2025-06-17,FormularyManager
FRM001624,PLAN003,51203246489,Jardiance,3,Covered,N,N,N,2024-12-23,2026-02-28,FormularyManager
FRM001625,PLAN003,57036754977,Lantus,3,Covered,N,N,Y,2024-11-15,2026-10-11,FormularyManager
FRM001626,PLAN002,85086957723,Januvia,5,Covered,N,N,N,2024-07-17,2025-09-18,FormularyManager
FRM001627,PLAN003,63498422023,Plavix,4,Covered,N,N,Y,2026-01-10,2027-12-26,FormularyManager
FRM001628,PLAN001,13289945916,Plavix,1,Non-Preferred,Y,N,N,2024-01-12,2024-11-12,FormularyManager
FRM001629,PLAN018,94423237054,Coreg,2,Covered,N,N,N,2024-05-20,2025-01-28,FormularyManager
FRM001630,PLAN016,15585457750,Lipitor,4,Non-Preferred,N,N,Y,2025-08-14,2027-05-18,FormularyManager
FRM001631,PLAN008,63128504045,Lipitor,5,Covered,Y,N,N,2024-05-05,2026-01-15,FormularyManager
FRM001632,PLAN015,63039619641,Ventolin,3,Covered,N,N,N,2024-01-14,2025-07-15,FormularyManager
FRM001633,PLAN001,67413273786,Prinivil,3,Covered,N,N,Y,2025-07-19,2027-05-13,FormularyManager
FRM001634,PLAN016,31265213479,Cymbalta,1,Covered,N,N,N,2025-01-25,2026-12-24,FormularyManager
FRM001635,PLAN004,84538386197,Aldactone,1,Covered,N,N,N,2025-09-13,2027-04-07,FormularyManager
FRM001636,PLAN011,17735727527,Prinivil,5,Covered,N,N,N,2025-04-25,2026-03-11,FormularyManager
FRM001637,PLAN010,14041368848,Plavix,2,Covered,N,N,Y,2024-09-28,2025-12-01,FormularyManager
FRM001638,PLAN014,81276626479,Glucophage,2,Excluded,Y,N,N,2025-01-31,2025-12-23,FormularyManager
FRM001639,PLAN006,59581445583,Prozac,2,Covered,Y,N,Y,2024-03-08,2025-04-21,FormularyManager
FRM001640,PLAN007,46449302181,Aldactone,2,Covered,N,N,N,2024-10-11,2025-11-20,FormularyManager
FRM001641,PLAN017,67041360337,FORMULARY NAME MISMATCH,5,Non-Preferred,N,N,N,2026-04-11,2027-04-17,FormularyManager
FRM001642,PLAN007,31559714166,Lantus,3,Excluded,N,N,N,2024-01-24,2024-09-18,FormularyManager
FRM001643,PLAN004,44151264671,Humalog,5,Covered,Y,N,N,2026-05-13,2026-12-31,FormularyManager
FRM001644,PLAN015,53756657133,Neurontin,1,Covered,N,N,N,2025-10-08,2027-06-07,FormularyManager
FRM001645,PLAN007,22187365237,Cozaar,1,Covered,Y,N,Y,2025-06-21,2026-03-28,FormularyManager
FRM001646,PLAN020,28814780756,Microzide,4,Covered,N,N,N,2025-06-12,2026-03-05,FormularyManager
FRM001647,PLAN009,14546502462,Aldactone,2,Covered,N,N,N,2024-11-05,2026-04-03,FormularyManager
FRM001648,PLAN007,74909178953,Vibramycin,1,Non-Preferred,N,N,N,2024-11-08,2025-06-16,FormularyManager
FRM001649,PLAN010,35955476733,Prilosec,1,Covered,N,N,N,2024-03-13,2025-08-24,FormularyManager
FRM001650,PLAN015,37017591044,Jardiance,5,Covered,N,N,N,2024-09-26,2025-04-11,FormularyManager
FRM001651,PLAN015,42627468935,Lipitor,4,Covered,N,N,N,2024-06-18,2025-06-04,FormularyManager
FRM001652,PLAN009,73418540749,Cymbalta,5,Covered,Y,N,Y,2024-04-13,2025-10-10,FormularyManager
FRM001653,PLAN003,73362282174,Protonix,2,Covered,Y,N,Y,2024-10-08,2025-09-03,FormularyManager
FRM001654,PLAN008,96269476252,Cozaar,4,Covered,Y,N,N,2025-06-16,2026-04-05,FormularyManager
FRM001655,PLAN005,19599866643,Crestor,2,Covered,Y,N,N,2026-05-23,2027-04-10,FormularyManager
FRM001656,PLAN010,98272669316,Ventolin,5,Non-Preferred,Y,Y,N,2026-05-01,2027-11-17,FormularyManager
FRM001657,PLAN013,17132186749,Microzide,3,Covered,N,N,N,2026-03-30,2026-11-03,FormularyManager
FRM001658,PLAN017,54145454630,Coreg,1,Covered,Y,N,N,2025-06-15,2026-09-30,FormularyManager
FRM001659,PLAN017,36582971350,Cozaar,2,Covered,N,N,N,2024-03-27,2026-03-03,FormularyManager
FRM001660,PLAN009,40802338292,Januvia,1,Covered,Y,N,N,2025-02-26,2026-03-04,FormularyManager
FRM001661,PLAN010,52238926923,Jardiance,5,Covered,N,N,N,2024-03-30,2026-02-16,FormularyManager
FRM001662,PLAN001,67041360337,Coreg,3,Covered,N,N,N,2024-03-30,2024-11-29,FormularyManager
FRM001663,PLAN003,81144656722,Humalog,1,Covered,N,N,N,2024-01-14,2024-10-07,FormularyManager
FRM001664,PLAN002,56735853544,Singulair,4,Excluded,N,N,N,2026-03-21,2027-01-16,FormularyManager
FRM001665,PLAN012,92945796828,Lopressor,2,Covered,N,N,Y,2026-04-07,2026-10-18,FormularyManager
FRM001666,PLAN019,18987102928,Plavix,1,Covered,N,N,Y,2025-04-24,2027-01-31,FormularyManager
FRM001667,PLAN012,37135715266,Wellbutrin,3,Covered,N,Y,N,2024-07-09,2026-03-20,FormularyManager
FRM001668,PLAN007,24931475984,Cozaar,2,Excluded,N,N,N,2025-12-31,2026-10-15,FormularyManager
FRM001669,PLAN019,61820941754,Wellbutrin,5,Covered,N,N,N,2024-05-01,2026-01-18,FormularyManager
FRM001670,PLAN008,20309347358,Coreg,3,Covered,N,N,N,2025-10-22,2027-03-03,FormularyManager
FRM001671,PLAN002,74618978456,Singulair,3,Covered,N,N,N,2024-09-22,2025-09-10,FormularyManager
FRM001672,PLAN011,80251520484,Humalog,2,Covered,N,N,N,2026-01-25,2026-12-18,FormularyManager
FRM001673,PLAN003,66849248677,Coreg,3,Covered,N,N,N,2025-07-12,2026-05-09,FormularyManager
FRM001674,PLAN007,37173563991,Lasix,1,Covered,N,N,N,2025-07-16,2026-01-16,FormularyManager
FRM001675,PLAN018,20096181552,Eliquis,2,Non-Preferred,N,N,Y,2026-02-10,2027-05-24,FormularyManager
FRM001676,PLAN013,33502745180,Prinivil,3,Covered,N,N,N,2024-01-11,2025-05-31,FormularyManager
FRM001677,PLAN003,26851855697,Coreg,4,Covered,N,N,N,2026-03-14,2026-11-27,FormularyManager
FRM001678,PLAN020,99873357727,Lipitor,3,Covered,N,N,N,2025-08-10,2027-03-18,FormularyManager
FRM001679,PLAN016,39388824427,Lopressor,2,Excluded,N,N,N,2025-05-21,2027-02-12,FormularyManager
FRM001680,PLAN002,38112790984,Neurontin,1,Covered,N,N,Y,2025-09-21,2027-03-29,FormularyManager
FRM001681,PLAN006,84047590849,Microzide,1,Covered,N,N,Y,2026-03-26,2027-03-05,FormularyManager
FRM001682,PLAN018,49501356011,Lopressor,1,Covered,N,N,N,2025-07-13,2026-11-05,FormularyManager
FRM001683,PLAN005,42790921133,Prinivil,5,Covered,N,N,N,2024-10-17,2025-04-29,FormularyManager
FRM001684,PLAN013,80340679445,Zoloft,4,Non-Preferred,N,N,N,2025-09-27,2026-04-03,FormularyManager
FRM001685,PLAN007,18567714974,Lasix,3,Covered,N,N,N,2024-04-20,2025-01-18,FormularyManager
FRM001686,PLAN005,72708515673,Plavix,2,Non-Preferred,N,N,N,2024-05-22,2025-06-16,FormularyManager
FRM001687,PLAN001,38299381624,Singulair,1,Covered,N,N,N,2024-10-06,2025-08-15,FormularyManager
FRM001688,PLAN010,84458290728,Humalog,5,Covered,N,N,N,2025-06-16,2026-12-11,FormularyManager
FRM001689,PLAN011,13745261453,Aldactone,2,Covered,N,N,N,2025-11-04,2027-04-23,FormularyManager
FRM001690,PLAN016,39388824427,Lopressor,1,Excluded,N,N,Y,2025-07-26,2026-08-25,FormularyManager
FRM001691,PLAN001,84538386197,Aldactone,4,Covered,N,N,N,2024-07-23,2025-12-22,FormularyManager
FRM001692,PLAN005,49501356011,Lopressor,3,Covered,Y,N,Y,2024-03-25,2025-12-10,FormularyManager
FRM001693,PLAN008,79539911319,Ventolin,3,Covered,Y,N,N,2024-02-25,2025-07-24,FormularyManager
FRM001694,PLAN001,91304485350,Lipitor,5,Covered,N,N,N,2026-03-25,2027-06-25,FormularyManager
FRM001695,PLAN014,10394138129,Lantus,3,Non-Preferred,N,N,Y,2025-11-26,2026-10-30,FormularyManager
FRM001696,PLAN012,51498372568,Neurontin,5,Non-Preferred,Y,N,Y,2024-12-27,2025-12-19,FormularyManager
FRM001697,PLAN012,61916924081,Ventolin,4,Covered,N,N,Y,2025-04-08,2026-11-07,FormularyManager
FRM001698,PLAN017,14627431869,Cymbalta,5,Covered,N,Y,N,2024-12-16,2026-04-23,FormularyManager
FRM001699,PLAN016,44872908135,Cymbalta,4,Non-Preferred,N,N,Y,2024-07-20,2026-01-25,FormularyManager
FRM001700,PLAN002,76004568133,Ozempic,4,Covered,N,N,N,2025-12-03,2027-07-02,FormularyManager
FRM001701,PLAN018,58584770558,Glucophage,2,Covered,N,N,N,2025-09-13,2027-06-12,FormularyManager
FRM001702,PLAN005,51465880016,Ozempic,5,Covered,N,Y,N,2024-05-05,2025-02-02,FormularyManager
FRM001703,PLAN011,99706788130,Coreg,1,Covered,N,N,N,2026-02-17,2026-12-23,FormularyManager
FRM001704,PLAN011,95305350218,Prozac,5,Non-Preferred,N,N,N,2025-05-24,2025-11-24,FormularyManager
FRM001705,PLAN014,75769382415,Ventolin,1,Covered,N,Y,N,2024-09-15,2025-07-01,FormularyManager
FRM001706,PLAN004,44518564169,Coreg,3,Covered,N,N,Y,2024-09-04,2026-06-28,FormularyManager
FRM001707,PLAN011,57675334230,Protonix,4,Covered,Y,N,N,2025-12-21,2026-08-07,FormularyManager
FRM001708,PLAN001,37986793471,Vibramycin,5,Covered,N,N,N,2026-03-08,2026-11-17,FormularyManager
FRM001709,PLAN017,52087160927,Januvia,4,Covered,N,N,N,2024-09-04,2026-01-22,FormularyManager
FRM001710,PLAN014,80226651352,Crestor,5,Covered,Y,N,N,2024-09-02,2025-06-15,FormularyManager
FRM001711,PLAN005,32444678260,Humalog,3,Non-Preferred,N,N,Y,2026-04-14,2027-11-10,FormularyManager
FRM001712,PLAN011,44682779034,Lexapro,3,Non-Preferred,N,N,Y,2026-02-25,2027-11-24,FormularyManager
FRM001713,PLAN004,25951181670,Prilosec,2,Non-Preferred,N,N,Y,2025-06-10,2026-04-25,FormularyManager
FRM001714,PLAN015,26851855697,Coreg,4,Covered,N,N,N,2026-04-08,2027-03-23,FormularyManager
FRM001715,PLAN003,89307815129,Vibramycin,1,Non-Preferred,N,Y,N,2025-09-13,2026-04-29,FormularyManager
FRM001716,PLAN014,45073829754,Ventolin,1,Covered,N,Y,N,2026-02-26,2027-01-06,FormularyManager
FRM001717,PLAN019,63116718685,Prilosec,5,Non-Preferred,N,N,Y,2024-10-11,2025-09-02,FormularyManager
FRM001718,PLAN008,68995759668,Ventolin,5,Non-Preferred,N,Y,Y,2025-01-23,2025-12-15,FormularyManager
FRM001719,PLAN013,86876532778,Jardiance,0,Covered,N,N,N,2024-10-24,2025-04-26,FormularyManager
FRM001720,PLAN001,56146827375,Jardiance,3,Covered,N,N,N,2025-03-04,2026-06-28,FormularyManager
FRM001721,PLAN018,92043205735,Ozempic,5,Non-Preferred,N,N,N,2025-10-14,2026-05-22,FormularyManager
FRM001722,PLAN011,78375177340,Zoloft,3,Covered,Y,N,Y,2025-08-25,2027-07-15,FormularyManager
FRM001723,PLAN007,73921220685,Singulair,3,Excluded,Y,Y,N,2025-06-07,2026-12-04,FormularyManager
FRM001724,PLAN004,70444329131,Jardiance,3,Covered,N,N,N,2025-05-27,2026-12-25,FormularyManager
FRM001725,PLAN019,59990586381,Prinivil,4,Excluded,N,N,Y,2025-09-06,2027-01-15,FormularyManager
FRM001726,PLAN008,68817261549,Humalog,2,Covered,Y,Y,Y,2025-07-08,2027-03-28,FormularyManager
FRM001727,PLAN008,93139577848,Protonix,2,Covered,N,Y,N,2026-04-05,2028-03-08,FormularyManager
FRM001728,PLAN012,55068365571,Lipitor,3,Non-Preferred,N,Y,N,2025-01-06,2026-11-23,FormularyManager
FRM001729,PLAN019,57036754977,Lantus,5,Covered,N,N,N,2025-10-29,2027-02-25,FormularyManager
FRM001730,PLAN013,81337865957,Microzide,1,Covered,Y,N,N,2025-09-27,2026-09-27,FormularyManager
FRM001731,PLAN009,61687887076,Januvia,1,Covered,N,N,N,2026-01-12,2027-10-20,FormularyManager
FRM001732,PLAN011,15372461731,Jardiance,1,Covered,Y,N,Y,2025-08-23,2026-08-22,FormularyManager
FRM001733,PLAN011,59760482618,Humalog,1,Covered,N,Y,N,2024-06-22,2026-02-28,FormularyManager
FRM001734,PLAN009,30333466448,Lopressor,3,Non-Preferred,N,Y,N,2025-08-28,2026-09-23,FormularyManager
FRM001735,PLAN010,93381483220,Prilosec,1,Covered,N,N,N,2026-02-01,2027-12-30,FormularyManager
FRM001736,PLAN020,40773504873,Ozempic,5,Non-Preferred,N,Y,N,2025-07-20,2027-07-04,FormularyManager
FRM001737,PLAN018,21882365240,Ozempic,2,Covered,Y,N,Y,2024-07-30,2026-07-27,FormularyManager
FRM001738,PLAN003,14432106343,Microzide,5,Covered,N,N,Y,2025-11-19,2027-02-05,FormularyManager
FRM001739,PLAN011,19696653191,Glucophage,1,Covered,N,N,N,2024-12-19,2025-12-07,FormularyManager
FRM001740,PLAN013,37120476461,Lopressor,2,Covered,N,N,N,2024-02-17,2024-09-03,FormularyManager
FRM001741,PLAN004,38384498011,Aldactone,2,Non-Preferred,Y,N,N,2024-12-08,2026-05-14,FormularyManager
FRM001742,PLAN003,79480401968,Aldactone,1,Covered,N,N,N,2025-08-28,2026-09-04,FormularyManager
FRM001743,PLAN012,93839707777,Prozac,9,Covered,N,N,N,2026-03-07,2027-03-03,FormularyManager
FRM001744,PLAN017,93669729418,Prozac,4,Covered,Y,N,Y,2025-09-13,2026-10-11,FormularyManager
FRM001745,PLAN007,77783196614,Zoloft,4,Non-Preferred,N,Y,N,2024-02-14,2025-10-18,FormularyManager
FRM001746,PLAN014,73362282174,Protonix,4,Covered,N,Y,N,2026-05-20,2027-12-22,FormularyManager
FRM001747,PLAN004,39023637631,Cymbalta,4,Covered,N,N,N,2024-01-20,2025-07-28,FormularyManager
FRM001748,PLAN008,21128586347,Prozac,2,Covered,N,N,N,2024-06-15,2025-02-26,FormularyManager
FRM001749,PLAN014,71138176370,Cozaar,5,Non-Preferred,N,N,N,2026-02-10,2027-01-19,FormularyManager
FRM001750,PLAN003,33502745180,Prinivil,2,Covered,N,N,N,2024-04-14,2025-12-22,FormularyManager
FRM001751,PLAN005,82822319745,Crestor,1,Non-Preferred,N,N,N,2024-10-06,2026-02-18,FormularyManager
FRM001752,PLAN001,68669877665,Prozac,5,Non-Preferred,N,Y,N,2025-04-20,2026-11-17,FormularyManager
FRM001753,PLAN007,43283388696,Wellbutrin,3,Covered,N,N,N,2025-08-20,2026-11-06,FormularyManager
FRM001754,PLAN020,64322142638,Plavix,5,Covered,N,N,N,2024-05-14,2025-01-10,FormularyManager
FRM001755,PLAN003,37928998179,Ozempic,3,Covered,N,N,Y,2025-11-01,2027-06-05,FormularyManager
FRM001756,PLAN018,26670320788,Aldactone,4,Covered,N,N,Y,2024-03-14,2025-07-12,FormularyManager
FRM001757,PLAN001,93026770242,Lantus,2,Covered,Y,N,N,2024-04-17,2024-12-04,FormularyManager
FRM001758,PLAN003,26411345874,Prozac,5,Covered,N,N,N,2025-12-22,2027-10-16,FormularyManager
FRM001759,PLAN018,95415942442,Vibramycin,1,Covered,N,N,Y,2025-04-27,2026-12-20,FormularyManager
FRM001760,PLAN020,52855896229,Neurontin,4,Covered,N,N,N,2025-02-23,2026-07-19,FormularyManager
FRM001761,PLAN012,60804702793,Wellbutrin,3,Covered,Y,N,N,2026-04-12,2028-01-16,FormularyManager
FRM001762,PLAN013,78831371488,Humalog,4,Covered,N,N,Y,2024-01-17,2025-03-11,FormularyManager
FRM001763,PLAN005,63011707032,Ozempic,2,Covered,N,N,N,2024-06-16,2026-05-28,FormularyManager
FRM001764,PLAN011,62002626144,Lexapro,5,Covered,Y,N,N,2026-01-27,2027-06-10,FormularyManager
FRM001765,PLAN016,24721435259,Microzide,5,Non-Preferred,N,N,N,2024-03-23,2025-04-23,FormularyManager
FRM001766,PLAN003,25092429310,Jardiance,2,Non-Preferred,N,N,N,2025-09-23,2026-11-14,FormularyManager
FRM001767,PLAN009,92274531886,Lexapro,3,Non-Preferred,N,N,N,2025-06-04,2026-02-08,FormularyManager
FRM001768,PLAN012,36001690590,Microzide,5,Covered,N,N,Y,2024-09-10,2026-06-14,FormularyManager
FRM001769,PLAN011,92965682838,Wellbutrin,4,Covered,N,N,N,2025-01-08,2026-10-15,FormularyManager
FRM001770,PLAN017,78677417938,Eliquis,1,Excluded,N,N,N,2025-05-24,2025-11-30,FormularyManager
FRM001771,PLAN016,11605697119,Lipitor,5,Covered,N,N,N,2025-02-18,2026-11-18,FormularyManager
FRM001772,PLAN020,68817261549,Humalog,4,Covered,N,N,Y,2026-02-23,2027-11-17,FormularyManager
FRM001773,PLAN008,28309735158,Aldactone,4,Covered,N,N,N,2024-05-18,2026-04-02,FormularyManager
FRM001774,PLAN007,19989783912,Januvia,2,Covered,N,N,N,2025-05-28,2026-06-29,FormularyManager
FRM001775,PLAN011,74584984923,Cozaar,5,Covered,Y,N,N,2025-06-12,2027-01-04,FormularyManager
FRM001776,PLAN010,37104711512,Crestor,5,Covered,Y,N,N,2024-02-19,2024-09-16,FormularyManager
FRM001777,PLAN014,40423439442,Coreg,4,Covered,N,N,N,2024-01-28,2024-09-08,FormularyManager
FRM001778,PLAN005,76373444921,Aldactone,3,Covered,N,N,Y,2024-02-26,2024-12-20,FormularyManager
FRM001779,PLAN002,94324240174,Synthroid,2,Covered,N,N,N,2024-04-16,2025-05-22,FormularyManager
FRM001780,PLAN005,40837522788,Cozaar,2,Covered,Y,N,Y,2025-08-21,2027-02-03,FormularyManager
FRM001781,PLAN006,23007709819,Vibramycin,4,Covered,N,N,N,2026-05-18,2028-05-03,FormularyManager
FRM001782,PLAN011,79775467157,Crestor,5,Non-Preferred,N,N,Y,2024-08-20,2025-09-23,FormularyManager
FRM001783,PLAN014,25871240147,Synthroid,2,Excluded,N,N,N,2024-08-07,2026-05-01,FormularyManager
FRM001784,PLAN018,31559714166,Lantus,2,Non-Preferred,N,N,N,2025-09-13,2026-10-01,FormularyManager
FRM001785,PLAN017,89013673320,Norvasc,4,Covered,N,N,N,2025-09-04,2026-05-18,FormularyManager
FRM001786,PLAN016,37406523253,Jardiance,5,Covered,N,N,N,2024-04-26,2025-08-18,FormularyManager
FRM001787,PLAN003,98361822465,Lopressor,4,Covered,N,N,N,2024-04-12,2025-12-07,FormularyManager
FRM001788,PLAN011,54472137420,Vibramycin,2,Covered,N,N,N,2025-09-08,2027-01-16,FormularyManager
FRM001789,PLAN005,27560233760,Eliquis,1,Covered,N,N,N,2025-11-22,2026-11-09,FormularyManager
FRM001790,PLAN012,54458104234,Singulair,1,Covered,N,N,N,2025-09-07,2027-05-26,FormularyManager
FRM001791,PLAN016,21243727554,Cymbalta,4,Covered,N,N,N,2024-06-28,2026-05-12,FormularyManager
FRM001792,PLAN017,26703687825,Zoloft,3,Covered,Y,N,N,2025-07-22,2026-03-20,FormularyManager
FRM001793,PLAN008,89292409434,Aldactone,4,Covered,N,N,N,2026-04-10,2028-02-02,FormularyManager
FRM001794,PLAN016,22577849327,Lexapro,1,Non-Preferred,N,N,N,2025-10-22,2026-07-09,FormularyManager
FRM001795,PLAN005,23809467884,Ozempic,1,Covered,N,N,N,2024-01-03,2024-08-18,FormularyManager
FRM001796,PLAN014,69347757174,Humalog,4,Covered,Y,Y,N,2026-05-14,2028-01-04,FormularyManager
FRM001797,PLAN013,12914717458,Singulair,2,Covered,Y,N,N,2026-05-13,2026-11-11,FormularyManager
FRM001798,PLAN003,98953435785,Synthroid,5,Non-Preferred,N,N,N,2024-09-26,2026-02-26,FormularyManager
FRM001799,PLAN001,87424262238,Lopressor,4,Covered,N,N,N,2025-09-23,2026-07-06,FormularyManager
FRM001800,PLAN017,12237637159,Protonix,1,Non-Preferred,N,Y,Y,2025-08-22,2027-02-02,FormularyManager
FRM001801,PLAN011,18083108393,Prinivil,5,Covered,N,N,N,2025-09-14,2026-05-03,FormularyManager
FRM001802,PLAN008,86150728282,Zoloft,3,Covered,N,N,N,2025-09-23,2027-03-19,FormularyManager
FRM001803,PLAN005,56133530192,Wellbutrin,3,Covered,N,N,Y,2024-06-26,2025-10-27,FormularyManager
FRM001804,PLAN019,39273980031,Vibramycin,1,Covered,N,Y,Y,2025-03-28,2026-07-22,FormularyManager
FRM001805,PLAN002,68335772779,Januvia,2,Covered,Y,Y,Y,2026-04-21,2027-10-07,FormularyManager
FRM001806,PLAN009,86106901629,Singulair,2,Covered,N,N,N,2025-10-14,2027-03-12,FormularyManager
FRM001807,PLAN006,79775467157,Crestor,1,Non-Preferred,N,N,N,2025-04-23,2025-10-23,FormularyManager
FRM001808,PLAN003,63011707032,Ozempic,2,Non-Preferred,N,Y,Y,2024-07-28,2025-07-18,FormularyManager
FRM001809,PLAN006,19307837771,Protonix,4,Covered,N,N,N,2024-02-03,2025-11-10,FormularyManager
FRM001810,PLAN019,62579571575,Prinivil,3,Non-Preferred,N,N,N,2024-08-20,2026-01-05,FormularyManager
FRM001811,PLAN004,90250181876,Lasix,2,Covered,Y,N,N,2026-01-31,2027-06-10,FormularyManager
FRM001812,PLAN013,25871240147,Synthroid,1,Covered,N,N,N,2025-07-08,2026-10-10,FormularyManager
FRM001813,PLAN007,18104794374,Jardiance,4,Covered,N,N,N,2025-01-19,2026-07-11,FormularyManager
FRM001814,PLAN001,96381286924,Singulair,1,Covered,Y,N,N,2024-08-06,2025-09-21,FormularyManager
FRM001815,PLAN013,48887377765,Aldactone,1,Covered,N,N,N,2026-03-17,2027-12-17,FormularyManager
FRM001816,PLAN019,87088473643,Lexapro,1,Covered,N,N,N,2025-10-03,2027-08-29,FormularyManager
FRM001817,PLAN018,62002626144,Lexapro,4,Covered,N,Y,N,2026-01-27,2027-03-07,FormularyManager
FRM001818,PLAN017,81866879412,Norvasc,2,Covered,N,N,N,2025-07-25,2027-02-28,FormularyManager
FRM001819,PLAN001,77464349998,Eliquis,2,Covered,N,N,N,2024-07-20,2025-01-24,FormularyManager
FRM001820,PLAN020,81987321337,Lantus,1,Covered,Y,N,N,2024-07-21,2026-02-23,FormularyManager
FRM001821,PLAN018,52258384311,Prinivil,5,Covered,N,N,N,2025-06-22,2026-08-28,FormularyManager
FRM001822,PLAN014,20393586211,Januvia,3,Covered,N,N,N,2026-02-14,2026-11-16,FormularyManager
FRM001823,PLAN016,90122185551,Januvia,3,Non-Preferred,N,N,Y,2025-01-19,2025-12-09,FormularyManager
FRM001824,PLAN018,96688385328,Ozempic,4,Covered,N,N,N,2024-02-02,2026-01-23,FormularyManager
FRM001825,PLAN003,36017326675,Lipitor,3,Covered,N,N,N,2025-08-05,2026-10-18,FormularyManager
FRM001826,PLAN002,48051460965,Crestor,1,Covered,N,N,N,2025-02-13,2025-08-24,FormularyManager
FRM001827,PLAN011,31265213479,Cymbalta,1,Non-Preferred,N,N,N,2026-01-22,2027-10-21,FormularyManager
FRM001828,PLAN018,30668351321,Ventolin,4,Covered,N,N,N,2025-04-26,2026-09-25,FormularyManager
FRM001829,PLAN014,54705453523,Aldactone,1,Covered,N,N,N,2025-12-10,2027-04-29,FormularyManager
FRM001830,PLAN017,76582366385,Lantus,5,Excluded,N,Y,N,2025-02-24,2026-08-18,FormularyManager
FRM001831,PLAN013,16463469022,Eliquis,4,Excluded,N,N,N,2026-03-17,2027-10-29,FormularyManager
FRM001832,PLAN001,66359510772,Januvia,5,Non-Preferred,N,N,N,2024-12-01,2025-10-23,FormularyManager
FRM001833,PLAN005,13710490352,Protonix,5,Covered,N,N,Y,2026-01-29,2027-02-09,FormularyManager
FRM001834,PLAN012,22313207361,Jardiance,5,Covered,N,N,N,2024-01-26,2025-03-19,FormularyManager
FRM001835,PLAN002,86106901629,Singulair,4,Covered,N,N,N,2024-08-20,2025-10-02,FormularyManager
FRM001836,PLAN019,90728447630,Ventolin,5,Covered,Y,N,N,2025-10-05,2027-01-16,FormularyManager
FRM001837,PLAN002,18077751316,Prinivil,2,Excluded,Y,N,N,2025-09-17,2026-08-16,FormularyManager
FRM001838,PLAN007,94599568355,Microzide,3,Non-Preferred,N,Y,N,2024-04-01,2024-11-18,FormularyManager
FRM001839,PLAN018,20379513865,Prilosec,4,Covered,Y,N,N,2024-12-04,2025-11-14,FormularyManager
FRM001840,PLAN002,12082289297,Singulair,3,Non-Preferred,N,N,N,2025-09-06,2027-08-02,FormularyManager
FRM001841,PLAN014,94835111213,Ventolin,3,Non-Preferred,N,N,N,2026-05-28,2028-04-22,FormularyManager
FRM001842,PLAN007,78627670934,Singulair,5,Covered,Y,N,N,2024-05-03,2026-01-18,FormularyManager
FRM001843,PLAN018,83727139018,Vibramycin,4,Covered,N,N,N,2026-05-01,2027-08-27,FormularyManager
FRM001844,PLAN011,30668351321,Ventolin,5,Covered,Y,N,N,2026-03-20,2026-10-19,FormularyManager
FRM001845,PLAN007,84538386197,Aldactone,5,Non-Preferred,Y,N,Y,2025-08-23,2027-06-08,FormularyManager
FRM001846,PLAN004,71492399930,Protonix,4,Covered,Y,N,Y,2025-01-05,2026-07-03,FormularyManager
FRM001847,PLAN010,31620645567,Neurontin,5,Non-Preferred,Y,N,N,2026-05-14,2027-07-10,FormularyManager
FRM001848,PLAN014,35021253272,Januvia,3,Non-Preferred,N,N,N,2025-12-11,2026-08-18,FormularyManager
FRM001849,PLAN018,57323670373,Neurontin,2,Covered,Y,N,Y,2024-08-22,2026-06-18,FormularyManager
FRM001850,PLAN015,66961165235,Crestor,2,Covered,Y,N,N,2025-11-21,2026-12-29,FormularyManager
FRM001851,PLAN011,13254104910,Eliquis,4,Covered,N,Y,N,2025-10-12,2027-02-02,FormularyManager
FRM001852,PLAN004,80571446571,Norvasc,1,Covered,Y,N,N,2025-05-16,2026-09-29,FormularyManager
FRM001853,PLAN001,10772533217,Jardiance,2,Non-Preferred,Y,N,Y,2024-07-02,2025-10-19,FormularyManager
FRM001854,PLAN012,70613545988,Plavix,1,Covered,N,N,N,2024-02-20,2025-02-01,FormularyManager
FRM001855,PLAN016,15456605232,Prilosec,5,Covered,N,Y,N,2026-05-31,2028-03-30,FormularyManager
FRM001856,PLAN013,28631979336,Prozac,1,Covered,Y,N,Y,2026-01-26,2027-02-26,FormularyManager
FRM001857,PLAN006,56735853544,Singulair,3,Covered,Y,N,N,2024-02-22,2025-07-18,FormularyManager
FRM001858,PLAN009,63778334463,Januvia,2,Excluded,N,N,N,2024-09-18,2026-01-28,FormularyManager
FRM001859,PLAN018,39273980031,Vibramycin,2,Covered,N,N,N,2024-02-03,2025-12-20,FormularyManager
FRM001860,PLAN020,42994769258,UNKNOWN BRAND DRG00150,2,Covered,Y,N,N,2025-02-07,2026-08-31,FormularyManager
FRM001861,PLAN019,97242993023,Norvasc,3,Covered,Y,N,N,2026-05-29,2027-08-18,FormularyManager
FRM001862,PLAN007,23338670584,Lasix,4,Covered,N,N,N,2024-07-09,2025-10-10,FormularyManager
FRM001863,PLAN015,73825238231,Lexapro,5,Covered,N,Y,Y,2024-10-13,2026-09-27,FormularyManager
FRM001864,PLAN002,59211433737,Prinivil,1,Excluded,N,N,N,2025-07-15,2026-02-06,FormularyManager
FRM001865,PLAN020,99918121569,Januvia,1,Covered,N,N,N,2025-09-16,2026-12-18,FormularyManager
FRM001866,PLAN018,61820941754,Wellbutrin,2,Covered,N,N,N,2025-02-19,2025-12-29,FormularyManager
FRM001867,PLAN004,78528685790,Neurontin,2,Covered,N,N,N,2024-11-23,2025-08-15,FormularyManager
FRM001868,PLAN001,69725978984,Lipitor,1,Covered,N,N,N,2024-02-01,2026-01-09,FormularyManager
FRM001869,PLAN014,52259816026,Ventolin,5,Covered,N,Y,N,2024-12-30,2026-06-27,FormularyManager
FRM001870,PLAN018,49498489686,Eliquis,5,Covered,Y,N,N,2025-09-14,2027-04-14,FormularyManager
FRM001871,PLAN007,56529194411,Crestor,4,Covered,Y,N,N,2025-02-28,2026-06-23,FormularyManager
FRM001872,PLAN005,73978849161,Synthroid,5,Covered,N,N,N,2025-10-07,2027-10-02,FormularyManager
FRM001873,PLAN006,39388824427,Lopressor,3,Non-Preferred,N,N,N,2025-10-03,2026-06-24,FormularyManager
FRM001874,PLAN002,36099200846,Lasix,1,Covered,Y,N,N,2024-05-23,2026-04-27,FormularyManager
FRM001875,PLAN019,98076393354,Neurontin,1,Covered,N,N,N,2025-02-23,2026-10-24,FormularyManager
FRM001876,PLAN001,12914717458,Singulair,3,Covered,Y,N,N,2025-09-12,2027-06-19,FormularyManager
FRM001877,PLAN002,67426983874,Eliquis,5,Covered,N,N,N,2024-03-05,2025-06-30,FormularyManager
FRM001878,PLAN017,87507818254,Zoloft,1,Covered,N,N,Y,2024-12-12,2026-03-24,FormularyManager
FRM001879,PLAN006,19952451798,Singulair,4,Non-Preferred,N,N,N,2024-11-08,2026-04-22,FormularyManager
FRM001880,PLAN017,61425622844,Januvia,3,Covered,Y,N,N,2026-01-01,2027-08-15,FormularyManager
FRM001881,PLAN007,82475457780,Microzide,5,Covered,N,N,N,2024-10-07,2025-10-16,FormularyManager
FRM001882,PLAN020,77783196614,Zoloft,4,Covered,N,N,N,2024-01-22,2025-04-04,FormularyManager
FRM001883,PLAN006,18554568464,Cozaar,4,Non-Preferred,Y,N,N,2025-07-10,2026-06-17,FormularyManager
FRM001884,PLAN013,63039619641,Ventolin,3,Covered,N,N,Y,2024-11-28,2025-06-30,FormularyManager
FRM001885,PLAN015,47041166680,Jardiance,1,Non-Preferred,N,N,Y,2025-07-20,2027-07-11,FormularyManager
FRM001886,PLAN006,21904569624,Wellbutrin,1,Covered,N,N,N,2024-07-04,2025-05-22,FormularyManager
FRM001887,PLAN018,13658312760,Norvasc,4,Non-Preferred,N,N,N,2025-09-10,2026-03-23,FormularyManager
FRM001888,PLAN001,73921220685,Singulair,2,Covered,N,N,Y,2025-01-10,2025-11-08,FormularyManager
FRM001889,PLAN004,13289945916,Plavix,5,Covered,Y,N,N,2024-06-01,2025-08-17,FormularyManager
FRM001890,PLAN015,59002120957,Cozaar,1,Covered,Y,N,N,2024-09-24,2025-11-12,FormularyManager
FRM001891,PLAN019,13954840715,Ventolin,5,Covered,Y,N,N,2024-09-18,2026-06-14,FormularyManager
FRM001892,PLAN002,74192691278,Prilosec,1,Covered,N,N,N,2025-10-18,2027-10-14,FormularyManager
FRM001893,PLAN005,86832223497,Prinivil,2,Covered,N,N,Y,2026-01-19,2028-01-13,FormularyManager
FRM001894,PLAN015,69347757174,Humalog,4,Covered,Y,N,N,2025-04-23,2027-02-28,FormularyManager
FRM001895,PLAN020,13245368747,Norvasc,5,Covered,N,N,N,2024-05-16,2025-11-25,FormularyManager
FRM001896,PLAN008,82124250653,Glucophage,3,Excluded,N,N,Y,2025-07-11,2026-03-07,FormularyManager
FRM001897,PLAN017,33745564480,Prozac,5,Covered,N,N,N,2025-11-16,2027-01-23,FormularyManager
FRM001898,PLAN018,40812726846,Cymbalta,4,Excluded,N,N,N,2024-09-11,2026-04-21,FormularyManager
FRM001899,PLAN016,65494134693,Lasix,5,Covered,N,N,N,2025-07-27,2026-09-13,FormularyManager
FRM001900,PLAN020,23338670584,Lasix,1,Covered,N,N,N,2026-04-04,2027-11-26,FormularyManager
FRM001901,PLAN013,77464349998,Eliquis,2,Covered,N,N,N,2026-05-12,2027-03-07,FormularyManager
FRM001902,PLAN017,10405956455,Plavix,4,Covered,N,N,N,2025-09-25,2026-12-30,FormularyManager
FRM001903,PLAN006,76841912411,Neurontin,2,Covered,N,N,N,2024-06-10,2026-04-19,FormularyManager
FRM001904,PLAN010,89305404592,Glucophage,5,Covered,N,N,N,2024-02-19,2025-11-04,FormularyManager
FRM001905,PLAN012,25717847814,Microzide,1,Covered,Y,N,N,2026-02-01,2027-03-09,FormularyManager
FRM001906,PLAN013,38837974554,Januvia,2,Covered,Y,N,Y,2025-11-23,2026-11-01,FormularyManager
FRM001907,PLAN010,96381286924,Singulair,1,Covered,N,N,N,2024-05-05,2025-02-21,FormularyManager
FRM001908,PLAN003,24069146482,Lopressor,2,Non-Preferred,N,N,N,2024-10-10,2025-07-11,FormularyManager
FRM001909,PLAN017,52954526623,Zoloft,1,Covered,Y,N,N,2025-04-26,2026-06-09,FormularyManager
FRM001910,PLAN008,45073829754,Ventolin,4,Covered,N,N,N,2025-08-17,2026-08-04,FormularyManager
FRM001911,PLAN005,28226964458,Lexapro,5,Covered,Y,N,N,2026-04-19,2028-04-07,FormularyManager
FRM001912,PLAN017,31106224472,Januvia,4,Non-Preferred,Y,N,Y,2026-04-27,2027-04-20,FormularyManager
FRM001913,PLAN019,52087160927,FORMULARY NAME MISMATCH,4,Non-Preferred,N,N,Y,2024-07-13,2026-05-28,FormularyManager
FRM001914,PLAN013,46822109163,Jardiance,3,Covered,N,N,N,2024-03-06,2025-01-01,FormularyManager
FRM001915,PLAN011,17278457796,Prozac,1,Covered,N,N,N,2025-06-29,2026-05-11,FormularyManager
FRM001916,PLAN002,28814780756,Microzide,1,Covered,N,N,Y,2024-03-22,2025-05-13,FormularyManager
FRM001917,PLAN007,35257352788,Vibramycin,1,Covered,N,Y,N,2024-11-07,2026-02-10,FormularyManager
FRM001918,PLAN019,91227369073,Singulair,5,Covered,N,N,N,2024-02-12,2025-06-18,FormularyManager
FRM001919,PLAN020,50540304418,Glucophage,3,Covered,Y,N,N,2025-12-31,2026-08-25,FormularyManager
FRM001920,PLAN004,36069903176,Protonix,1,Excluded,Y,N,N,2024-03-04,2024-09-20,FormularyManager
FRM001921,PLAN001,40071538725,Cozaar,5,Covered,N,N,N,2026-05-10,2027-07-13,FormularyManager
FRM001922,PLAN016,48632631955,Protonix,3,Covered,N,N,N,2025-08-31,2026-06-30,FormularyManager
FRM001923,PLAN007,97361501089,Plavix,5,Covered,N,N,N,2024-05-25,2024-12-03,FormularyManager
FRM001924,PLAN009,49300844372,Lipitor,3,Covered,N,N,N,2024-06-05,2026-01-11,FormularyManager
FRM001925,PLAN002,20269556375,Singulair,5,Covered,N,N,N,2025-11-18,2027-01-15,FormularyManager
FRM001926,PLAN017,47734931755,Norvasc,2,Covered,N,N,Y,2025-08-11,2027-05-08,FormularyManager
FRM001927,PLAN005,77464349998,Eliquis,4,Covered,N,N,N,2025-08-15,2026-02-25,FormularyManager
FRM001928,PLAN002,40773504873,Ozempic,3,Non-Preferred,N,N,Y,2025-06-11,2026-03-25,FormularyManager
FRM001929,PLAN005,68430498393,Ozempic,5,Covered,N,N,N,2025-01-24,2025-07-25,FormularyManager
FRM001930,PLAN018,44531515535,Jardiance,2,Covered,N,N,N,2025-02-13,2026-03-03,FormularyManager
FRM001931,PLAN004,21322844418,Jardiance,5,Covered,Y,N,N,2024-07-31,2025-04-02,FormularyManager
FRM001932,PLAN006,82822319745,Crestor,4,Covered,N,N,Y,2025-09-03,2026-10-17,FormularyManager
FRM001933,PLAN007,12664783645,Singulair,1,Covered,N,Y,N,2025-09-29,2026-06-25,FormularyManager
FRM001934,PLAN013,37017591044,Jardiance,4,Covered,Y,N,N,2026-02-15,2027-11-16,FormularyManager
FRM001935,PLAN013,80033254784,Wellbutrin,2,Covered,N,Y,N,2026-01-09,2027-11-12,FormularyManager
FRM001936,PLAN020,38862821761,Prilosec,1,Excluded,N,Y,Y,2025-12-25,2027-04-25,FormularyManager
FRM001937,PLAN001,99024156725,Zoloft,4,Covered,N,N,N,2025-08-12,2027-06-04,FormularyManager
FRM001938,PLAN001,12859564719,Glucophage,4,Excluded,N,N,Y,2025-02-03,2026-02-11,FormularyManager
FRM001939,PLAN020,99165884188,Synthroid,2,Covered,Y,Y,N,2024-07-18,2026-06-21,FormularyManager
FRM001940,PLAN013,24212233551,Norvasc,1,Covered,N,N,N,2024-07-22,2026-05-20,FormularyManager
FRM001941,PLAN004,94227785584,Humalog,2,Covered,N,N,N,2025-08-23,2027-08-20,FormularyManager
FRM001942,PLAN001,79775467157,Crestor,1,Covered,N,N,Y,2024-12-23,2025-06-26,FormularyManager
FRM001943,PLAN008,34030808751,Prilosec,2,Excluded,N,N,N,2024-06-03,2024-12-17,FormularyManager
FRM001944,PLAN012,67259185565,Protonix,5,Covered,N,Y,N,2024-03-09,2024-09-17,FormularyManager
FRM001945,PLAN008,64647425595,Wellbutrin,3,Covered,N,N,N,2025-02-23,2027-01-01,FormularyManager
FRM001946,PLAN002,62718517427,Wellbutrin,5,Covered,N,N,N,2024-11-07,2026-01-07,FormularyManager
FRM001947,PLAN014,92294919275,Lantus,5,Excluded,Y,N,Y,2025-01-02,2025-10-30,FormularyManager
FRM001948,PLAN003,28120568535,Ventolin,3,Covered,N,N,N,2025-10-29,2027-02-27,FormularyManager
FRM001949,PLAN005,79689644320,Eliquis,2,Covered,N,N,N,2024-11-19,2025-05-29,FormularyManager
FRM001950,PLAN001,25353369992,Vibramycin,5,Non-Preferred,Y,N,N,2024-01-06,2025-05-06,FormularyManager
FRM001951,PLAN010,90728447630,Ventolin,4,Non-Preferred,N,N,N,2025-05-16,2027-01-17,FormularyManager
FRM001952,PLAN017,25245820746,Ventolin,4,Non-Preferred,Y,N,N,2024-02-12,2025-08-27,FormularyManager
FRM001953,PLAN018,43075554442,Lipitor,2,Covered,N,N,N,2025-10-04,2026-11-06,FormularyManager
FRM001954,PLAN016,83727139018,Vibramycin,3,Covered,N,N,N,2024-11-22,2025-11-21,FormularyManager
FRM001955,PLAN020,15501225748,Crestor,1,Covered,N,N,N,2024-02-01,2025-11-25,FormularyManager
FRM001956,PLAN017,14030276734,Cymbalta,2,Covered,Y,N,N,2025-08-05,2027-02-06,FormularyManager
FRM001957,PLAN019,20166640636,Vibramycin,2,Non-Preferred,Y,N,N,2024-09-23,2026-05-31,FormularyManager
FRM001958,PLAN010,40842594127,Eliquis,1,Covered,N,N,N,2024-04-12,2024-11-11,FormularyManager
FRM001959,PLAN015,56146827375,Jardiance,4,Covered,N,N,N,2024-10-27,2025-08-20,FormularyManager
FRM001960,PLAN003,74034510857,Prinivil,1,Non-Preferred,N,N,N,2024-12-21,2025-09-19,FormularyManager
FRM001961,PLAN012,23885768970,Microzide,4,Covered,N,N,Y,2026-03-16,2026-12-17,FormularyManager
FRM001962,PLAN019,43412851646,Coreg,1,Covered,N,N,N,2024-08-03,2026-02-10,FormularyManager
FRM001963,PLAN019,78627670934,Singulair,4,Non-Preferred,N,N,N,2025-10-27,2027-04-22,FormularyManager
FRM001964,PLAN017,25766628880,Lasix,3,Non-Preferred,N,N,Y,2024-02-04,2025-08-05,FormularyManager
FRM001965,PLAN017,13230284057,Januvia,4,Covered,Y,N,N,2025-11-19,2027-06-23,FormularyManager
FRM001966,PLAN020,65241371965,Ventolin,4,Covered,N,N,Y,2025-07-24,2026-08-04,FormularyManager
FRM001967,PLAN013,79510138828,Lasix,1,Covered,Y,N,Y,2026-02-01,2027-10-15,FormularyManager
FRM001968,PLAN009,59136731178,Crestor,5,Non-Preferred,N,N,Y,2025-10-03,2027-03-04,FormularyManager
FRM001969,PLAN003,91304485350,Lipitor,4,Covered,Y,N,N,2025-03-01,2026-03-28,FormularyManager
FRM001970,PLAN003,62176247065,Neurontin,2,Non-Preferred,N,N,Y,2025-10-25,2026-07-22,FormularyManager
FRM001971,PLAN016,20662343885,Cozaar,1,Covered,N,N,Y,2024-08-25,2025-09-22,FormularyManager
FRM001972,PLAN005,36017326675,Lipitor,2,Covered,N,N,Y,2024-03-08,2025-01-20,FormularyManager
FRM001973,PLAN017,10849291063,Crestor,1,Covered,N,Y,N,2025-11-18,2026-08-09,FormularyManager
FRM001974,PLAN007,67086806285,Eliquis,5,Non-Preferred,N,N,N,2024-02-24,2025-09-01,FormularyManager
FRM001975,PLAN013,57820791671,Januvia,3,Covered,Y,N,N,2026-01-06,2026-12-14,FormularyManager
FRM001976,PLAN019,32792508824,Glucophage,2,Covered,N,N,N,2024-11-30,2026-09-25,FormularyManager
FRM001977,PLAN020,55066490222,Cozaar,3,Covered,Y,N,N,2026-06-01,2028-04-23,FormularyManager
FRM001978,PLAN005,31106224472,Januvia,5,Covered,N,N,N,2025-09-22,2027-02-15,FormularyManager
FRM001979,PLAN009,22743552549,Prozac,5,Covered,N,N,N,2024-01-29,2025-10-24,FormularyManager
FRM001980,PLAN018,79775467157,Crestor,3,Covered,N,N,Y,2026-02-24,2027-07-27,FormularyManager
FRM001981,PLAN013,98272669316,Ventolin,3,Non-Preferred,Y,N,N,2025-11-19,2027-03-05,FormularyManager
FRM001982,PLAN006,54493906935,Lopressor,2,Covered,N,N,N,2025-12-06,2026-11-05,FormularyManager
FRM001983,PLAN002,12250369486,Cymbalta,4,Non-Preferred,N,N,N,2024-04-06,2025-11-16,FormularyManager
FRM001984,PLAN018,53756657133,Neurontin,4,Excluded,Y,Y,N,2024-12-04,2026-04-28,FormularyManager
FRM001985,PLAN010,77801642735,Cymbalta,2,Covered,Y,Y,Y,2025-06-19,2027-04-06,FormularyManager
FRM001986,PLAN020,66700177485,Singulair,1,Non-Preferred,Y,N,N,2024-11-01,2026-02-25,FormularyManager
FRM001987,PLAN004,75670258359,Cymbalta,3,Non-Preferred,Y,Y,N,2024-09-05,2026-07-13,FormularyManager
FRM001988,PLAN009,99706788130,Coreg,4,Covered,Y,N,N,2024-09-07,2025-07-22,FormularyManager
FRM001989,PLAN006,42576948965,Lexapro,4,Non-Preferred,N,N,N,2025-08-03,2027-06-13,FormularyManager
FRM001990,PLAN015,90800728349,Jardiance,5,Non-Preferred,N,N,N,2026-02-20,2027-07-02,FormularyManager
FRM001991,PLAN001,45395582883,Prinivil,5,Covered,N,N,Y,2024-04-29,2025-11-20,FormularyManager
FRM001992,PLAN013,27560233760,Eliquis,1,Excluded,Y,N,Y,2024-12-05,2026-04-10,FormularyManager
FRM001993,PLAN011,37355642412,Zoloft,3,Covered,Y,N,N,2026-04-12,2026-11-18,FormularyManager
FRM001994,PLAN019,15384104284,Lipitor,4,Covered,N,N,Y,2024-08-05,2025-02-09,FormularyManager
FRM001995,PLAN003,97074469738,Wellbutrin,4,Excluded,Y,N,N,2025-05-30,2026-03-27,FormularyManager
FRM001996,PLAN019,98921439381,Synthroid,2,Excluded,N,N,N,2025-02-09,2025-09-09,FormularyManager
FRM001997,PLAN005,26940396868,Synthroid,5,Covered,N,N,N,2024-09-16,2025-12-31,FormularyManager
FRM001998,PLAN001,73978849161,Synthroid,4,Non-Preferred,N,N,N,2025-12-18,2027-03-24,FormularyManager
FRM001999,PLAN011,28226964458,Lexapro,5,Non-Preferred,N,Y,N,2024-09-19,2025-05-04,FormularyManager
FRM002000,PLAN016,63011707032,Ozempic,3,Covered,Y,N,Y,2026-01-31,2027-07-11,FormularyManager
FRM002001,PLAN005,15420255680,Humalog,1,Covered,N,N,Y,2025-01-31,2025-09-25,FormularyManager
FRM002002,PLAN008,35516352970,Cymbalta,2,Covered,N,N,N,2026-01-17,2027-07-24,FormularyManager
FRM002003,PLAN018,38458321680,Prinivil,1,Covered,N,N,Y,2024-05-19,2025-09-22,FormularyManager
FRM002004,PLAN015,60441392789,Prinivil,3,Covered,N,Y,N,2025-11-16,2027-06-17,FormularyManager
FRM002005,PLAN020,51465880016,Ozempic,4,Non-Preferred,N,N,N,2025-09-29,2026-04-17,FormularyManager
FRM002006,PLAN014,74584984923,Cozaar,2,Covered,N,N,Y,2024-09-29,2025-04-07,FormularyManager
FRM002007,PLAN008,52954526623,Zoloft,3,Excluded,N,N,N,2025-03-12,2027-01-05,FormularyManager
FRM002008,PLAN012,64075701520,Jardiance,3,Covered,N,N,N,2025-12-10,2027-10-27,FormularyManager
FRM002009,PLAN017,13367227159,Coreg,5,Covered,Y,N,N,2024-06-04,2025-02-14,FormularyManager
FRM002010,PLAN002,21322844418,Jardiance,2,Excluded,N,N,Y,2026-03-02,2026-10-10,FormularyManager
FRM002011,PLAN010,22366963895,Neurontin,2,Covered,Y,Y,N,2024-04-13,2024-12-31,FormularyManager
FRM002012,PLAN006,10394138129,Lantus,5,Covered,Y,N,N,2026-01-12,2027-11-11,FormularyManager
FRM002013,PLAN014,54293312163,Vibramycin,4,Covered,N,N,N,2026-02-01,2027-09-19,FormularyManager
FRM002014,PLAN016,22036487942,Ventolin,2,Covered,N,N,N,2026-03-30,2028-02-20,FormularyManager
FRM002015,PLAN006,39764892488,Synthroid,2,Covered,N,N,N,2026-01-16,2026-12-05,FormularyManager
FRM002016,PLAN010,31169773873,Cozaar,5,Covered,Y,N,N,2024-12-09,2026-06-19,FormularyManager
FRM002017,PLAN016,85864453239,Lexapro,3,Covered,N,N,N,2025-03-31,2026-11-02,FormularyManager
FRM002018,PLAN020,23885768970,Microzide,5,Covered,N,N,Y,2024-04-07,2025-07-06,FormularyManager
FRM002019,PLAN013,58914968790,Plavix,2,Covered,N,N,N,2024-03-26,2025-05-25,FormularyManager
FRM002020,PLAN017,73078761162,Neurontin,3,Excluded,N,Y,N,2024-02-09,2024-11-27,FormularyManager
FRM002021,PLAN012,46822109163,Jardiance,4,Excluded,N,Y,N,2025-04-21,2026-01-27,FormularyManager
FRM002022,PLAN016,43701205518,Ozempic,4,Covered,N,N,Y,2025-07-30,2027-03-27,FormularyManager
FRM002023,PLAN008,82124250653,Glucophage,3,Covered,Y,Y,N,2024-11-12,2026-07-06,FormularyManager
FRM002024,PLAN004,98611238535,Lexapro,2,Covered,Y,Y,N,2024-04-27,2026-03-09,FormularyManager
FRM002025,PLAN008,21904569624,Wellbutrin,1,Excluded,N,N,N,2024-05-16,2025-06-01,FormularyManager
FRM002026,PLAN010,53358319960,Lantus,3,Covered,N,N,Y,2025-04-25,2026-09-10,FormularyManager
FRM002027,PLAN019,94144432921,Neurontin,5,Covered,N,N,Y,2025-11-20,2027-11-19,FormularyManager
FRM002028,PLAN019,57938753177,Lopressor,4,Non-Preferred,N,N,N,2025-03-15,2026-12-16,FormularyManager
FRM002029,PLAN005,93234720318,Lexapro,2,Excluded,N,N,N,2025-07-04,2026-08-19,FormularyManager
FRM002030,PLAN013,44872908135,Cymbalta,1,Covered,N,Y,Y,2025-03-15,2026-01-16,FormularyManager
FRM002031,PLAN020,20380451050,Prilosec,4,Excluded,N,N,N,2025-06-24,2027-06-11,FormularyManager
FRM002032,PLAN019,44151264671,Humalog,4,Covered,Y,Y,Y,2025-10-20,2026-06-21,FormularyManager
FRM002033,PLAN011,71012800477,Norvasc,1,Excluded,N,N,N,2024-09-11,2026-05-30,FormularyManager
FRM002034,PLAN002,87431285235,Aldactone,2,Non-Preferred,N,Y,N,2026-01-15,2026-12-15,FormularyManager
FRM002035,PLAN008,47499455138,Crestor,4,Covered,N,N,N,2025-12-15,2026-12-28,FormularyManager
FRM002036,PLAN007,21904569624,Wellbutrin,5,Covered,N,N,N,2026-04-11,2027-04-18,FormularyManager
FRM002037,PLAN005,14546502462,Aldactone,1,Non-Preferred,N,N,N,2024-03-24,2026-03-12,FormularyManager
FRM002038,PLAN008,52954526623,Zoloft,3,,N,Y,N,2026-03-24,2027-05-30,FormularyManager
FRM002039,PLAN014,78375177340,Zoloft,3,Covered,N,N,N,2025-09-08,2026-10-26,FormularyManager
FRM002040,PLAN015,39273980031,Vibramycin,2,Non-Preferred,Y,N,N,2026-03-18,2026-10-18,FormularyManager
FRM002041,PLAN007,59002120957,Cozaar,1,Covered,N,N,N,2025-03-31,2026-01-09,FormularyManager
FRM002042,PLAN018,98272669316,Ventolin,2,Covered,N,N,N,2025-07-03,2026-12-15,FormularyManager
FRM002043,PLAN014,37017591044,Jardiance,3,Excluded,N,N,N,2025-08-11,2027-01-11,FormularyManager
FRM002044,PLAN017,47515972719,Cozaar,2,Covered,N,N,N,2026-03-31,2027-01-07,FormularyManager
FRM002045,PLAN009,40427686976,Lipitor,1,Covered,N,Y,N,2025-08-04,2026-11-07,FormularyManager
FRM002046,PLAN016,98558768029,Crestor,5,Covered,N,N,N,2025-02-23,2027-02-11,FormularyManager
FRM002047,PLAN001,69166455424,Lipitor,2,Covered,N,N,N,2026-05-26,2027-05-28,FormularyManager
FRM002048,PLAN010,42969761175,Humalog,4,Covered,N,N,N,2025-04-21,2026-01-01,FormularyManager
FRM002049,PLAN014,40427686976,Lipitor,2,Covered,N,N,N,2025-12-05,2026-12-22,FormularyManager
FRM002050,PLAN020,37986793471,Vibramycin,2,Covered,Y,N,Y,2025-08-25,2027-01-26,FormularyManager
FRM002051,PLAN004,86713966277,Jardiance,1,Non-Preferred,N,N,Y,2024-06-06,2025-11-03,FormularyManager
FRM002052,PLAN013,29268903018,Lasix,5,Covered,N,N,N,2025-09-05,2026-07-13,FormularyManager
FRM002053,PLAN002,77205261342,Prinivil,3,Non-Preferred,N,N,Y,2025-06-19,2026-07-26,FormularyManager
FRM002054,PLAN020,22036487942,Ventolin,3,Covered,Y,N,Y,2024-04-04,2025-02-09,FormularyManager
FRM002055,PLAN006,23809467884,Ozempic,4,Non-Preferred,N,N,N,2026-01-05,2026-08-31,FormularyManager
FRM002056,PLAN016,11616709896,Crestor,3,Non-Preferred,N,N,N,2025-12-08,2027-05-01,FormularyManager
FRM002057,PLAN010,14954435394,Ozempic,3,Covered,N,N,N,2024-10-30,2026-04-30,FormularyManager
FRM002058,PLAN008,63943747887,Synthroid,2,Covered,N,N,Y,2025-06-30,2026-11-18,FormularyManager
FRM002059,PLAN008,53756657133,Neurontin,4,Covered,N,N,Y,2025-08-22,2026-10-28,FormularyManager
FRM002060,PLAN020,63128504045,Lipitor,5,Covered,Y,N,N,2025-09-20,2027-02-12,FormularyManager
FRM002061,PLAN020,67124608759,Lipitor,2,Covered,N,N,Y,2026-03-31,2026-11-25,FormularyManager
FRM002062,PLAN007,19599866643,Crestor,1,Excluded,N,N,N,2024-02-07,2025-10-23,FormularyManager
FRM002063,PLAN018,58349694065,Prozac,3,Covered,N,N,N,2025-06-03,2027-05-13,FormularyManager
FRM002064,PLAN006,52004247373,Eliquis,4,Non-Preferred,N,N,N,2025-03-23,2026-12-28,FormularyManager
FRM002065,PLAN003,73418540749,Cymbalta,2,Covered,Y,N,N,2025-11-23,2027-02-19,FormularyManager
FRM002066,PLAN011,70483244548,Coreg,3,Excluded,N,Y,N,2024-05-27,2025-01-24,FormularyManager
FRM002067,PLAN014,90250181876,Lasix,3,Covered,N,N,Y,2026-02-27,2026-10-05,FormularyManager
FRM002068,PLAN006,59002120957,Cozaar,3,Non-Preferred,N,N,N,2024-12-24,2026-12-19,FormularyManager
FRM002069,PLAN011,17813492685,Wellbutrin,5,Covered,Y,Y,N,2024-11-29,2025-07-29,FormularyManager
FRM002070,PLAN016,83261389024,Synthroid,2,Covered,Y,N,N,2024-02-04,2025-03-14,FormularyManager
FRM002071,PLAN001,57089942274,Cymbalta,1,Excluded,N,N,N,2024-04-11,2025-10-11,FormularyManager
FRM002072,PLAN005,10772533217,Jardiance,1,Covered,N,N,N,2024-09-01,2026-03-11,FormularyManager
FRM002073,PLAN005,62107980910,Lasix,4,Covered,N,Y,N,2025-05-09,2027-04-27,FormularyManager
FRM002074,PLAN007,95394214840,Prozac,5,Covered,N,N,N,2025-02-22,2026-05-11,FormularyManager
FRM002075,PLAN005,95130238512,Microzide,4,Non-Preferred,N,N,N,2025-02-28,2026-07-03,FormularyManager
FRM002076,PLAN013,67213385883,Crestor,5,Covered,N,N,Y,2024-02-08,2026-01-14,FormularyManager
FRM002077,PLAN015,20269556375,Singulair,4,Covered,N,N,N,2025-07-07,2026-12-31,FormularyManager
FRM002078,PLAN014,52155953617,Lopressor,1,Covered,N,N,N,2024-07-27,2026-04-15,FormularyManager
FRM002079,PLAN008,18475573796,Protonix,4,Covered,Y,N,N,2024-01-05,2024-09-07,FormularyManager
FRM002080,PLAN001,38327505360,Lexapro,5,Covered,N,N,N,2026-01-12,2027-06-26,FormularyManager
FRM002081,PLAN012,79715188913,Lantus,5,,N,N,N,2025-05-22,2025-12-05,FormularyManager
FRM002082,PLAN019,78528685790,Neurontin,3,Covered,Y,N,N,2025-02-12,2026-07-31,FormularyManager
FRM002083,PLAN006,63011707032,Ozempic,4,Covered,N,N,N,2025-02-17,2026-12-03,FormularyManager
FRM002084,PLAN011,89305404592,Glucophage,5,Non-Preferred,Y,Y,N,2025-12-12,2027-02-27,FormularyManager
FRM002085,PLAN019,25717847814,Microzide,4,Covered,N,N,Y,2025-04-01,2026-02-21,FormularyManager
FRM002086,PLAN010,84458290728,Humalog,1,Non-Preferred,N,N,N,2026-04-23,2027-12-29,FormularyManager
FRM002087,PLAN003,29233766624,Wellbutrin,1,Covered,N,N,N,2024-10-28,2026-04-25,FormularyManager
FRM002088,PLAN002,69725978984,Lipitor,3,Covered,N,N,N,2025-10-07,2026-09-09,FormularyManager
FRM002089,PLAN016,42969761175,Humalog,4,Covered,N,N,N,2026-04-16,2027-09-06,FormularyManager
FRM002090,PLAN015,94714373929,Januvia,4,Covered,N,N,N,2024-03-25,2024-11-03,FormularyManager
FRM002091,PLAN005,70221820796,Lipitor,2,Covered,Y,N,Y,2026-02-02,2027-11-06,FormularyManager
FRM002092,PLAN017,18475573796,Protonix,5,Covered,N,N,N,2025-03-20,2025-12-11,FormularyManager
FRM002093,PLAN006,73825238231,Lexapro,2,Covered,N,N,N,2024-11-25,2026-02-09,FormularyManager
FRM002094,PLAN005,94421963775,Lipitor,1,Excluded,N,N,N,2024-11-15,2025-10-26,FormularyManager
FRM002095,PLAN019,71431521823,Crestor,1,Covered,N,N,N,2024-09-12,2025-09-06,FormularyManager
FRM002096,PLAN018,36001690590,Microzide,5,Covered,N,N,Y,2026-02-06,2027-01-04,FormularyManager
FRM002097,PLAN015,52258384311,Prinivil,3,Covered,N,N,N,2024-10-13,2025-10-01,FormularyManager
FRM002098,PLAN015,43412851646,Coreg,4,Non-Preferred,Y,N,N,2025-04-10,2026-10-25,FormularyManager
FRM002099,PLAN002,64540939887,Lopressor,3,Non-Preferred,Y,N,N,2026-05-19,2027-12-16,FormularyManager
FRM002100,PLAN009,18199892246,Aldactone,5,Covered,N,N,N,2025-06-18,2026-11-22,FormularyManager
FRM002101,PLAN011,43075554442,Lipitor,4,Covered,N,N,N,2026-02-12,2026-10-19,FormularyManager
FRM002102,PLAN013,85163650917,Protonix,2,Covered,N,N,N,2024-05-15,2025-05-11,FormularyManager
FRM002103,PLAN002,41290491468,Prinivil,3,Covered,N,N,N,2024-02-19,2024-09-15,FormularyManager
FRM002104,PLAN015,21421615389,Lasix,4,Covered,Y,N,N,2026-04-01,2028-02-22,FormularyManager
FRM002105,PLAN002,36527120523,Prilosec,1,Non-Preferred,Y,Y,N,2024-01-13,2025-02-09,FormularyManager
FRM002106,PLAN003,56529194411,Crestor,2,Covered,N,N,N,2026-01-22,2027-04-22,FormularyManager
FRM002107,PLAN018,61102807993,Humalog,2,Covered,N,N,N,2025-10-31,2026-11-09,FormularyManager
FRM002108,PLAN009,24616800293,Prinivil,4,Excluded,N,N,N,2025-07-31,2027-06-19,FormularyManager
FRM002109,PLAN002,58914968790,Plavix,1,Covered,N,N,Y,2026-03-02,2026-11-27,FormularyManager
FRM002110,PLAN009,97815836329,Neurontin,3,Covered,N,Y,N,2026-04-20,2028-04-18,FormularyManager
FRM002111,PLAN009,40773504873,Ozempic,1,Covered,Y,N,N,2024-06-21,2025-07-22,FormularyManager
FRM002112,PLAN013,49834139728,Eliquis,4,Covered,N,N,N,2025-03-08,2026-01-13,FormularyManager
FRM002113,PLAN016,36001690590,Microzide,2,Covered,N,N,N,2025-05-05,2026-12-28,FormularyManager
FRM002114,PLAN017,76582366385,Lantus,2,Covered,N,Y,N,2024-01-11,2024-07-23,FormularyManager
FRM002115,PLAN009,58257248865,Synthroid,3,Covered,N,N,Y,2025-10-25,2026-10-27,FormularyManager
FRM002116,PLAN019,60323145092,Plavix,4,Excluded,N,N,N,2024-10-10,2025-06-28,FormularyManager
FRM002117,PLAN009,24897240235,Neurontin,4,Covered,Y,N,N,2024-04-09,2025-11-03,FormularyManager
FRM002118,PLAN001,28309735158,Aldactone,4,Excluded,N,N,N,2025-12-07,2026-06-26,FormularyManager
FRM002119,PLAN004,65004145763,Januvia,2,Non-Preferred,N,N,N,2025-03-30,2026-08-24,FormularyManager
FRM002120,PLAN008,13367227159,Coreg,4,Covered,Y,N,N,2024-08-20,2025-08-06,FormularyManager
FRM002121,PLAN017,40504965642,Vibramycin,5,Covered,N,N,Y,2025-01-28,2025-10-24,FormularyManager
FRM002122,PLAN018,55296874591,Synthroid,3,Non-Preferred,Y,N,Y,2025-10-25,2027-05-14,FormularyManager
FRM002123,PLAN017,74737938088,Ventolin,1,Covered,N,Y,N,2024-02-13,2025-06-30,FormularyManager
FRM002124,PLAN007,44518564169,Coreg,3,Non-Preferred,N,N,N,2025-05-30,2026-05-21,FormularyManager
FRM002125,PLAN014,40842594127,Eliquis,2,Covered,Y,N,N,2025-11-01,2027-08-03,FormularyManager
FRM002126,PLAN017,79775467157,Crestor,2,Covered,Y,Y,N,2024-10-11,2026-09-23,FormularyManager
FRM002127,PLAN011,63128504045,Lipitor,3,Covered,Y,N,N,2025-06-22,2027-06-02,FormularyManager
FRM002128,PLAN002,54458104234,Singulair,5,Covered,N,Y,N,2026-04-02,2027-10-14,FormularyManager
FRM002129,PLAN015,51269588679,Zoloft,2,Non-Preferred,N,N,Y,2025-09-04,2026-11-08,FormularyManager
FRM002130,PLAN006,77675552758,Lantus,3,Excluded,N,Y,N,2024-07-22,2025-07-09,FormularyManager
FRM002131,PLAN006,14382432019,Lasix,4,Covered,Y,N,N,2024-05-26,2025-04-23,FormularyManager
FRM002132,PLAN009,24897240235,Neurontin,3,Covered,N,N,N,2024-01-29,2024-08-13,FormularyManager
FRM002133,PLAN020,30303185760,Norvasc,1,Covered,Y,N,N,2025-02-17,2026-10-11,FormularyManager
FRM002134,PLAN016,14546502462,Aldactone,3,Covered,N,N,N,2024-02-29,2025-12-19,FormularyManager
FRM002135,PLAN011,42576948965,Lexapro,3,Covered,N,Y,Y,2026-05-13,2027-12-28,FormularyManager
FRM002136,PLAN020,63060557974,Ozempic,5,Covered,N,N,Y,2026-01-17,2027-03-02,FormularyManager
FRM002137,PLAN004,31028872249,Prinivil,5,Covered,N,N,N,2024-06-06,2025-04-27,FormularyManager
FRM002138,PLAN006,29289502522,Protonix,2,Excluded,N,N,N,2025-03-11,2027-01-31,FormularyManager
FRM002139,PLAN017,94421963775,Lipitor,3,Covered,N,N,N,2024-10-19,2025-08-13,FormularyManager
FRM002140,PLAN010,59772579378,Lopressor,2,Covered,N,Y,N,2024-03-17,2025-01-01,FormularyManager
FRM002141,PLAN011,38862821761,Prilosec,2,Covered,N,N,Y,2026-04-29,2027-08-10,FormularyManager
FRM002142,PLAN002,67124608759,Lipitor,2,Covered,N,N,N,2024-08-21,2025-10-03,FormularyManager
FRM002143,PLAN007,62840208185,Crestor,4,Covered,N,N,N,2025-07-12,2026-07-26,FormularyManager
FRM002144,PLAN005,21904569624,Wellbutrin,3,Covered,N,N,N,2024-03-06,2025-10-06,FormularyManager
FRM002145,PLAN018,20380451050,Prilosec,4,Covered,N,N,N,2026-01-04,2026-07-05,FormularyManager
FRM002146,PLAN010,92043205735,Ozempic,4,Excluded,N,N,N,2026-02-01,2027-11-25,FormularyManager
FRM002147,PLAN004,33202515562,Vibramycin,1,Non-Preferred,N,N,N,2025-07-19,2026-07-04,FormularyManager
FRM002148,PLAN008,25353369992,Vibramycin,5,Covered,N,N,N,2025-01-09,2025-08-23,FormularyManager
FRM002149,PLAN018,80550996369,Vibramycin,5,Covered,N,N,N,2025-10-17,2026-06-24,FormularyManager
FRM002150,PLAN005,14752304010,Lexapro,5,Covered,N,N,N,2025-03-27,2026-07-17,FormularyManager
FRM002151,PLAN019,81337865957,Microzide,3,Covered,Y,N,N,2026-02-15,2027-05-07,FormularyManager
FRM002152,PLAN013,20775807220,Ventolin,1,Covered,N,N,Y,2025-01-04,2025-08-16,FormularyManager
FRM002153,PLAN002,86106901629,Singulair,1,Non-Preferred,N,N,N,2024-02-02,2024-11-16,FormularyManager
FRM002154,PLAN018,45654776470,Aldactone,5,Covered,N,N,N,2024-05-22,2025-06-02,FormularyManager
FRM002155,PLAN011,19771699369,Lantus,4,Covered,N,N,N,2024-10-21,2025-07-22,FormularyManager
FRM002156,PLAN004,74909178953,Vibramycin,5,Non-Preferred,N,N,N,2025-12-15,2026-07-07,FormularyManager
FRM002157,PLAN004,87709126031,Wellbutrin,3,Covered,N,N,N,2025-02-03,2026-10-24,FormularyManager
FRM002158,PLAN004,96493569992,Synthroid,5,Non-Preferred,Y,Y,N,2024-11-26,2025-12-30,FormularyManager
FRM002159,PLAN004,24931475984,Cozaar,5,Covered,N,Y,N,2024-09-30,2026-01-08,FormularyManager
FRM002160,PLAN012,80701649845,Lipitor,5,Covered,Y,Y,N,2024-03-10,2026-01-31,FormularyManager
FRM002161,PLAN020,89111529797,Prozac,5,Covered,N,N,N,2025-04-13,2026-11-07,FormularyManager
FRM002162,PLAN011,47220155350,Protonix,1,Covered,N,N,N,2024-12-26,2025-09-24,FormularyManager
FRM002163,PLAN020,22036487942,Ventolin,2,Covered,Y,N,N,2026-03-03,2027-03-16,FormularyManager
FRM002164,PLAN012,12131959374,Prozac,5,Non-Preferred,N,Y,N,2026-05-22,2027-12-25,FormularyManager
FRM002165,PLAN018,33036992193,Lipitor,1,Covered,N,N,N,2024-03-17,2024-11-27,FormularyManager
FRM002166,PLAN003,53358319960,Lantus,2,Covered,Y,N,Y,2024-04-06,2025-01-03,FormularyManager
FRM002167,PLAN016,54458104234,Singulair,4,Non-Preferred,Y,N,N,2024-08-14,2025-03-01,FormularyManager
FRM002168,PLAN011,91237315897,Plavix,4,Covered,N,N,N,2025-10-09,2027-02-24,FormularyManager
FRM002169,PLAN017,48045569225,Crestor,4,Excluded,N,Y,Y,2024-04-25,2025-09-26,FormularyManager
FRM002170,PLAN017,20964366855,Ventolin,1,,Y,N,N,2025-10-01,2027-01-04,FormularyManager
FRM002171,PLAN017,78831371488,Humalog,5,Covered,N,N,N,2024-11-14,2025-12-28,FormularyManager
FRM002172,PLAN005,45869998291,Prilosec,5,Covered,N,Y,N,2026-02-04,2027-06-16,FormularyManager
FRM002173,PLAN002,49300844372,Lipitor,5,Non-Preferred,N,N,N,2025-06-14,2026-12-09,FormularyManager
FRM002174,PLAN013,36001690590,Microzide,3,Covered,Y,N,Y,2025-08-28,2026-03-06,FormularyManager
FRM002175,PLAN012,58584770558,Glucophage,0,Non-Preferred,Y,N,N,2025-09-28,2027-07-05,FormularyManager
FRM002176,PLAN007,34666508457,Norvasc,4,Covered,N,N,N,2026-03-23,2028-02-22,FormularyManager
FRM002177,PLAN016,95394214840,Prozac,3,Covered,N,N,N,2025-10-07,2026-12-14,FormularyManager
FRM002178,PLAN018,99603627774,Synthroid,5,Covered,N,N,N,2024-11-22,2026-03-28,FormularyManager
FRM002179,PLAN011,75769382415,Ventolin,5,Non-Preferred,N,N,N,2026-04-29,2027-08-20,FormularyManager
FRM002180,PLAN019,93234720318,Lexapro,4,Excluded,N,N,N,2025-11-09,2027-08-08,FormularyManager
FRM002181,PLAN017,40604293652,Neurontin,2,Covered,N,N,N,2025-02-08,2026-05-09,FormularyManager
FRM002182,PLAN007,29337582731,Lasix,5,Covered,N,N,Y,2025-11-05,2027-09-11,FormularyManager
FRM002183,PLAN001,74039272223,Prinivil,1,Covered,Y,Y,Y,2025-02-08,2026-02-22,FormularyManager
FRM002184,PLAN001,59778965268,Humalog,1,Covered,N,N,Y,2025-10-02,2027-07-17,FormularyManager
FRM002185,PLAN015,92188700925,Cozaar,2,Covered,Y,N,Y,2026-04-15,2028-04-07,FormularyManager
FRM002186,PLAN003,99532189053,Neurontin,5,Covered,Y,N,Y,2026-05-06,2026-12-28,FormularyManager
FRM002187,PLAN007,78234779957,Microzide,2,Covered,N,N,N,2025-08-15,2027-04-05,FormularyManager
FRM002188,PLAN018,32792508824,Glucophage,5,Covered,N,N,N,2025-10-14,2026-08-26,FormularyManager
FRM002189,PLAN006,98617171442,Lantus,1,Covered,N,Y,N,2025-05-17,2027-04-12,FormularyManager
FRM002190,PLAN017,95762624064,Humalog,1,Covered,Y,N,N,2025-02-28,2025-11-11,FormularyManager
FRM002191,PLAN002,94197527115,Singulair,2,Covered,N,N,Y,2026-05-30,2027-11-07,FormularyManager
FRM002192,PLAN011,98617171442,Lantus,3,Covered,N,N,N,2026-02-02,2027-06-30,FormularyManager
FRM002193,PLAN018,40423439442,Coreg,5,Covered,N,N,N,2025-02-23,2025-09-16,FormularyManager
FRM002194,PLAN017,20309347358,Coreg,2,Excluded,N,N,Y,2024-11-17,2025-10-09,FormularyManager
FRM002195,PLAN004,48045569225,Crestor,2,Covered,N,N,Y,2025-06-06,2026-05-30,FormularyManager
FRM002196,PLAN010,94487791738,Glucophage,1,Covered,N,Y,Y,2025-04-21,2026-04-01,FormularyManager
FRM002197,PLAN019,84799902623,Plavix,3,Covered,N,N,N,2025-07-24,2027-05-14,FormularyManager
FRM002198,PLAN003,37017591044,Jardiance,4,Covered,N,N,N,2026-03-24,2027-07-02,FormularyManager
FRM002199,PLAN004,10394138129,Lantus,2,Covered,N,N,N,2024-04-11,2025-01-16,FormularyManager
FRM002200,PLAN006,98361822465,Lopressor,2,Covered,Y,N,N,2024-04-19,2024-10-20,FormularyManager
FRM002201,PLAN002,67115974246,Lexapro,5,Non-Preferred,N,N,Y,2025-06-01,2026-10-05,FormularyManager
FRM002202,PLAN017,87709126031,Wellbutrin,1,Covered,Y,N,N,2025-02-25,2026-12-16,FormularyManager
FRM002203,PLAN017,55504611813,Vibramycin,3,Excluded,N,N,Y,2024-05-15,2025-10-10,FormularyManager
FRM002204,PLAN004,48045569225,Crestor,4,Covered,Y,N,N,2025-02-11,2026-09-03,FormularyManager
FRM002205,PLAN009,68276196117,Glucophage,2,Covered,N,N,N,2025-05-24,2025-12-12,FormularyManager
FRM002206,PLAN003,48045569225,Crestor,3,Covered,N,N,N,2024-07-15,2026-03-26,FormularyManager
FRM002207,PLAN018,66586455165,UNKNOWN BRAND DRG00865,3,Excluded,N,N,N,2024-03-18,2025-02-18,FormularyManager
FRM002208,PLAN010,98617171442,Lantus,4,Covered,N,N,N,2024-04-05,2025-06-26,FormularyManager
FRM002209,PLAN015,18077751316,Prinivil,1,Covered,N,N,Y,2024-05-11,2025-07-05,FormularyManager
FRM002210,PLAN016,61425622844,Januvia,4,Covered,Y,N,N,2024-08-06,2025-03-28,FormularyManager
FRM002211,PLAN018,33848103692,Prozac,1,Non-Preferred,N,N,N,2025-04-14,2026-11-02,FormularyManager
FRM002212,PLAN008,38862821761,Prilosec,5,Covered,Y,N,N,2024-06-05,2025-11-16,FormularyManager
FRM002213,PLAN011,38384498011,Aldactone,3,Covered,N,N,N,2025-11-11,2027-01-02,FormularyManager
FRM002214,PLAN001,41217651162,Prilosec,2,Excluded,N,N,N,2026-03-03,2026-12-12,FormularyManager
FRM002215,PLAN017,22313207361,Jardiance,5,Covered,N,N,Y,2026-01-20,2026-09-01,FormularyManager
FRM002216,PLAN003,61023340877,Lipitor,4,Excluded,N,N,Y,2026-02-20,2027-07-27,FormularyManager
FRM002217,PLAN016,61516501822,Coreg,1,Non-Preferred,N,N,N,2024-02-10,2025-06-04,FormularyManager
FRM002218,PLAN011,43075554442,Lipitor,5,Covered,N,Y,N,2025-03-01,2026-02-07,FormularyManager
FRM002219,PLAN019,43075554442,Lipitor,2,Covered,N,N,N,2026-04-17,2028-01-13,FormularyManager
FRM002220,PLAN019,76440908482,Lexapro,3,Covered,N,N,N,2026-03-05,2026-11-06,FormularyManager
FRM002221,PLAN007,81214270455,Coreg,3,Covered,N,N,N,2024-08-09,2026-03-18,FormularyManager
FRM002222,PLAN005,20380451050,Prilosec,1,Covered,Y,N,N,2026-05-15,2028-03-14,FormularyManager
FRM002223,PLAN009,80571446571,Norvasc,3,Covered,N,N,N,2025-01-15,2025-10-18,FormularyManager
FRM002224,PLAN017,92387647216,Jardiance,5,Covered,N,N,N,2025-04-02,2027-02-03,FormularyManager
FRM002225,PLAN010,54800139458,Microzide,4,Excluded,N,N,N,2024-07-06,2025-09-04,FormularyManager
FRM002226,PLAN015,15456605232,Prilosec,1,Covered,N,N,N,2025-11-06,2027-05-11,FormularyManager
FRM002227,PLAN004,53358319960,Lantus,3,Covered,Y,N,N,2024-05-08,2025-06-01,FormularyManager
FRM002228,PLAN007,48887377765,Aldactone,2,Covered,N,N,N,2024-07-10,2025-12-31,FormularyManager
FRM002229,PLAN018,93785641343,Lexapro,1,Non-Preferred,Y,N,Y,2025-12-04,2027-04-24,FormularyManager
FRM002230,PLAN012,97358934626,Crestor,2,Covered,Y,N,Y,2024-06-27,2025-08-04,FormularyManager
FRM002231,PLAN001,99338867913,Prinivil,4,Covered,Y,N,N,2024-05-28,2025-03-15,FormularyManager
FRM002232,PLAN006,39023637631,Cymbalta,4,Covered,N,N,N,2025-09-27,2026-09-04,FormularyManager
FRM002233,PLAN020,93381483220,Prilosec,5,Excluded,N,N,N,2025-01-22,2026-11-21,FormularyManager
FRM002234,PLAN016,52550652494,Cymbalta,4,Covered,Y,N,N,2025-10-03,2026-08-03,FormularyManager
FRM002235,PLAN015,97763307131,Glucophage,2,Covered,Y,N,N,2024-01-22,2025-10-02,FormularyManager
FRM002236,PLAN004,92387647216,Jardiance,1,Excluded,N,N,N,2024-05-06,2025-11-05,FormularyManager
FRM002237,PLAN005,44198336110,Humalog,3,Covered,N,N,N,2025-01-02,2026-10-27,FormularyManager
FRM002238,PLAN010,57675334230,Protonix,1,Excluded,N,N,Y,2025-09-02,2026-08-30,FormularyManager
FRM002239,PLAN019,65244152274,Glucophage,4,Covered,N,N,N,2025-12-06,2027-01-26,FormularyManager
FRM002240,PLAN007,39455777027,Lasix,1,Non-Preferred,N,N,N,2025-08-28,2027-08-10,FormularyManager
FRM002241,PLAN013,73078761162,Neurontin,0,Non-Preferred,Y,N,N,2025-10-15,2027-08-29,FormularyManager
FRM002242,PLAN001,54348747469,Cozaar,4,Non-Preferred,Y,N,N,2025-02-10,2026-05-14,FormularyManager
FRM002243,PLAN017,48777918537,Protonix,2,Covered,N,N,N,2026-05-08,2028-04-30,FormularyManager
FRM002244,PLAN010,80571446571,Norvasc,3,Covered,N,Y,N,2024-04-22,2025-05-11,FormularyManager
FRM002245,PLAN013,51730490271,UNKNOWN BRAND DRG00439,3,Non-Preferred,Y,Y,N,2024-05-16,2024-11-27,FormularyManager
FRM002246,PLAN011,73418540749,Cymbalta,1,Excluded,N,N,N,2025-02-05,2026-03-07,FormularyManager
FRM002247,PLAN019,10424211436,Singulair,1,Covered,N,N,N,2024-08-23,2026-02-16,FormularyManager
FRM002248,PLAN014,21889957164,Norvasc,3,Covered,N,N,Y,2025-04-18,2025-11-28,FormularyManager
FRM002249,PLAN017,21128586347,FORMULARY NAME MISMATCH,3,Covered,Y,N,N,2024-12-12,2025-08-24,FormularyManager
FRM002250,PLAN011,48887377765,Aldactone,4,Covered,Y,N,N,2024-02-02,2025-04-26,FormularyManager
FRM002251,PLAN011,63764194169,Jardiance,1,Non-Preferred,Y,N,N,2024-12-31,2026-02-22,FormularyManager
FRM002252,PLAN004,32903672787,Glucophage,1,Covered,N,N,Y,2024-11-26,2026-08-24,FormularyManager
FRM002253,PLAN015,59221259051,Lantus,5,Excluded,Y,Y,N,2024-04-08,2025-05-05,FormularyManager
FRM002254,PLAN005,29702491473,Prilosec,5,Covered,N,N,N,2024-08-01,2025-02-28,FormularyManager
FRM002255,PLAN003,36069903176,Protonix,5,Covered,N,N,Y,2025-07-09,2026-02-04,FormularyManager
FRM002256,PLAN002,68485665817,Lopressor,5,Covered,N,N,N,2024-10-25,2026-07-04,FormularyManager
FRM002257,PLAN016,26703687825,Zoloft,2,Covered,Y,Y,N,2024-01-23,2025-04-20,FormularyManager
FRM002258,PLAN002,84799902623,Plavix,4,Covered,N,Y,N,2024-03-10,2024-10-20,FormularyManager
FRM002259,PLAN008,65812527931,Microzide,5,Covered,N,N,N,2024-02-22,2025-06-24,FormularyManager
FRM002260,PLAN007,76954397631,Microzide,1,Covered,N,N,N,2024-10-24,2025-05-25,FormularyManager
FRM002261,PLAN019,97358934626,Crestor,1,Non-Preferred,N,N,N,2024-10-11,2026-09-10,FormularyManager
FRM002262,PLAN005,61820941754,Wellbutrin,5,Covered,Y,N,N,2025-02-21,2026-06-03,FormularyManager
FRM002263,PLAN010,20858309589,Wellbutrin,5,Covered,N,N,N,2024-07-10,2025-08-29,FormularyManager
FRM002264,PLAN004,77464349998,Eliquis,1,Covered,N,N,N,2024-01-24,2025-09-03,FormularyManager
FRM002265,PLAN008,81276626479,Glucophage,1,Covered,N,N,N,2024-11-21,2026-06-27,FormularyManager
FRM002266,PLAN018,12250369486,Cymbalta,3,Excluded,N,N,N,2026-02-06,2027-01-06,FormularyManager
FRM002267,PLAN001,50540304418,Glucophage,3,Covered,N,N,N,2025-02-08,2026-03-31,FormularyManager
FRM002268,PLAN019,39023637631,Cymbalta,2,Covered,N,N,N,2026-01-19,2026-10-22,FormularyManager
FRM002269,PLAN003,96005568835,Vibramycin,2,Non-Preferred,N,N,N,2025-12-22,2027-02-17,FormularyManager
FRM002270,PLAN006,31054839415,Humalog,4,Covered,N,N,N,2026-04-20,2027-10-04,FormularyManager
FRM002271,PLAN018,74192691278,Prilosec,3,Covered,N,Y,N,2024-12-02,2026-07-20,FormularyManager
FRM002272,PLAN015,38999870858,Jardiance,5,Covered,N,N,N,2024-05-17,2025-05-20,FormularyManager
FRM002273,PLAN017,36285274953,Lasix,1,Covered,N,N,N,2025-09-28,2027-04-09,FormularyManager
FRM002274,PLAN010,47041166680,Jardiance,4,Covered,Y,N,N,2025-09-29,2026-09-26,FormularyManager
FRM002275,PLAN019,57938753177,Lopressor,4,Covered,N,N,N,2024-10-19,2025-04-23,FormularyManager
FRM002276,PLAN020,20379513865,Prilosec,1,Covered,N,Y,N,2025-12-26,2027-03-01,FormularyManager
FRM002277,PLAN013,83490963119,Eliquis,5,Non-Preferred,N,Y,N,2026-03-30,2026-12-21,FormularyManager
FRM002278,PLAN016,20858309589,Wellbutrin,3,Covered,Y,N,N,2024-05-27,2026-03-31,FormularyManager
FRM002279,PLAN005,84799902623,Plavix,3,Excluded,N,N,N,2025-03-01,2026-04-04,FormularyManager
FRM002280,PLAN018,37173563991,Lasix,1,Covered,N,N,Y,2025-02-01,2026-08-04,FormularyManager
FRM002281,PLAN006,25975107640,Wellbutrin,3,Non-Preferred,N,N,N,2026-02-01,2026-12-24,FormularyManager
FRM002282,PLAN004,98610652597,Prinivil,5,Covered,N,Y,N,2025-06-23,2026-01-11,FormularyManager
FRM002283,PLAN007,20662343885,Cozaar,5,Non-Preferred,N,N,N,2024-06-21,2025-02-12,FormularyManager
FRM002284,PLAN006,74618978456,Singulair,2,Covered,N,N,N,2025-04-19,2026-09-22,FormularyManager
FRM002285,PLAN017,99532189053,Neurontin,2,Non-Preferred,N,N,Y,2025-12-11,2027-08-15,FormularyManager
FRM002286,PLAN005,76401628732,Prilosec,4,Covered,Y,N,Y,2024-09-20,2026-09-01,FormularyManager
FRM002287,PLAN015,98953435785,Synthroid,1,Covered,N,N,N,2024-04-14,2025-04-14,FormularyManager
FRM002288,PLAN008,66887309527,Microzide,2,Covered,N,Y,Y,2024-09-09,2026-04-13,FormularyManager
FRM002289,PLAN002,43283388696,Wellbutrin,3,Covered,Y,N,N,2026-04-15,2027-05-04,FormularyManager
FRM002290,PLAN012,98795104473,Vibramycin,5,Covered,N,Y,N,2025-12-11,2026-09-07,FormularyManager
FRM002291,PLAN010,52862954898,Cozaar,5,Covered,N,N,Y,2025-10-08,2026-07-05,FormularyManager
FRM002292,PLAN002,77497673240,Lipitor,1,Non-Preferred,N,Y,Y,2024-07-18,2026-01-05,FormularyManager
FRM002293,PLAN017,70483244548,Coreg,4,Non-Preferred,Y,N,Y,2024-01-01,2024-12-18,FormularyManager
FRM002294,PLAN016,13710490352,Protonix,3,Covered,Y,N,N,2025-12-17,2026-08-14,FormularyManager
FRM002295,PLAN017,51057281520,Singulair,1,Non-Preferred,Y,N,N,2024-12-30,2026-07-21,FormularyManager
FRM002296,PLAN008,77464349998,Eliquis,1,Covered,N,N,Y,2024-06-13,2025-03-12,FormularyManager
FRM002297,PLAN001,36069903176,Protonix,1,Covered,Y,N,Y,2024-08-03,2025-08-03,FormularyManager
FRM002298,PLAN019,47326286219,Lopressor,5,Covered,N,N,N,2024-09-11,2025-09-22,FormularyManager
FRM002299,PLAN007,78627670934,Singulair,1,Covered,N,Y,N,2025-10-30,2027-07-26,FormularyManager
FRM002300,PLAN013,12082289297,Singulair,4,Covered,N,N,Y,2025-08-08,2026-04-20,FormularyManager
FRM002301,PLAN007,98755861361,Prozac,5,Covered,N,N,N,2024-05-17,2026-04-30,FormularyManager
FRM002302,PLAN017,10772533217,Jardiance,4,Non-Preferred,N,N,Y,2026-04-05,2028-02-19,FormularyManager
FRM002303,PLAN003,54154506357,Prozac,2,Excluded,N,N,N,2025-08-03,2026-04-10,FormularyManager
FRM002304,PLAN019,98323115551,Lopressor,5,Covered,N,N,Y,2025-03-28,2025-09-28,FormularyManager
FRM002305,PLAN005,92043205735,Ozempic,4,Covered,Y,N,N,2025-10-11,2026-12-07,FormularyManager
FRM002306,PLAN017,33349215114,Ozempic,1,Excluded,N,N,N,2024-09-08,2026-03-02,FormularyManager
FRM002307,PLAN013,94403244960,Prilosec,4,Covered,N,Y,Y,2024-02-26,2025-10-06,FormularyManager
FRM002308,PLAN018,92608453526,Ozempic,2,Covered,Y,N,N,2024-11-14,2026-03-25,FormularyManager
FRM002309,PLAN010,89789879626,Eliquis,4,Non-Preferred,Y,N,N,2024-04-07,2024-11-06,FormularyManager
FRM002310,PLAN002,12371232115,Ozempic,3,Covered,N,N,Y,2025-12-30,2027-10-30,FormularyManager
FRM002311,PLAN020,73362282174,Protonix,5,Covered,N,N,N,2024-04-13,2024-12-10,FormularyManager
FRM002312,PLAN016,76229411744,Vibramycin,1,Covered,N,N,N,2026-04-09,2027-10-03,FormularyManager
FRM002313,PLAN013,99918121569,Januvia,1,Covered,N,Y,N,2025-02-13,2026-07-25,FormularyManager
FRM002314,PLAN020,97829657184,Eliquis,2,Non-Preferred,N,N,N,2025-12-21,2026-08-27,FormularyManager
FRM002315,PLAN007,49498489686,Eliquis,3,Covered,N,N,N,2026-02-04,2027-07-11,FormularyManager
FRM002316,PLAN007,35251160755,Lopressor,4,Covered,Y,N,Y,2025-05-03,2026-03-08,FormularyManager
FRM002317,PLAN017,93839707777,Prozac,1,Non-Preferred,N,N,N,2024-07-17,2026-05-24,FormularyManager
FRM002318,PLAN015,23817377057,Lexapro,4,Covered,N,N,N,2024-08-01,2025-08-13,FormularyManager
FRM002319,PLAN007,93381483220,Prilosec,4,Covered,N,N,N,2024-05-13,2026-01-07,FormularyManager
FRM002320,PLAN018,39273980031,Vibramycin,2,Non-Preferred,N,N,N,2025-08-16,2026-02-28,FormularyManager
FRM002321,PLAN002,35551800184,Cymbalta,4,Non-Preferred,Y,Y,N,2024-08-05,2025-08-16,FormularyManager
FRM002322,PLAN006,84702528484,Prinivil,5,Covered,N,N,N,2025-06-11,2026-10-22,FormularyManager
FRM002323,PLAN013,66359510772,Januvia,3,Covered,N,N,N,2024-09-01,2026-03-08,FormularyManager
FRM002324,PLAN001,96338320268,Protonix,3,Covered,Y,N,N,2024-12-17,2025-10-25,FormularyManager
FRM002325,PLAN018,92894865154,Januvia,2,Covered,N,N,N,2025-04-14,2026-12-07,FormularyManager
FRM002326,PLAN017,88410610673,Cozaar,2,Covered,N,N,N,2025-05-02,2027-04-11,FormularyManager
FRM002327,PLAN013,66849248677,Coreg,1,Non-Preferred,N,N,N,2025-05-23,2027-04-28,FormularyManager
FRM002328,PLAN010,64532981981,Crestor,2,Non-Preferred,N,N,N,2024-12-19,2025-11-30,FormularyManager
FRM002329,PLAN015,23709808766,Glucophage,4,Covered,Y,Y,N,2025-01-17,2026-09-02,FormularyManager
FRM002330,PLAN009,51465880016,Ozempic,1,Covered,N,N,N,2026-02-07,2026-08-25,FormularyManager
FRM002331,PLAN018,20166640636,Vibramycin,2,Non-Preferred,N,N,N,2024-06-21,2026-05-02,FormularyManager
FRM002332,PLAN014,86832223497,Prinivil,3,Covered,N,Y,Y,2025-06-17,2026-09-12,FormularyManager
FRM002333,PLAN009,85393162035,Lexapro,1,Non-Preferred,N,N,N,2025-01-15,2026-10-31,FormularyManager
FRM002334,PLAN005,12131959374,Prozac,5,Non-Preferred,Y,N,N,2024-02-07,2025-12-28,FormularyManager
FRM002335,PLAN008,73362282174,Protonix,2,Covered,Y,N,Y,2024-09-13,2025-07-21,FormularyManager
FRM002336,PLAN006,22366963895,Neurontin,2,Excluded,N,N,N,2024-01-03,2025-11-02,FormularyManager
FRM002337,PLAN018,29976903633,Coreg,5,Non-Preferred,N,Y,Y,2024-01-14,2024-11-02,FormularyManager
FRM002338,PLAN011,51269588679,Zoloft,4,Covered,N,N,N,2024-05-07,2025-04-11,FormularyManager
FRM002339,PLAN010,39764892488,Synthroid,5,Covered,N,N,N,2024-03-20,2026-03-12,FormularyManager
FRM002340,PLAN008,15501225748,Crestor,4,Non-Preferred,N,N,Y,2025-07-18,2026-09-26,FormularyManager
FRM002341,PLAN012,52954526623,Zoloft,3,Non-Preferred,N,Y,N,2025-07-21,2027-03-29,FormularyManager
FRM002342,PLAN013,41577281759,Glucophage,1,Non-Preferred,N,N,N,2025-10-04,2027-01-14,FormularyManager
FRM002343,PLAN007,81569427757,Wellbutrin,5,Covered,Y,N,N,2026-05-22,2027-12-15,FormularyManager
FRM002344,PLAN016,11492597998,Prozac,2,Non-Preferred,N,N,N,2025-04-16,2026-08-22,FormularyManager
FRM002345,PLAN020,94092112525,Neurontin,1,Non-Preferred,N,N,N,2025-03-07,2025-12-25,FormularyManager
FRM002346,PLAN010,19307837771,Protonix,3,Covered,Y,N,N,2024-12-23,2025-12-14,FormularyManager
FRM002347,PLAN004,67080423748,Lantus,4,Covered,N,N,Y,2024-08-21,2026-01-10,FormularyManager
FRM002348,PLAN005,49501356011,Lopressor,3,Non-Preferred,N,Y,N,2025-11-06,2027-04-09,FormularyManager
FRM002349,PLAN009,66961165235,Crestor,1,Covered,N,N,N,2025-11-09,2026-11-12,FormularyManager
FRM002350,PLAN016,12371232115,Ozempic,3,Covered,N,N,N,2025-09-04,2026-06-15,FormularyManager
FRM002351,PLAN001,59783584950,Humalog,5,Covered,N,N,N,2025-06-18,2025-12-31,FormularyManager
FRM002352,PLAN016,94423237054,Coreg,1,Covered,N,N,N,2026-02-10,2027-08-25,FormularyManager
FRM002353,PLAN020,54154506357,Prozac,4,Covered,N,Y,N,2024-01-29,2024-11-09,FormularyManager
FRM002354,PLAN002,64532981981,Crestor,2,Covered,N,N,N,2025-10-28,2027-08-01,FormularyManager
FRM002355,PLAN008,63166657868,Ozempic,4,Covered,N,N,N,2025-01-13,2026-12-02,FormularyManager
FRM002356,PLAN017,12734859910,Lantus,2,Non-Preferred,Y,N,N,2024-05-01,2025-07-09,FormularyManager
FRM002357,PLAN017,13289945916,Plavix,4,Covered,N,N,N,2024-01-04,2025-07-13,FormularyManager
FRM002358,PLAN010,71237921960,Wellbutrin,2,Covered,Y,N,N,2024-01-18,2024-11-01,FormularyManager
FRM002359,PLAN004,40427686976,Lipitor,4,Non-Preferred,N,N,N,2024-03-12,2025-09-07,FormularyManager
FRM002360,PLAN013,42969761175,Humalog,4,Covered,N,N,N,2024-01-16,2024-11-28,FormularyManager
FRM002361,PLAN019,25951181670,Prilosec,4,Covered,N,Y,N,2024-12-30,2026-07-04,FormularyManager
FRM002362,PLAN018,76401628732,Prilosec,1,Covered,N,N,Y,2025-03-25,2027-01-03,FormularyManager
FRM002363,PLAN013,96682671088,Humalog,3,Covered,Y,Y,N,2025-11-09,2026-05-12,FormularyManager
FRM002364,PLAN001,78632194752,Prinivil,3,Covered,N,N,N,2025-05-24,2027-03-25,FormularyManager
FRM002365,PLAN017,64647425595,Wellbutrin,2,Covered,N,N,N,2025-01-03,2026-10-06,FormularyManager
FRM002366,PLAN010,56356748535,Cozaar,1,Non-Preferred,N,N,N,2024-09-14,2025-10-10,FormularyManager
FRM002367,PLAN020,81636446371,Lipitor,4,Excluded,N,N,N,2024-12-07,2026-08-03,FormularyManager
FRM002368,PLAN004,94423237054,Coreg,5,Covered,N,N,N,2025-03-20,2027-03-02,FormularyManager
FRM002369,PLAN016,40504965642,Vibramycin,2,Covered,N,N,N,2025-12-12,2027-07-29,FormularyManager
FRM002370,PLAN011,47958975815,Lipitor,3,Covered,Y,N,N,2024-02-26,2025-04-08,FormularyManager
FRM002371,PLAN017,50389239682,Ozempic,5,Covered,N,N,Y,2025-12-14,2026-10-07,FormularyManager
FRM002372,PLAN015,33167573583,Norvasc,5,Covered,N,N,N,2024-12-12,2026-02-27,FormularyManager
FRM002373,PLAN014,60036280484,Ventolin,4,Covered,N,Y,N,2024-09-04,2026-02-09,FormularyManager
FRM002374,PLAN018,13954840715,Ventolin,3,Excluded,Y,N,N,2025-08-19,2026-12-16,FormularyManager
FRM002375,PLAN014,22951612888,Eliquis,1,Covered,N,N,N,2025-02-10,2026-12-08,FormularyManager
FRM002376,PLAN002,23709808766,Glucophage,2,Non-Preferred,N,N,Y,2025-08-08,2027-07-21,FormularyManager
FRM002377,PLAN013,88995939535,Ventolin,4,Non-Preferred,N,N,Y,2024-06-15,2025-02-23,FormularyManager
FRM002378,PLAN006,97921429156,Lexapro,1,Excluded,Y,N,N,2025-10-16,2027-01-09,FormularyManager
FRM002379,PLAN012,64075701520,Jardiance,4,Covered,N,N,N,2025-06-30,2026-11-17,FormularyManager
FRM002380,PLAN015,38299381624,Singulair,2,Covered,N,N,N,2025-07-29,2026-12-31,FormularyManager
FRM002381,PLAN019,47734931755,Norvasc,4,Non-Preferred,Y,N,Y,2024-05-31,2025-07-13,FormularyManager
FRM002382,PLAN008,83483861176,Cymbalta,3,Covered,N,Y,Y,2024-08-03,2025-09-03,FormularyManager
FRM002383,PLAN006,74794323539,Aldactone,4,Covered,N,N,N,2026-05-02,2027-09-09,FormularyManager
FRM002384,PLAN011,91771545572,Jardiance,2,Covered,N,N,N,2025-04-10,2026-09-24,FormularyManager
FRM002385,PLAN014,18139712589,Eliquis,4,Covered,Y,N,N,2025-01-29,2026-01-03,FormularyManager
FRM002386,PLAN018,36069903176,Protonix,4,Covered,N,N,N,2024-10-14,2026-05-07,FormularyManager
FRM002387,PLAN010,46826465747,Lexapro,3,,N,N,N,2025-04-11,2025-12-01,FormularyManager
FRM002388,PLAN014,41577281759,Glucophage,5,Covered,N,Y,N,2024-11-10,2025-05-15,FormularyManager
FRM002389,PLAN008,95394474535,Cymbalta,1,Covered,Y,N,Y,2024-09-15,2026-08-29,FormularyManager
FRM002390,PLAN001,26331939675,Ventolin,2,Covered,N,N,N,2025-08-21,2027-06-04,FormularyManager
FRM002391,PLAN008,63166657868,Ozempic,1,Covered,N,N,Y,2026-05-06,2027-08-31,FormularyManager
FRM002392,PLAN010,85163650917,Protonix,4,Covered,N,N,N,2025-09-30,2026-05-24,FormularyManager
FRM002393,PLAN009,62842687164,Ozempic,1,Covered,N,N,N,2024-07-30,2026-02-04,FormularyManager
FRM002394,PLAN007,85393162035,Lexapro,3,Non-Preferred,N,N,N,2024-07-18,2026-06-26,FormularyManager
FRM002395,PLAN014,38443858993,Lipitor,4,Covered,N,N,Y,2026-04-02,2027-09-29,FormularyManager
FRM002396,PLAN010,52812397130,Ozempic,4,Covered,N,N,N,2025-07-16,2027-06-18,FormularyManager
FRM002397,PLAN020,60055684146,Neurontin,4,Covered,N,Y,N,2025-10-05,2026-09-18,FormularyManager
FRM002398,PLAN001,42368965233,Zoloft,1,Covered,Y,N,N,2024-11-06,2026-08-04,FormularyManager
FRM002399,PLAN006,26059713727,Lexapro,4,Covered,Y,N,N,2025-11-28,2026-10-10,FormularyManager
FRM002400,PLAN018,74970912325,Prozac,2,Covered,N,N,N,2026-03-09,2027-09-12,FormularyManager
FRM002401,PLAN014,54705453523,Aldactone,3,Covered,N,N,N,2025-08-18,2027-08-09,FormularyManager
FRM002402,PLAN007,43111470329,Vibramycin,4,Covered,Y,N,N,2026-01-06,2027-12-09,FormularyManager
FRM002403,PLAN007,96012885450,Wellbutrin,1,Excluded,N,Y,N,2025-01-01,2026-06-15,FormularyManager
FRM002404,PLAN010,50593972260,Januvia,2,Covered,N,N,N,2026-04-14,2027-08-09,FormularyManager
FRM002405,PLAN012,60036280484,Ventolin,1,Non-Preferred,N,N,Y,2025-09-26,2027-06-13,FormularyManager
FRM002406,PLAN004,10394138129,Lantus,3,Covered,N,N,N,2026-03-09,2027-08-09,FormularyManager
FRM002407,PLAN005,48104454958,Neurontin,2,Covered,Y,Y,N,2026-05-26,2026-12-27,FormularyManager
FRM002408,PLAN007,78677417938,Eliquis,3,Covered,N,N,N,2024-03-09,2025-01-22,FormularyManager
FRM002409,PLAN007,15456605232,Prilosec,2,Covered,Y,N,Y,2025-05-26,2026-08-25,FormularyManager
FRM002410,PLAN005,73812149827,Aldactone,5,Non-Preferred,N,N,N,2024-10-01,2026-01-13,FormularyManager
FRM002411,PLAN008,44211207023,UNKNOWN BRAND DRG00834,4,Covered,N,N,Y,2024-05-25,2025-06-16,FormularyManager
FRM002412,PLAN019,20393586211,Januvia,2,Covered,N,N,Y,2024-09-20,2025-08-25,FormularyManager
FRM002413,PLAN004,50461794847,Cozaar,5,Covered,N,N,N,2025-10-08,2027-08-07,FormularyManager
FRM002414,PLAN008,43283388696,Wellbutrin,3,Covered,N,N,Y,2026-04-03,2027-02-10,FormularyManager
FRM002415,PLAN016,35021253272,Januvia,5,Covered,N,N,N,2024-03-23,2026-02-11,FormularyManager
FRM002416,PLAN002,64075701520,Jardiance,5,Covered,Y,Y,N,2025-09-03,2026-11-18,FormularyManager
FRM002417,PLAN012,52258384311,Prinivil,2,Covered,N,N,N,2025-08-29,2026-10-17,FormularyManager
FRM002418,PLAN017,25092429310,Jardiance,4,Non-Preferred,N,N,N,2025-08-24,2026-03-09,FormularyManager
FRM002419,PLAN012,56758128355,Lasix,5,Covered,N,N,N,2025-12-24,2027-07-27,FormularyManager
FRM002420,PLAN002,20379513865,Prilosec,2,Covered,N,N,N,2025-10-04,2026-09-20,FormularyManager
FRM002421,PLAN010,45395582883,Prinivil,3,Covered,Y,N,N,2024-12-24,2025-12-04,FormularyManager
FRM002422,PLAN003,43701205518,Ozempic,2,Covered,Y,N,Y,2024-01-17,2025-03-02,FormularyManager
FRM002423,PLAN001,37423653148,Lasix,2,Covered,N,N,N,2026-03-20,2028-02-29,FormularyManager
FRM002424,PLAN018,27539452320,Eliquis,1,Covered,N,N,N,2026-03-19,2026-09-17,FormularyManager
FRM002425,PLAN006,13889195769,Coreg,3,Covered,N,N,Y,2024-02-21,2025-09-24,FormularyManager
FRM002426,PLAN017,60407576377,Singulair,3,Covered,N,Y,N,2025-12-05,2027-06-28,FormularyManager
FRM002427,PLAN003,80251520484,Humalog,3,Excluded,N,N,N,2025-01-29,2025-08-01,FormularyManager
FRM002428,PLAN019,59760482618,Humalog,4,Covered,N,N,Y,2024-03-27,2025-04-13,FormularyManager
FRM002429,PLAN010,80158561493,Prinivil,3,Covered,N,N,N,2024-07-13,2026-07-02,FormularyManager
FRM002430,PLAN010,37173563991,Lasix,2,Covered,N,N,N,2024-05-21,2025-01-29,FormularyManager
FRM002431,PLAN015,15426453054,Zoloft,5,Covered,N,N,Y,2025-09-15,2027-08-02,FormularyManager
FRM002432,PLAN004,33745564480,Prozac,1,Covered,N,N,Y,2025-07-20,2027-06-03,FormularyManager
FRM002433,PLAN009,81267869985,Aldactone,6,Covered,Y,N,N,2025-04-25,2026-01-12,FormularyManager
FRM002434,PLAN019,26670320788,Aldactone,2,Covered,N,N,N,2024-07-14,2025-04-12,FormularyManager
FRM002435,PLAN020,18475573796,Protonix,3,Non-Preferred,N,N,N,2024-06-23,2026-05-31,FormularyManager
FRM002436,PLAN010,85163650917,Protonix,3,Non-Preferred,N,N,N,2025-11-11,2026-10-27,FormularyManager
FRM002437,PLAN016,45869998291,Prilosec,2,Covered,N,N,Y,2024-04-22,2026-03-01,FormularyManager
FRM002438,PLAN013,99698815592,Norvasc,5,Excluded,N,N,Y,2024-06-24,2025-05-14,FormularyManager
FRM002439,PLAN020,10207597398,Ozempic,2,Excluded,N,N,N,2025-11-19,2026-11-16,FormularyManager
FRM002440,PLAN008,89013673320,Norvasc,4,Covered,Y,N,N,2026-01-20,2027-04-22,FormularyManager
FRM002441,PLAN015,38655593381,Singulair,3,Covered,N,N,Y,2024-11-03,2026-06-13,FormularyManager
FRM002442,PLAN008,71609142040,Plavix,3,Non-Preferred,N,N,N,2025-11-02,2027-02-04,FormularyManager
FRM002443,PLAN008,42327533412,Norvasc,5,Covered,N,N,Y,2024-04-25,2026-03-26,FormularyManager
FRM002444,PLAN011,53756657133,Neurontin,3,Covered,Y,Y,N,2024-05-16,2025-09-20,FormularyManager
FRM002445,PLAN008,98037118876,Lantus,1,Covered,Y,N,N,2024-01-22,2024-09-18,FormularyManager
FRM002446,PLAN003,93243253281,Synthroid,1,Covered,N,N,Y,2025-09-08,2027-05-10,FormularyManager
FRM002447,PLAN015,97815836329,Neurontin,1,Covered,N,N,N,2024-11-16,2025-08-17,FormularyManager
FRM002448,PLAN006,87180850251,Microzide,3,Non-Preferred,N,N,N,2025-09-20,2027-06-20,FormularyManager
FRM002449,PLAN008,42883174115,Zoloft,1,Covered,Y,Y,N,2025-12-08,2026-11-25,FormularyManager
FRM002450,PLAN012,14420419723,Microzide,2,Covered,N,Y,N,2025-09-28,2027-02-13,FormularyManager
FRM002451,PLAN016,82051876664,Cozaar,4,Covered,Y,N,N,2025-02-01,2025-10-21,FormularyManager
FRM002452,PLAN018,73825238231,Lexapro,3,Non-Preferred,Y,N,N,2025-08-03,2026-02-26,FormularyManager
FRM002453,PLAN006,94487791738,Glucophage,3,Covered,N,N,N,2025-11-17,2026-07-08,FormularyManager
FRM002454,PLAN006,14612321460,Singulair,1,Covered,Y,N,N,2024-08-26,2026-03-17,FormularyManager
FRM002455,PLAN012,10731878875,Lasix,2,Covered,N,N,Y,2024-11-14,2026-07-08,FormularyManager
FRM002456,PLAN007,91227369073,Singulair,2,Non-Preferred,N,N,N,2025-11-03,2026-11-24,FormularyManager
FRM002457,PLAN018,41367605024,Prilosec,4,Covered,Y,N,N,2026-03-29,2027-06-04,FormularyManager
FRM002458,PLAN020,37929930922,Prinivil,5,Covered,N,N,N,2025-09-08,2026-09-27,FormularyManager
FRM002459,PLAN002,97242993023,Norvasc,4,Covered,N,N,N,2024-12-24,2026-03-01,FormularyManager
FRM002460,PLAN014,88687101335,Norvasc,1,Covered,N,N,N,2024-10-02,2026-04-28,FormularyManager
FRM002461,PLAN017,86890799081,Norvasc,1,Non-Preferred,N,N,N,2024-05-11,2024-12-12,FormularyManager
FRM002462,PLAN007,68995759668,Ventolin,1,Non-Preferred,N,N,N,2026-04-16,2026-10-25,FormularyManager
FRM002463,PLAN007,92131319328,Plavix,3,Excluded,Y,N,Y,2025-01-19,2026-07-19,FormularyManager
FRM002464,PLAN005,78627670934,Singulair,4,Covered,N,N,Y,2024-04-18,2024-10-19,FormularyManager
FRM002465,PLAN014,90122185551,Januvia,5,Covered,N,Y,N,2024-08-17,2026-01-27,FormularyManager
FRM002466,PLAN015,52155953617,Lopressor,5,Covered,N,N,N,2026-04-20,2027-04-26,FormularyManager
FRM002467,PLAN015,76954397631,Microzide,1,Non-Preferred,N,N,N,2026-03-02,2027-04-13,FormularyManager
FRM002468,PLAN017,48777918537,Protonix,3,Excluded,Y,N,Y,2024-08-25,2026-03-22,FormularyManager
FRM002469,PLAN015,91237315897,Plavix,2,Non-Preferred,N,N,N,2024-10-05,2026-10-01,FormularyManager
FRM002470,PLAN014,80033254784,Wellbutrin,1,Covered,Y,Y,N,2024-11-17,2026-02-14,FormularyManager
FRM002471,PLAN011,56529194411,Crestor,5,Excluded,Y,N,N,2025-01-11,2025-11-26,FormularyManager
FRM002472,PLAN016,79510138828,Lasix,5,Covered,N,N,N,2025-01-27,2025-09-09,FormularyManager
FRM002473,PLAN005,61023340877,Lipitor,1,Covered,N,N,Y,2025-04-08,2025-10-11,FormularyManager
FRM002474,PLAN004,41290491468,Prinivil,1,Covered,Y,Y,N,2025-05-04,2026-02-11,FormularyManager
FRM002475,PLAN014,14432106343,Microzide,5,Covered,Y,N,N,2024-02-08,2025-04-05,FormularyManager
FRM002476,PLAN006,76373444921,Aldactone,1,Excluded,N,N,N,2025-12-01,2026-07-07,FormularyManager
FRM002477,PLAN003,35516352970,Cymbalta,3,Non-Preferred,N,N,N,2025-02-19,2026-06-13,FormularyManager
FRM002478,PLAN011,88410610673,Cozaar,5,Covered,Y,N,N,2024-05-18,2025-02-19,FormularyManager
FRM002479,PLAN010,77497673240,Lipitor,5,Covered,Y,N,N,2024-04-13,2025-07-24,FormularyManager
FRM002480,PLAN006,69240639616,Ozempic,1,Covered,N,N,N,2024-10-04,2026-09-30,FormularyManager
FRM002481,PLAN003,15035164887,Glucophage,2,Non-Preferred,Y,N,N,2024-02-04,2024-11-03,FormularyManager
FRM002482,PLAN011,78211193483,UNKNOWN BRAND DRG00226,2,Covered,N,Y,N,2024-05-16,2025-10-12,FormularyManager
FRM002483,PLAN017,10731878875,Lasix,4,Covered,N,N,Y,2024-09-02,2026-01-03,FormularyManager
FRM002484,PLAN018,69398255036,Vibramycin,3,Excluded,Y,N,N,2025-09-15,2027-03-20,FormularyManager
FRM002485,PLAN003,98617171442,Lantus,1,Covered,N,Y,N,2024-04-26,2025-04-27,FormularyManager
FRM002486,PLAN012,77205261342,Prinivil,3,Covered,N,N,N,2024-06-12,2026-05-23,FormularyManager
FRM002487,PLAN019,37677228163,Prilosec,4,Non-Preferred,N,N,N,2025-03-27,2026-01-23,FormularyManager
FRM002488,PLAN001,59221259051,Lantus,1,Covered,N,N,N,2025-10-10,2026-05-08,FormularyManager
FRM002489,PLAN011,40026109670,Lasix,1,Covered,N,N,N,2024-04-05,2025-03-15,FormularyManager
FRM002490,PLAN017,86150728282,Zoloft,3,Covered,N,Y,N,2026-02-07,2026-09-10,FormularyManager
FRM002491,PLAN007,47326286219,Lopressor,4,Non-Preferred,N,Y,N,2024-09-30,2026-01-12,FormularyManager
FRM002492,PLAN001,88756957596,Cymbalta,3,Covered,N,N,N,2025-01-08,2026-09-06,FormularyManager
FRM002493,PLAN008,18987102928,Plavix,4,Non-Preferred,Y,N,N,2024-08-30,2026-02-07,FormularyManager
FRM002494,PLAN008,14420419723,Microzide,4,Covered,N,N,N,2024-11-03,2026-03-08,FormularyManager
FRM002495,PLAN011,38112790984,Neurontin,5,Covered,N,N,Y,2025-10-02,2027-06-02,FormularyManager
FRM002496,PLAN011,65966563490,Ozempic,5,Covered,Y,Y,N,2025-09-24,2027-08-27,FormularyManager
FRM002497,PLAN011,43111470329,Vibramycin,4,Covered,Y,Y,N,2024-07-09,2026-02-01,FormularyManager
FRM002498,PLAN003,95759671235,Lipitor,5,Covered,N,N,N,2026-04-20,2027-10-15,FormularyManager
FRM002499,PLAN003,43873981962,Wellbutrin,1,Covered,N,N,N,2025-11-15,2027-10-01,FormularyManager
FRM002500,PLAN006,19606146745,Microzide,2,Covered,Y,N,N,2024-03-20,2025-09-18,FormularyManager
FRM_DUP00001,PLAN020,23338670584,Lasix,1,Covered,N,N,N,2026-04-04,2027-11-26,FormularyManager
FRM_DUP00002,PLAN008,95046320178,Singulair,5,Covered,N,N,N,2024-07-20,2026-03-12,FormularyManager
FRM_DUP00003,PLAN002,67115974246,Lexapro,3,Non-Preferred,Y,N,N,2025-01-14,2026-04-24,FormularyManager
FRM_DUP00004,PLAN006,66961165235,Crestor,1,Covered,N,N,N,2024-05-06,2025-08-01,FormularyManager
FRM_DUP00005,PLAN017,70483244548,Coreg,4,Non-Preferred,Y,N,Y,2024-01-01,2024-12-18,FormularyManager
FRM_DUP00006,PLAN005,13245368747,Norvasc,2,Covered,N,N,N,2025-02-06,2026-02-19,FormularyManager
FRM_DUP00007,PLAN020,73362282174,Protonix,5,Covered,N,N,N,2024-04-13,2024-12-10,FormularyManager
FRM_DUP00008,PLAN009,97815836329,Neurontin,3,Covered,N,Y,N,2026-04-20,2028-04-18,FormularyManager
FRM_DUP00009,PLAN019,76440908482,Lexapro,3,Covered,N,N,N,2026-03-05,2026-11-06,FormularyManager
FRM_DUP00010,PLAN020,94092112525,Neurontin,1,Non-Preferred,N,N,N,2025-03-07,2025-12-25,FormularyManager
FRM_DUP00011,PLAN014,20972530362,Cymbalta,5,Covered,N,N,Y,2024-05-04,2024-11-19,FormularyManager
FRM_DUP00012,PLAN015,66961165235,Crestor,2,Covered,Y,N,N,2025-11-21,2026-12-29,FormularyManager
FRM_DUP00013,PLAN011,99706788130,Coreg,1,Covered,N,N,N,2026-02-17,2026-12-23,FormularyManager
FRM_DUP00014,PLAN012,92945796828,Lopressor,2,Covered,N,N,Y,2026-04-07,2026-10-18,FormularyManager
FRM_DUP00015,PLAN009,68276196117,Glucophage,2,Covered,N,N,N,2025-05-24,2025-12-12,FormularyManager
FRM_DUP00016,PLAN020,55753696537,Zoloft,1,Covered,N,N,N,2025-03-13,2027-02-09,FormularyManager
FRM_DUP00017,PLAN018,32792508824,Glucophage,4,Non-Preferred,N,N,N,2025-10-17,2026-05-05,FormularyManager
FRM_DUP00018,PLAN002,86106901629,Singulair,1,Non-Preferred,N,N,N,2024-02-02,2024-11-16,FormularyManager
FRM_DUP00019,PLAN001,40071538725,Cozaar,5,Covered,N,N,N,2026-05-10,2027-07-13,FormularyManager
FRM_DUP00020,PLAN001,98795104473,Vibramycin,2,Covered,N,N,N,2026-01-14,2027-12-19,FormularyManager
FRM_OVR00001,PLAN004,36069903176,Protonix,1,Excluded,Y,N,N,2024-04-03,2024-12-19,FormularyManager
FRM_OVR00002,PLAN009,24069146482,Lopressor,4,Non-Preferred,N,N,N,2024-06-17,2026-01-05,FormularyManager
FRM_OVR00003,PLAN005,32444678260,Humalog,5,Covered,Y,N,N,2025-12-07,2027-01-17,FormularyManager
FRM_OVR00004,PLAN005,72708515673,Plavix,2,Non-Preferred,N,N,N,2024-06-21,2025-09-14,FormularyManager
FRM_OVR00005,PLAN014,50389239682,Ozempic,2,Covered,N,N,N,2025-11-11,2027-12-19,FormularyManager
FRM_OVR00006,PLAN002,12250369486,Cymbalta,4,Non-Preferred,N,N,N,2024-05-06,2026-02-14,FormularyManager
FRM_OVR00007,PLAN020,81636446371,Lipitor,4,Excluded,N,N,N,2025-01-06,2026-11-01,FormularyManager
FRM_OVR00008,PLAN016,79510138828,Lasix,5,Covered,N,N,N,2025-02-26,2025-12-08,FormularyManager
FRM_OVR00009,PLAN002,69725978984,Lipitor,3,Covered,N,N,N,2025-11-06,2026-12-08,FormularyManager
FRM_OVR00010,PLAN018,31559714166,Lantus,2,Non-Preferred,N,N,N,2025-10-13,2026-12-30,FormularyManager
FRM_OVR00011,PLAN015,19989783912,Januvia,5,Covered,N,N,N,2025-04-10,2026-01-01,FormularyManager
FRM_OVR00012,PLAN020,68430498393,Ozempic,3,Covered,N,N,Y,2026-06-08,2028-05-25,FormularyManager
FRM_OVR00013,PLAN020,69245100276,Cymbalta,2,Non-Preferred,Y,Y,Y,2024-10-14,2026-08-14,FormularyManager
FRM_OVR00014,PLAN010,67141494586,Neurontin,3,Excluded,N,N,N,2024-12-28,2026-06-14,FormularyManager
FRM_OVR00015,PLAN001,63116718685,Prilosec,5,Non-Preferred,N,N,N,2025-12-27,2027-02-13,FormularyManager
FRM_OVR00016,PLAN003,26411345874,Prozac,5,Covered,N,N,N,2026-01-21,2028-01-14,FormularyManager
FRM_OVR00017,PLAN004,96959249363,Cymbalta,5,Covered,N,Y,N,2025-08-09,2027-02-15,FormularyManager
FRM_OVR00018,PLAN018,73825238231,Lexapro,3,Non-Preferred,Y,N,N,2025-09-02,2026-05-27,FormularyManager
FRM_OVR00019,PLAN019,91227369073,Singulair,5,Covered,N,N,N,2024-03-13,2025-09-16,FormularyManager
FRM_OVR00020,PLAN018,57323670373,Neurontin,2,Covered,Y,N,Y,2024-09-21,2026-09-16,FormularyManager
FRM_OVR00021,PLAN002,63128504045,Lipitor,4,Non-Preferred,N,N,N,2025-04-06,2026-08-08,FormularyManager
FRM_OVR00022,PLAN018,33667709457,Protonix,3,Covered,N,N,N,2025-08-21,2026-09-12,FormularyManager
FRM_OVR00023,PLAN001,36069903176,Protonix,1,Covered,Y,N,N,2025-12-16,2026-12-14,FormularyManager
FRM_OVR00024,PLAN012,41217651162,Prilosec,3,Covered,N,N,N,2025-04-27,2027-04-20,FormularyManager
FRM_OVR00025,PLAN001,23817377057,Lexapro,1,Excluded,Y,N,N,2024-05-05,2025-04-09,FormularyManager
